candidate_id	term	candidate_kind	extraction_method	paper_count	occurrences	levels	level_distribution	task_labels	domain_tags	risk_flags	noise_flags	wordhood_score	year_distribution	paper_ids	source_level	status
a8e71a9538b0b124e7f8	一体化	cross_paper_discovery	bounded_chinese_ngram_maximal_repeat	6	6	2;3	"{""1"":0,""2"":6,""3"":4}"	程序审查	{'confidence': 0.1, 'domain': 'unrouted', 'evidence_source': 'keyword', 'evidence_span': '一体化处罚观', 'label_origin': 'machine_inferred', 'routing_only': True, 'source_level': 'B'}			3.4	"{""2023"":9,""2025"":1}"	FXZZ202302010;FXZZ202309004;FXZZ202310005;FXZZ202311003;FXZZ202311004;FXZZ202501004	A1/A2	pending_human_review
159e850becf2a589635e	一定的程	cross_paper_discovery	bounded_chinese_ngram_maximal_repeat	2	2	2	"{""1"":0,""2"":2,""3"":0}"	程序审查;规范依据	{'confidence': 0.1, 'domain': 'unrouted', 'evidence_source': 'keyword', 'evidence_span': '利益衡量', 'label_origin': 'machine_inferred', 'routing_only': True, 'source_level': 'B'}		internal_fragment	1.0	"{""2023"":2}"	FXZZ202301005;FXZZ202312003	A1/A2	pending_human_review
cf7cecb5ffc785c792c4	一致性	cross_paper_discovery	bounded_chinese_ngram_maximal_repeat	4	4	1;2	"{""1"":1,""2"":4,""3"":0}"		{'confidence': 0.1, 'domain': 'unrouted', 'evidence_source': 'keyword', 'evidence_span': '合目的性改革', 'label_origin': 'machine_inferred', 'routing_only': True, 'source_level': 'B'};{'confidence': 0.72, 'domain': '合同法', 'evidence_source': 'keyword', 'evidence_span': '惩罚性违约金', 'label_origin': 'machine_inferred', 'routing_only': True, 'source_level': 'B'}		internal_fragment	2.133333	"{""2023"":3,""2024"":2}"	FXZZ202301004;FXZZ202304007;FXZZ202403009;FXZZ202404008	A1/A2	pending_human_review
8d2be45b063e98e5cec7	一般公共	cross_paper_discovery	bounded_chinese_ngram_maximal_repeat	2	2	2;3	"{""1"":0,""2"":1,""3"":1}"		{'confidence': 0.1, 'domain': 'unrouted', 'evidence_source': 'keyword', 'evidence_span': '利益衡量', 'label_origin': 'machine_inferred', 'routing_only': True, 'source_level': 'B'};{'confidence': 0.66, 'domain': '比较法', 'evidence_source': 'keyword', 'evidence_span': '国际投资协定', 'label_origin': 'machine_inferred', 'routing_only': True, 'source_level': 'B'}		internal_fragment	1.0	"{""2023"":1,""2024"":1}"	FXZZ202301005;FXZZ202407012	A1/A2	pending_human_review
fbe23424d041bfe99668	一般性	cross_paper_discovery	bounded_chinese_ngram_maximal_repeat	3	3	1;2	"{""1"":1,""2"":2,""3"":0}"		{'confidence': 0.1, 'domain': 'unrouted', 'evidence_source': 'keyword', 'evidence_span': '利益衡量', 'label_origin': 'machine_inferred', 'routing_only': True, 'source_level': 'B'}		internal_fragment	1.833333	"{""2023"":3}"	FXZZ202301005;FXZZ202304007;FXZZ202309009	A1/A2	pending_human_review
f89d682564608a1dd42c	一般情	cross_paper_discovery	bounded_chinese_ngram_maximal_repeat	2	2	2	"{""1"":0,""2"":2,""3"":0}"		{'confidence': 0.1, 'domain': 'unrouted', 'evidence_source': 'keyword', 'evidence_span': '税收争议解决', 'label_origin': 'machine_inferred', 'routing_only': True, 'source_level': 'B'};{'confidence': 0.66, 'domain': '比较法', 'evidence_source': 'keyword', 'evidence_span': '国际税收协调', 'label_origin': 'machine_inferred', 'routing_only': True, 'source_level': 'B'};{'confidence': 0.68, 'domain': '程序法', 'evidence_source': 'keyword', 'evidence_span': '相互协商程序', 'label_origin': 'machine_inferred', 'routing_only': True, 'source_level': 'B'};{'confidence': 0.76, 'domain': '仲裁法', 'evidence_source': 'keyword', 'evidence_span': '税收仲裁', 'label_origin': 'machine_inferred', 'routing_only': True, 'source_level': 'B'}		internal_fragment	1.333334	"{""2023"":1,""2024"":1}"	FXZZ202304013;FXZZ202404010	A1/A2	pending_human_review
a23cda2b529afde75190	一般意义	cross_paper_discovery	bounded_chinese_ngram_maximal_repeat	2	2	2;3	"{""1"":0,""2"":1,""3"":2}"		{'confidence': 0.1, 'domain': 'unrouted', 'evidence_source': 'keyword', 'evidence_span': '受害人故意', 'label_origin': 'machine_inferred', 'routing_only': True, 'source_level': 'B'};{'confidence': 0.68, 'domain': '侵权责任', 'evidence_source': 'keyword', 'evidence_span': '无权代理人责任', 'label_origin': 'machine_inferred', 'routing_only': True, 'source_level': 'B'}		internal_fragment	0.833333	"{""2023"":1,""2024"":2}"	FXZZ202301010;FXZZ202407013	A1/A2	pending_human_review
bbe27292d454b06d62e3	一般条款	cross_paper_discovery	bounded_chinese_ngram_maximal_repeat	3	3	1;2;3	"{""1"":4,""2"":7,""3"":3}"		{'confidence': 0.1, 'domain': 'unrouted', 'evidence_source': 'keyword', 'evidence_span': '适度干预', 'label_origin': 'machine_inferred', 'routing_only': True, 'source_level': 'B'}		internal_fragment	1.044643	"{""2023"":14}"	FXZZ202301012;FXZZ202303008;FXZZ202309005	A1/A2	pending_human_review
a50b618d3f7dedb2ec04	一般法	cross_paper_discovery	bounded_chinese_ngram_maximal_repeat	2	2	2;3	"{""1"":0,""2"":2,""3"":2}"	规范依据	{'confidence': 0.1, 'domain': 'unrouted', 'evidence_source': 'keyword', 'evidence_span': '双边冲突规则', 'label_origin': 'machine_inferred', 'routing_only': True, 'source_level': 'B'};{'confidence': 0.68, 'domain': '程序法', 'evidence_source': 'keyword', 'evidence_span': '程序问题', 'label_origin': 'machine_inferred', 'routing_only': True, 'source_level': 'B'}		internal_fragment	1.000001	"{""2023"":1,""2024"":3}"	FXZZ202308012;FXZZ202401008	A1/A2	pending_human_review
1c66478728446912d6fc	一般过失	cross_paper_discovery	bounded_chinese_ngram_maximal_repeat	2	2	2;3	"{""1"":0,""2"":1,""3"":3}"		{'confidence': 0.1, 'domain': 'unrouted', 'evidence_source': 'keyword', 'evidence_span': '因果关系', 'label_origin': 'machine_inferred', 'routing_only': True, 'source_level': 'B'}		internal_fragment;low_wordhood_score	0.7	"{""2023"":4}"	FXZZ202304008;FXZZ202305006	A1/A2	pending_human_review
de0a5187f68812a42bf9	三种模式	cross_paper_discovery	bounded_chinese_ngram_maximal_repeat	2	2	1;2	"{""1"":1,""2"":1,""3"":0}"		{'confidence': 0.1, 'domain': 'unrouted', 'evidence_source': 'keyword', 'evidence_span': '从宽处罚', 'label_origin': 'machine_inferred', 'routing_only': True, 'source_level': 'B'}		generic_container;internal_fragment	1.0	"{""2023"":2}"	FXZZ202305006;FXZZ202311009	A1/A2	pending_human_review
3dbe7fc7d4463e2609f0	三阶段	cross_paper_discovery	bounded_chinese_ngram_maximal_repeat	2	2	2	"{""1"":0,""2"":2,""3"":0}"	制度构建;证据证明	{'confidence': 0.1, 'domain': 'unrouted', 'evidence_source': 'keyword', 'evidence_span': '平台用工', 'label_origin': 'machine_inferred', 'routing_only': True, 'source_level': 'B'};{'confidence': 0.68, 'domain': '程序法', 'evidence_source': 'keyword', 'evidence_span': '检察公益诉讼', 'label_origin': 'machine_inferred', 'routing_only': True, 'source_level': 'B'}		internal_fragment	1.333334	"{""2023"":1,""2026"":1}"	FXZZ202306011;FXZZ202607003	A1/A2	pending_human_review
034c457393a5483eb7b1	专门性证据	cross_paper_discovery	bounded_chinese_ngram_maximal_repeat	2	2	2;3	"{""1"":0,""2"":1,""3"":1}"	证据证明	{'confidence': 0.1, 'domain': 'unrouted', 'evidence_source': 'keyword', 'evidence_span': '惩罚机制', 'label_origin': 'machine_inferred', 'routing_only': True, 'source_level': 'B'};{'confidence': 0.68, 'domain': '程序法', 'evidence_source': 'keyword', 'evidence_span': '检察公益诉讼', 'label_origin': 'machine_inferred', 'routing_only': True, 'source_level': 'B'}		internal_fragment	0.8	"{""2023"":1,""2026"":1}"	FXZZ202309011;FXZZ202607003	A1/A2	pending_human_review
5010e1f401934461d56b	业犯罪	cross_paper_discovery	bounded_chinese_ngram_maximal_repeat	3	3	1;2;3	"{""1"":3,""2"":1,""3"":2}"	制度构建;程序审查	{'confidence': 0.1, 'domain': 'unrouted', 'evidence_source': 'keyword', 'evidence_span': '刑法保障', 'label_origin': 'machine_inferred', 'routing_only': True, 'source_level': 'B'}		internal_fragment	1.5	"{""2023"":6}"	FXZZ202301007;FXZZ202302010;FXZZ202307007	A1/A2	pending_human_review
f4bb36dd13e73fdbe818	业经营	cross_paper_discovery	bounded_chinese_ngram_maximal_repeat	2	2	2;3	"{""1"":0,""2"":1,""3"":4}"		{'confidence': 0.1, 'domain': 'unrouted', 'evidence_source': 'keyword', 'evidence_span': '关联型合规', 'label_origin': 'machine_inferred', 'routing_only': True, 'source_level': 'B'}		internal_fragment	1.066667	"{""2023"":5}"	FXZZ202312006;FXZZ202312010	A1/A2	pending_human_review
f19facd8cd4b8249ad6d	两个结合	cross_paper_discovery	bounded_chinese_ngram_maximal_repeat	2	2	1;2	"{""1"":2,""2"":1,""3"":0}"		{'confidence': 0.1, 'domain': 'unrouted', 'evidence_source': 'keyword', 'evidence_span': '数字正义', 'label_origin': 'machine_inferred', 'routing_only': True, 'source_level': 'B'}			0.833333	"{""2024"":3}"	FXZZ202401002;FXZZ202405002	A1/A2	pending_human_review
5b1fe95f22a9957abde4	严格限制	cross_paper_discovery	bounded_chinese_ngram_maximal_repeat	3	3	2;3	"{""1"":0,""2"":1,""3"":2}"		{'confidence': 0.1, 'domain': 'unrouted', 'evidence_source': 'keyword', 'evidence_span': '除名之诉', 'label_origin': 'machine_inferred', 'routing_only': True, 'source_level': 'B'};{'confidence': 0.66, 'domain': '比较法', 'evidence_source': 'keyword', 'evidence_span': '国际高标准经贸规则', 'label_origin': 'machine_inferred', 'routing_only': True, 'source_level': 'B'}		internal_fragment	1.375	"{""2023"":1,""2024"":2}"	FXZZ202303007;FXZZ202406012;FXZZ202412005	A1/A2	pending_human_review
4094b8fdc4db612ac0b1	个人信息	cross_paper_discovery	bounded_chinese_ngram_maximal_repeat	11	11	1;2;3	"{""1"":16,""2"":24,""3"":8}"	制度构建;程序审查;规范依据	{'confidence': 0.1, 'domain': 'unrouted', 'evidence_source': 'keyword', 'evidence_span': '法律定义', 'label_origin': 'machine_inferred', 'routing_only': True, 'source_level': 'B'};{'confidence': 0.68, 'domain': '侵权责任', 'evidence_source': 'keyword', 'evidence_span': '法人单独责任', 'label_origin': 'machine_inferred', 'routing_only': True, 'source_level': 'B'};{'confidence': 0.68, 'domain': '程序法', 'evidence_source': 'keyword', 'evidence_span': '诉讼权利', 'label_origin': 'machine_inferred', 'routing_only': True, 'source_level': 'B'};{'confidence': 0.72, 'domain': '合同法', 'evidence_source': 'keyword', 'evidence_span': '任意解除权', 'label_origin': 'machine_inferred', 'routing_only': True, 'source_level': 'B'}		internal_fragment	3.7675	"{""2023"":37,""2024"":11}"	FXZZ202304009;FXZZ202306005;FXZZ202306006;FXZZ202309004;FXZZ202311006;FXZZ202311010;FXZZ202312010;FXZZ202403002;FXZZ202403003;FXZZ202403007;FXZZ202412005	A1/A2	pending_human_review
617d91397d4528289ed3	个人信息保护	cross_paper_discovery	bounded_chinese_ngram_maximal_repeat	4	4	1;2;3	"{""1"":5,""2"":5,""3"":1}"	制度构建;规范依据	{'confidence': 0.1, 'domain': 'unrouted', 'evidence_source': 'keyword', 'evidence_span': '法律定义', 'label_origin': 'machine_inferred', 'routing_only': True, 'source_level': 'B'};{'confidence': 0.68, 'domain': '程序法', 'evidence_source': 'keyword', 'evidence_span': '诉讼权利', 'label_origin': 'machine_inferred', 'routing_only': True, 'source_level': 'B'};{'confidence': 0.72, 'domain': '合同法', 'evidence_source': 'keyword', 'evidence_span': '合同自由', 'label_origin': 'machine_inferred', 'routing_only': True, 'source_level': 'B'}		internal_fragment;lexical_support	0.969697	"{""2023"":11}"	FXZZ202304009;FXZZ202306006;FXZZ202311006;FXZZ202311010	A1/A2	pending_human_review
a75280eda9e033fde4ad	个人信息保护	legal_pattern	config_legal_pattern	4	4	1;2;3	"{""1"":5,""2"":1,""3"":1}"	制度构建;规范依据	{'confidence': 0.1, 'domain': 'unrouted', 'evidence_source': 'keyword', 'evidence_span': '法律定义', 'label_origin': 'machine_inferred', 'routing_only': True, 'source_level': 'B'};{'confidence': 0.68, 'domain': '程序法', 'evidence_source': 'keyword', 'evidence_span': '诉讼权利', 'label_origin': 'machine_inferred', 'routing_only': True, 'source_level': 'B'};{'confidence': 0.72, 'domain': '合同法', 'evidence_source': 'keyword', 'evidence_span': '合同自由', 'label_origin': 'machine_inferred', 'routing_only': True, 'source_level': 'B'}				"{""2023"":7}"	FXZZ202304009;FXZZ202306006;FXZZ202311006;FXZZ202311010	A1/A2	pending_human_review
040998f8466544bb9e77	个人信息处理	cross_paper_discovery	bounded_chinese_ngram_maximal_repeat	2	2	2;3	"{""1"":0,""2"":2,""3"":1}"		{'confidence': 0.1, 'domain': 'unrouted', 'evidence_source': 'keyword', 'evidence_span': '多元立法模式', 'label_origin': 'machine_inferred', 'routing_only': True, 'source_level': 'B'}		internal_fragment;low_wordhood_score	0.666666	"{""2023"":3}"	FXZZ202311006;FXZZ202312010	A1/A2	pending_human_review
cf922c7c7027fb8a809f	个人信息权	cross_paper_discovery	bounded_chinese_ngram_maximal_repeat	2	2	1;2	"{""1"":1,""2"":2,""3"":0}"		{'confidence': 0.1, 'domain': 'unrouted', 'evidence_source': 'keyword', 'evidence_span': '多元立法模式', 'label_origin': 'machine_inferred', 'routing_only': True, 'source_level': 'B'}		internal_fragment;low_wordhood_score	0.733333	"{""2023"":1,""2024"":2}"	FXZZ202311006;FXZZ202403002	A1/A2	pending_human_review
a955d73a4daf0f581905	个人数据	cross_paper_discovery	bounded_chinese_ngram_maximal_repeat	3	3	1;2;3	"{""1"":7,""2"":11,""3"":4}"	权利救济;程序审查;规范依据	{'confidence': 0.1, 'domain': 'unrouted', 'evidence_source': 'keyword', 'evidence_span': '数据自决权', 'label_origin': 'machine_inferred', 'routing_only': True, 'source_level': 'B'}		internal_fragment	0.978261	"{""2023"":9,""2024"":13}"	FXZZ202301003;FXZZ202302009;FXZZ202404005	A1/A2	pending_human_review
194933cfed2e916f61d5	个人数据权利	legal_pattern	config_legal_pattern	2	2	1;2	"{""1"":3,""2"":5,""3"":0}"	规范依据	{'confidence': 0.1, 'domain': 'unrouted', 'evidence_source': 'keyword', 'evidence_span': '数据自决权', 'label_origin': 'machine_inferred', 'routing_only': True, 'source_level': 'B'}				"{""2023"":7,""2024"":1}"	FXZZ202301003;FXZZ202404005	A1/A2	pending_human_review
38ad0e86a62b77318bb7	个人数据权利体系	cross_paper_discovery	bounded_chinese_ngram_maximal_repeat	2	2	1;2;3	"{""1"":2,""2"":4,""3"":1}"		{'confidence': 0.1, 'domain': 'unrouted', 'evidence_source': 'keyword', 'evidence_span': '数据自决权', 'label_origin': 'machine_inferred', 'routing_only': True, 'source_level': 'B'}		generic_container;internal_fragment;low_wordhood_score	0.339286	"{""2023"":6,""2024"":1}"	FXZZ202301003;FXZZ202404005	A1/A2	pending_human_review
40214ceaed5b53caa004	个人数据的利用	cross_paper_discovery	bounded_chinese_ngram_maximal_repeat	2	2	2;3	"{""1"":0,""2"":1,""3"":1}"	权利救济;规范依据	{'confidence': 0.1, 'domain': 'unrouted', 'evidence_source': 'keyword', 'evidence_span': '数据自决权', 'label_origin': 'machine_inferred', 'routing_only': True, 'source_level': 'B'}		internal_fragment;low_wordhood_score	0.5	"{""2023"":1,""2024"":1}"	FXZZ202301003;FXZZ202404005	A1/A2	pending_human_review
71cc58d6f393c5ffd3e1	个人的数据	cross_paper_discovery	bounded_chinese_ngram_maximal_repeat	2	2	2;3	"{""1"":0,""2"":2,""3"":1}"		{'confidence': 0.1, 'domain': 'unrouted', 'evidence_source': 'keyword', 'evidence_span': '数据自决权', 'label_origin': 'machine_inferred', 'routing_only': True, 'source_level': 'B'}		internal_fragment;low_wordhood_score	0.733333	"{""2023"":2,""2024"":1}"	FXZZ202301003;FXZZ202404005	A1/A2	pending_human_review
3b56d7b1a9adfad1d9d2	个人自	cross_paper_discovery	bounded_chinese_ngram_maximal_repeat	2	2	2;3	"{""1"":0,""2"":1,""3"":2}"	法律后果	{'confidence': 0.1, 'domain': 'unrouted', 'evidence_source': 'keyword', 'evidence_span': '数据自决权', 'label_origin': 'machine_inferred', 'routing_only': True, 'source_level': 'B'}		internal_fragment	1.000001	"{""2023"":1,""2024"":2}"	FXZZ202301003;FXZZ202404005	A1/A2	pending_human_review
3aab25a0144e6ea8796d	个人隐私	cross_paper_discovery	bounded_chinese_ngram_maximal_repeat	2	2	2;3	"{""1"":0,""2"":2,""3"":2}"		{'confidence': 0.1, 'domain': 'unrouted', 'evidence_source': 'keyword', 'evidence_span': '“科学的”立法', 'label_origin': 'machine_inferred', 'routing_only': True, 'source_level': 'B'}		internal_fragment	0.916667	"{""2024"":4}"	FXZZ202401003;FXZZ202404005	A1/A2	pending_human_review
c1d09d4b1b066d59b38d	中的权利	legal_pattern	config_legal_pattern	3	3	1;2	"{""1"":3,""2"":1,""3"":0}"	程序审查	{'confidence': 0.1, 'domain': 'unrouted', 'evidence_source': 'keyword', 'evidence_span': '“避风港”规则', 'label_origin': 'machine_inferred', 'routing_only': True, 'source_level': 'B'};{'confidence': 0.68, 'domain': '程序法', 'evidence_source': 'keyword', 'evidence_span': '正当程序', 'label_origin': 'machine_inferred', 'routing_only': True, 'source_level': 'B'}				"{""2023"":2,""2024"":2}"	FXZZ202307009;FXZZ202403003;FXZZ202407003	A1/A2	pending_human_review
d4f4c287beb7d034f3ed	主义无法	cross_paper_discovery	bounded_chinese_ngram_maximal_repeat	2	2	2;3	"{""1"":0,""2"":1,""3"":1}"		{'confidence': 0.1, 'domain': 'unrouted', 'evidence_source': 'keyword', 'evidence_span': '参与分配', 'label_origin': 'machine_inferred', 'routing_only': True, 'source_level': 'B'}		internal_fragment	1.0	"{""2023"":2}"	FXZZ202301009;FXZZ202310003	A1/A2	pending_human_review
0537af0d418673a08672	主义法	cross_paper_discovery	bounded_chinese_ngram_maximal_repeat	4	4	1;2	"{""1"":5,""2"":12,""3"":0}"	制度构建;规范依据	{'confidence': 0.1, 'domain': 'unrouted', 'evidence_source': 'keyword', 'evidence_span': '合目的性改革', 'label_origin': 'machine_inferred', 'routing_only': True, 'source_level': 'B'}		internal_fragment	1.529411	"{""2023"":2,""2024"":12,""2026"":3}"	FXZZ202301004;FXZZ202306001;FXZZ202401002;FXZZ202607001	A1/A2	pending_human_review
808ad7dadf4b4a1ece59	主义法治	cross_paper_discovery	bounded_chinese_ngram_maximal_repeat	3	3	1;2	"{""1"":5,""2"":11,""3"":0}"	制度构建	{'confidence': 0.1, 'domain': 'unrouted', 'evidence_source': 'keyword', 'evidence_span': '重大创新', 'label_origin': 'machine_inferred', 'routing_only': True, 'source_level': 'B'}		internal_fragment	0.9375	"{""2023"":1,""2024"":12,""2026"":3}"	FXZZ202306001;FXZZ202401002;FXZZ202607001	A1/A2	pending_human_review
595b71ad62f522341971	主体性	cross_paper_discovery	bounded_chinese_ngram_maximal_repeat	3	3	1;2	"{""1"":1,""2"":2,""3"":0}"		{'confidence': 0.1, 'domain': 'unrouted', 'evidence_source': 'keyword', 'evidence_span': '科技宪法', 'label_origin': 'machine_inferred', 'routing_only': True, 'source_level': 'B'}		internal_fragment	1.833333	"{""2023"":3}"	FXZZ202302004;FXZZ202305002;FXZZ202309002	A1/A2	pending_human_review
5a28b8ef9526208af180	主体结构	cross_paper_discovery	bounded_chinese_ngram_maximal_repeat	2	2	2	"{""1"":0,""2"":2,""3"":0}"		{'confidence': 0.1, 'domain': 'unrouted', 'evidence_source': 'keyword', 'evidence_span': '多元立法模式', 'label_origin': 'machine_inferred', 'routing_only': True, 'source_level': 'B'}		internal_fragment	1.0	"{""2023"":1,""2024"":1}"	FXZZ202311006;FXZZ202405011	A1/A2	pending_human_review
ee548af0c45253ee5702	主体范	cross_paper_discovery	bounded_chinese_ngram_maximal_repeat	2	2	2	"{""1"":0,""2"":2,""3"":0}"		{'confidence': 0.1, 'domain': 'unrouted', 'evidence_source': 'keyword', 'evidence_span': '共同行为', 'label_origin': 'machine_inferred', 'routing_only': True, 'source_level': 'B'}		internal_fragment	1.333334	"{""2023"":1,""2024"":1}"	FXZZ202302011;FXZZ202412006	A1/A2	pending_human_review
53e31984e00308b14bc1	主体资	cross_paper_discovery	bounded_chinese_ngram_maximal_repeat	2	2	2	"{""1"":0,""2"":2,""3"":0}"	程序审查	{'confidence': 0.1, 'domain': 'unrouted', 'evidence_source': 'keyword', 'evidence_span': '惩罚机制', 'label_origin': 'machine_inferred', 'routing_only': True, 'source_level': 'B'}		internal_fragment	1.333334	"{""2023"":2}"	FXZZ202309011;FXZZ202310005	A1/A2	pending_human_review
440adea8077cd95614fa	主体间	cross_paper_discovery	bounded_chinese_ngram_maximal_repeat	3	3	1;2;3	"{""1"":1,""2"":4,""3"":1}"	规范依据	{'confidence': 0.1, 'domain': 'unrouted', 'evidence_source': 'keyword', 'evidence_span': '不法原因给付', 'label_origin': 'machine_inferred', 'routing_only': True, 'source_level': 'B'};{'confidence': 0.66, 'domain': '比较法', 'evidence_source': 'keyword', 'evidence_span': '国际投资协定', 'label_origin': 'machine_inferred', 'routing_only': True, 'source_level': 'B'}		internal_fragment	1.5	"{""2023"":4,""2024"":2}"	FXZZ202311008;FXZZ202401003;FXZZ202407012	A1/A2	pending_human_review
8afb931f534d2df6a703	主动性	cross_paper_discovery	bounded_chinese_ngram_maximal_repeat	4	4	1;2	"{""1"":1,""2"":4,""3"":0}"	制度构建	{'confidence': 0.1, 'domain': 'unrouted', 'evidence_source': 'keyword', 'evidence_span': '立法模', 'label_origin': 'machine_inferred', 'routing_only': True, 'source_level': 'B'};{'confidence': 0.68, 'domain': '侵权责任', 'evidence_source': 'keyword', 'evidence_span': '法人单独责任', 'label_origin': 'machine_inferred', 'routing_only': True, 'source_level': 'B'}		internal_fragment	2.399999	"{""2023"":2,""2024"":3}"	FXZZ202304003;FXZZ202403007;FXZZ202406013;FXZZ202407005	A1/A2	pending_human_review
014d35a8ebbb4eda805b	主客观	cross_paper_discovery	bounded_chinese_ngram_maximal_repeat	2	2	2	"{""1"":0,""2"":2,""3"":0}"		{'confidence': 0.1, 'domain': 'unrouted', 'evidence_source': 'keyword', 'evidence_span': '体系解释', 'label_origin': 'machine_inferred', 'routing_only': True, 'source_level': 'B'};{'confidence': 0.66, 'domain': '规范理论', 'evidence_source': 'keyword', 'evidence_span': '规范保护目的', 'label_origin': 'machine_inferred', 'routing_only': True, 'source_level': 'B'}		internal_fragment	1.333334	"{""2023"":2}"	FXZZ202308006;FXZZ202311002	A1/A2	pending_human_review
2c9cfd2291cefc7bb3c7	主控制	cross_paper_discovery	bounded_chinese_ngram_maximal_repeat	2	2	3	"{""1"":0,""2"":0,""3"":2}"		{'confidence': 0.1, 'domain': 'unrouted', 'evidence_source': 'keyword', 'evidence_span': '犯罪情节', 'label_origin': 'machine_inferred', 'routing_only': True, 'source_level': 'B'};{'confidence': 0.68, 'domain': '程序法', 'evidence_source': 'keyword', 'evidence_span': '核准程序', 'label_origin': 'machine_inferred', 'routing_only': True, 'source_level': 'B'}		internal_fragment	1.333334	"{""2023"":1,""2024"":1}"	FXZZ202307005;FXZZ202403003	A1/A2	pending_human_review
3b28d0092767d89a6078	主要功能	cross_paper_discovery	bounded_chinese_ngram_maximal_repeat	2	2	1;2	"{""1"":1,""2"":1,""3"":0}"	制度构建	{'confidence': 0.1, 'domain': 'unrouted', 'evidence_source': 'keyword', 'evidence_span': '税收公平', 'label_origin': 'machine_inferred', 'routing_only': True, 'source_level': 'B'}		internal_fragment	0.875	"{""2023"":1,""2024"":1}"	FXZZ202305012;FXZZ202401006	A1/A2	pending_human_review
32809f0feef3ff900355	主要学说	cross_paper_discovery	bounded_chinese_ngram_maximal_repeat	2	2	2	"{""1"":0,""2"":2,""3"":0}"		{'confidence': 0.1, 'domain': 'unrouted', 'evidence_source': 'keyword', 'evidence_span': '法条竞合', 'label_origin': 'machine_inferred', 'routing_only': True, 'source_level': 'B'}		internal_fragment	1.0	"{""2023"":2}"	FXZZ202303004;FXZZ202307008	A1/A2	pending_human_review
ac1bd69f6cd3aa0ac37a	主要表现	cross_paper_discovery	bounded_chinese_ngram_maximal_repeat	2	2	1	"{""1"":2,""2"":0,""3"":0}"		{'confidence': 0.1, 'domain': 'unrouted', 'evidence_source': 'keyword', 'evidence_span': '合宪性控制', 'label_origin': 'machine_inferred', 'routing_only': True, 'source_level': 'B'};{'confidence': 0.68, 'domain': '程序法', 'evidence_source': 'keyword', 'evidence_span': '诉讼要件', 'label_origin': 'machine_inferred', 'routing_only': True, 'source_level': 'B'}		internal_fragment;low_wordhood_score	0.75	"{""2023"":1,""2024"":1}"	FXZZ202308003;FXZZ202401010	A1/A2	pending_human_review
4e3180875996686546b0	主要问题	cross_paper_discovery	bounded_chinese_ngram_maximal_repeat	2	2	1;2	"{""1"":1,""2"":2,""3"":0}"		{'confidence': 0.1, 'domain': 'unrouted', 'evidence_source': 'keyword', 'evidence_span': '刑法保障', 'label_origin': 'machine_inferred', 'routing_only': True, 'source_level': 'B'}		function_fragment	0.833333	"{""2023"":3}"	FXZZ202301007;FXZZ202311007	A1/A2	pending_human_review
b8f11d4300e27375d56b	主观故意	cross_paper_discovery	bounded_chinese_ngram_maximal_repeat	2	2	2;3	"{""1"":0,""2"":1,""3"":3}"	构成要件;证据证明	{'confidence': 0.1, 'domain': 'unrouted', 'evidence_source': 'keyword', 'evidence_span': '共同行为', 'label_origin': 'machine_inferred', 'routing_only': True, 'source_level': 'B'}		internal_fragment	0.875	"{""2023"":3,""2024"":1}"	FXZZ202302011;FXZZ202412013	A1/A2	pending_human_review
0789ffb021ee2fcc2599	主观要	cross_paper_discovery	bounded_chinese_ngram_maximal_repeat	5	5	2;3	"{""1"":0,""2"":4,""3"":1}"	制度构建;构成要件	{'confidence': 0.1, 'domain': 'unrouted', 'evidence_source': 'keyword', 'evidence_span': '共同行为', 'label_origin': 'machine_inferred', 'routing_only': True, 'source_level': 'B'};{'confidence': 0.66, 'domain': '规范理论', 'evidence_source': 'keyword', 'evidence_span': '规范保护目的', 'label_origin': 'machine_inferred', 'routing_only': True, 'source_level': 'B'}		internal_fragment	2.833334	"{""2023"":4,""2026"":1}"	FXZZ202302011;FXZZ202305006;FXZZ202308006;FXZZ202310013;FXZZ202607008	A1/A2	pending_human_review
b44b0a67e3433561db3f	主观要件	cross_paper_discovery	bounded_chinese_ngram_maximal_repeat	3	3	2	"{""1"":0,""2"":3,""3"":0}"	制度构建;构成要件	{'confidence': 0.1, 'domain': 'unrouted', 'evidence_source': 'keyword', 'evidence_span': '共同行为', 'label_origin': 'machine_inferred', 'routing_only': True, 'source_level': 'B'}			1.375	"{""2023"":2,""2026"":1}"	FXZZ202302011;FXZZ202305006;FXZZ202607008	A1/A2	pending_human_review
1533ffd55b512ecccf2c	主观要求	cross_paper_discovery	bounded_chinese_ngram_maximal_repeat	2	2	2;3	"{""1"":0,""2"":1,""3"":1}"		{'confidence': 0.1, 'domain': 'unrouted', 'evidence_source': 'keyword', 'evidence_span': '体系解释', 'label_origin': 'machine_inferred', 'routing_only': True, 'source_level': 'B'};{'confidence': 0.66, 'domain': '规范理论', 'evidence_source': 'keyword', 'evidence_span': '规范保护目的', 'label_origin': 'machine_inferred', 'routing_only': True, 'source_level': 'B'}		internal_fragment	1.0	"{""2023"":2}"	FXZZ202308006;FXZZ202310013	A1/A2	pending_human_review
4cb430ffca6846156b1c	举证责任	cross_paper_discovery	bounded_chinese_ngram_maximal_repeat	3	3	1;2;3	"{""1"":1,""2"":1,""3"":1}"	证据证明	{'confidence': 0.1, 'domain': 'unrouted', 'evidence_source': 'keyword', 'evidence_span': '疑点排除', 'label_origin': 'machine_inferred', 'routing_only': True, 'source_level': 'B'};{'confidence': 0.68, 'domain': '程序法', 'evidence_source': 'keyword', 'evidence_span': '检察公益诉讼', 'label_origin': 'machine_inferred', 'routing_only': True, 'source_level': 'B'}		internal_fragment	1.5	"{""2024"":2,""2026"":1}"	FXZZ202404010;FXZZ202412004;FXZZ202607003	A1/A2	pending_human_review
90d464d0e72a57232107	义务	legal_term	config_legal_term_longest_match	35	35	1;2;3	"{""1"":16,""2"":49,""3"":23}"	制度构建;程序审查;规范依据;证据证明	{'confidence': 0.1, 'domain': 'unrouted', 'evidence_source': 'keyword', 'evidence_span': '法律运作', 'label_origin': 'machine_inferred', 'routing_only': True, 'source_level': 'B'};{'confidence': 0.66, 'domain': '规范理论', 'evidence_source': 'keyword', 'evidence_span': '规范保护目的', 'label_origin': 'machine_inferred', 'routing_only': True, 'source_level': 'B'};{'confidence': 0.68, 'domain': '侵权责任', 'evidence_source': 'keyword', 'evidence_span': '无权代理人责任', 'label_origin': 'machine_inferred', 'routing_only': True, 'source_level': 'B'};{'confidence': 0.68, 'domain': '程序法', 'evidence_source': 'keyword', 'evidence_span': '诉讼权利', 'label_origin': 'machine_inferred', 'routing_only': True, 'source_level': 'B'};{'confidence': 0.72, 'domain': '合同法', 'evidence_source': 'keyword', 'evidence_span': '合同解释', 'label_origin': 'machine_inferred', 'routing_only': True, 'source_level': 'B'}				"{""2023"":55,""2024"":31,""2026"":2}"	FXZZ202301002;FXZZ202301006;FXZZ202301010;FXZZ202301011;FXZZ202302013;FXZZ202303008;FXZZ202303011;FXZZ202304004;FXZZ202304006;FXZZ202304008;FXZZ202304009;FXZZ202305006;FXZZ202305009;FXZZ202306003;FXZZ202306004;FXZZ202309009;FXZZ202309012;FXZZ202310003;FXZZ202310013;FXZZ202312007;FXZZ202312009;FXZZ202401003;FXZZ202401005;FXZZ202403002;FXZZ202404009;FXZZ202405005;FXZZ202405012;FXZZ202406002;FXZZ202406005;FXZZ202407001;FXZZ202407007;FXZZ202407009;FXZZ202412006;FXZZ202607003;FXZZ202607005	A1/A2	pending_human_review
5554d68b09fc61b4c6f5	义务履行	cross_paper_discovery	bounded_chinese_ngram_maximal_repeat	2	2	2;3	"{""1"":0,""2"":2,""3"":1}"		{'confidence': 0.1, 'domain': 'unrouted', 'evidence_source': 'keyword', 'evidence_span': '隐私权', 'label_origin': 'machine_inferred', 'routing_only': True, 'source_level': 'B'};{'confidence': 0.68, 'domain': '程序法', 'evidence_source': 'keyword', 'evidence_span': '诉讼权利', 'label_origin': 'machine_inferred', 'routing_only': True, 'source_level': 'B'}		internal_fragment	0.833333	"{""2023"":3}"	FXZZ202301011;FXZZ202304009	A1/A2	pending_human_review
6ba5bac18addd823a16d	义务性	cross_paper_discovery	bounded_chinese_ngram_maximal_repeat	3	3	2;3	"{""1"":0,""2"":5,""3"":2}"	程序审查;规范依据	{'confidence': 0.1, 'domain': 'unrouted', 'evidence_source': 'keyword', 'evidence_span': '法律运作', 'label_origin': 'machine_inferred', 'routing_only': True, 'source_level': 'B'}		internal_fragment	1.428571	"{""2023"":2,""2024"":5}"	FXZZ202301002;FXZZ202310003;FXZZ202405005	A1/A2	pending_human_review
fec5dd0f3807728ffd99	义务规	cross_paper_discovery	bounded_chinese_ngram_maximal_repeat	2	2	1;2;3	"{""1"":2,""2"":2,""3"":1}"	规范依据	{'confidence': 0.1, 'domain': 'unrouted', 'evidence_source': 'keyword', 'evidence_span': '容许的风险', 'label_origin': 'machine_inferred', 'routing_only': True, 'source_level': 'B'};{'confidence': 0.66, 'domain': '规范理论', 'evidence_source': 'keyword', 'evidence_span': '规范保护目的', 'label_origin': 'machine_inferred', 'routing_only': True, 'source_level': 'B'};{'confidence': 0.68, 'domain': '程序法', 'evidence_source': 'keyword', 'evidence_span': '检察公益诉讼谦抑性', 'label_origin': 'machine_inferred', 'routing_only': True, 'source_level': 'B'}		internal_fragment	0.933334	"{""2023"":5}"	FXZZ202306003;FXZZ202309012	A1/A2	pending_human_review
c4ae58da0ae9a8188eee	义务违反	cross_paper_discovery	bounded_chinese_ngram_maximal_repeat	2	2	2	"{""1"":0,""2"":2,""3"":0}"		{'confidence': 0.1, 'domain': 'unrouted', 'evidence_source': 'keyword', 'evidence_span': '法律定义', 'label_origin': 'machine_inferred', 'routing_only': True, 'source_level': 'B'};{'confidence': 0.68, 'domain': '程序法', 'evidence_source': 'keyword', 'evidence_span': '诉讼权利', 'label_origin': 'machine_inferred', 'routing_only': True, 'source_level': 'B'}		internal_fragment	1.0	"{""2023"":1,""2024"":1}"	FXZZ202304009;FXZZ202407009	A1/A2	pending_human_review
b378f09f6400b9bfde00	义原则	cross_paper_discovery	bounded_chinese_ngram_maximal_repeat	3	3	2;3	"{""1"":0,""2"":3,""3"":1}"		{'confidence': 0.1, 'domain': 'unrouted', 'evidence_source': 'keyword', 'evidence_span': '犯罪故意', 'label_origin': 'machine_inferred', 'routing_only': True, 'source_level': 'B'};{'confidence': 0.66, 'domain': '规范理论', 'evidence_source': 'keyword', 'evidence_span': '行为规范', 'label_origin': 'machine_inferred', 'routing_only': True, 'source_level': 'B'};{'confidence': 0.68, 'domain': '程序法', 'evidence_source': 'keyword', 'evidence_span': '裁判规范', 'label_origin': 'machine_inferred', 'routing_only': True, 'source_level': 'B'}		internal_fragment	1.5	"{""2023"":2,""2024"":2}"	FXZZ202303005;FXZZ202312006;FXZZ202406003	A1/A2	pending_human_review
f8cf2ab32c2de23860c5	义解释	cross_paper_discovery	bounded_chinese_ngram_maximal_repeat	4	4	1;2	"{""1"":1,""2"":6,""3"":0}"	规范依据;证据证明	{'confidence': 0.1, 'domain': 'unrouted', 'evidence_source': 'keyword', 'evidence_span': '科技宪法', 'label_origin': 'machine_inferred', 'routing_only': True, 'source_level': 'B'}		internal_fragment	1.904761	"{""2023"":6,""2024"":1}"	FXZZ202302004;FXZZ202310006;FXZZ202310009;FXZZ202406010	A1/A2	pending_human_review
a27dab3c0813b2e299c4	习近平	cross_paper_discovery	bounded_chinese_ngram_maximal_repeat	5	5	1;2	"{""1"":3,""2"":5,""3"":0}"		{'confidence': 0.1, 'domain': 'unrouted', 'evidence_source': 'keyword', 'evidence_span': '重大创新', 'label_origin': 'machine_inferred', 'routing_only': True, 'source_level': 'B'}		internal_fragment	2.5	"{""2023"":2,""2024"":1,""2025"":1,""2026"":4}"	FXZZ202306001;FXZZ202311002;FXZZ202406006;FXZZ202501004;FXZZ202607001	A1/A2	pending_human_review
04409cfcfc5887bb3c02	习近平法治思想	cross_paper_discovery	bounded_chinese_ngram_maximal_repeat	3	3	1;2	"{""1"":2,""2"":3,""3"":0}"		{'confidence': 0.1, 'domain': 'unrouted', 'evidence_source': 'keyword', 'evidence_span': '重大创新', 'label_origin': 'machine_inferred', 'routing_only': True, 'source_level': 'B'}		internal_fragment;low_wordhood_score	0.771428	"{""2023"":2,""2026"":3}"	FXZZ202306001;FXZZ202311002;FXZZ202607001	A1/A2	pending_human_review
0eb89e6993377dc73bf4	习近平生态	cross_paper_discovery	bounded_chinese_ngram_maximal_repeat	2	2	1;2	"{""1"":1,""2"":1,""3"":0}"		{'confidence': 0.1, 'domain': 'unrouted', 'evidence_source': 'keyword', 'evidence_span': '刑罚适用', 'label_origin': 'machine_inferred', 'routing_only': True, 'source_level': 'B'}		internal_fragment	0.8	"{""2024"":1,""2025"":1}"	FXZZ202406006;FXZZ202501004	A1/A2	pending_human_review
9e3021cab37d4715eca9	争端解决	cross_paper_discovery	bounded_chinese_ngram_maximal_repeat	2	2	2	"{""1"":0,""2"":3,""3"":0}"		{'confidence': 0.1, 'domain': 'unrouted', 'evidence_source': 'keyword', 'evidence_span': '投资争端解决', 'label_origin': 'machine_inferred', 'routing_only': True, 'source_level': 'B'};{'confidence': 0.66, 'domain': '比较法', 'evidence_source': 'keyword', 'evidence_span': '国际投资条约', 'label_origin': 'machine_inferred', 'routing_only': True, 'source_level': 'B'};{'confidence': 0.68, 'domain': '侵权责任', 'evidence_source': 'keyword', 'evidence_span': '企业社会责任', 'label_origin': 'machine_inferred', 'routing_only': True, 'source_level': 'B'}		internal_fragment	0.833333	"{""2023"":3}"	FXZZ202303012;FXZZ202310009	A1/A2	pending_human_review
3d975a48026c48744433	争议化解	cross_paper_discovery	bounded_chinese_ngram_maximal_repeat	2	2	2	"{""1"":0,""2"":2,""3"":0}"	制度构建;权利救济;证据证明	{'confidence': 0.1, 'domain': 'unrouted', 'evidence_source': 'keyword', 'evidence_span': '道德法则', 'label_origin': 'machine_inferred', 'routing_only': True, 'source_level': 'B'}		internal_fragment	1.0	"{""2024"":2}"	FXZZ202404003;FXZZ202412004	A1/A2	pending_human_review
f496c7e0b75ebb440318	争议焦点	cross_paper_discovery	bounded_chinese_ngram_maximal_repeat	2	2	1;2	"{""1"":1,""2"":1,""3"":0}"		{'confidence': 0.1, 'domain': 'unrouted', 'evidence_source': 'keyword', 'evidence_span': '消费者权益保护法', 'label_origin': 'machine_inferred', 'routing_only': True, 'source_level': 'B'}		internal_fragment	0.875	"{""2023"":2}"	FXZZ202306012;FXZZ202309006	A1/A2	pending_human_review
e4c00d6532a3e14b81da	事司法	cross_paper_discovery	bounded_chinese_ngram_maximal_repeat	9	9	1;2;3	"{""1"":2,""2"":4,""3"":7}"	制度构建;研究结论;程序审查;规范依据	{'confidence': 0.1, 'domain': 'unrouted', 'evidence_source': 'keyword', 'evidence_span': '刑法保障', 'label_origin': 'machine_inferred', 'routing_only': True, 'source_level': 'B'};{'confidence': 0.68, 'domain': '程序法', 'evidence_source': 'keyword', 'evidence_span': '正当裁判', 'label_origin': 'machine_inferred', 'routing_only': True, 'source_level': 'B'};{'confidence': 0.72, 'domain': '合同法', 'evidence_source': 'keyword', 'evidence_span': '行政代履行', 'label_origin': 'machine_inferred', 'routing_only': True, 'source_level': 'B'}		internal_fragment	4.384615	"{""2023"":8,""2024"":5}"	FXZZ202301007;FXZZ202305007;FXZZ202307011;FXZZ202310002;FXZZ202310010;FXZZ202312006;FXZZ202405011;FXZZ202406006;FXZZ202407010	A1/A2	pending_human_review
e5f4ac3e41170f37a5a4	事实推定	cross_paper_discovery	bounded_chinese_ngram_maximal_repeat	2	2	2	"{""1"":0,""2"":2,""3"":0}"		{'confidence': 0.1, 'domain': 'unrouted', 'evidence_source': 'keyword', 'evidence_span': '犯罪故意', 'label_origin': 'machine_inferred', 'routing_only': True, 'source_level': 'B'};{'confidence': 0.66, 'domain': '规范理论', 'evidence_source': 'keyword', 'evidence_span': '行为规范', 'label_origin': 'machine_inferred', 'routing_only': True, 'source_level': 'B'};{'confidence': 0.68, 'domain': '程序法', 'evidence_source': 'keyword', 'evidence_span': '裁判规范', 'label_origin': 'machine_inferred', 'routing_only': True, 'source_level': 'B'}		internal_fragment	1.0	"{""2023"":1,""2024"":1}"	FXZZ202303005;FXZZ202407007	A1/A2	pending_human_review
6ca3212656a094fb87bb	事实行	cross_paper_discovery	bounded_chinese_ngram_maximal_repeat	3	3	1;2;3	"{""1"":1,""2"":2,""3"":2}"		{'confidence': 0.1, 'domain': 'unrouted', 'evidence_source': 'keyword', 'evidence_span': '法律控制', 'label_origin': 'machine_inferred', 'routing_only': True, 'source_level': 'B'}		internal_fragment	1.6	"{""2023"":4,""2024"":1}"	FXZZ202303003;FXZZ202309004;FXZZ202412005	A1/A2	pending_human_review
15a0c4ebba31be3715eb	事实认定	cross_paper_discovery	bounded_chinese_ngram_maximal_repeat	3	3	2;3	"{""1"":0,""2"":1,""3"":2}"	证据证明	{'confidence': 0.1, 'domain': 'unrouted', 'evidence_source': 'keyword', 'evidence_span': '合宪性控制', 'label_origin': 'machine_inferred', 'routing_only': True, 'source_level': 'B'}		internal_fragment;lexical_support	1.5	"{""2023"":2,""2024"":1}"	FXZZ202308003;FXZZ202312009;FXZZ202405011	A1/A2	pending_human_review
1ffa6ddef45acf0abd99	事实问题	cross_paper_discovery	bounded_chinese_ngram_maximal_repeat	2	2	2	"{""1"":0,""2"":3,""3"":0}"		{'confidence': 0.1, 'domain': 'unrouted', 'evidence_source': 'keyword', 'evidence_span': '可携带权', 'label_origin': 'machine_inferred', 'routing_only': True, 'source_level': 'B'}			0.916667	"{""2023"":1,""2024"":2}"	FXZZ202311011;FXZZ202405011	A1/A2	pending_human_review
1db0ba0a37ab5c037ced	事正当	cross_paper_discovery	bounded_chinese_ngram_maximal_repeat	2	2	2;3	"{""1"":0,""2"":1,""3"":3}"	制度构建;程序审查;证据证明	{'confidence': 0.1, 'domain': 'unrouted', 'evidence_source': 'keyword', 'evidence_span': '刑法保障', 'label_origin': 'machine_inferred', 'routing_only': True, 'source_level': 'B'}		internal_fragment	1.000001	"{""2023"":3,""2024"":1}"	FXZZ202301007;FXZZ202407007	A1/A2	pending_human_review
b771f4226258f8b9ffc1	事立法	cross_paper_discovery	bounded_chinese_ngram_maximal_repeat	5	5	2;3	"{""1"":0,""2"":3,""3"":3}"		{'confidence': 0.1, 'domain': 'unrouted', 'evidence_source': 'keyword', 'evidence_span': '刑法保障', 'label_origin': 'machine_inferred', 'routing_only': True, 'source_level': 'B'};{'confidence': 0.68, 'domain': '程序法', 'evidence_source': 'keyword', 'evidence_span': '程序问题', 'label_origin': 'machine_inferred', 'routing_only': True, 'source_level': 'B'}		internal_fragment	2.777778	"{""2023"":3,""2024"":3}"	FXZZ202301007;FXZZ202308012;FXZZ202312006;FXZZ202401008;FXZZ202406006	A1/A2	pending_human_review
16eed974cb56c3608472	事诉讼	cross_paper_discovery	bounded_chinese_ngram_maximal_repeat	8	8	1;2	"{""1"":9,""2"":8,""3"":0}"	制度构建;权利救济;程序审查;证据证明	{'confidence': 0.1, 'domain': 'unrouted', 'evidence_source': 'keyword', 'evidence_span': '缺席审判', 'label_origin': 'machine_inferred', 'routing_only': True, 'source_level': 'B'};{'confidence': 0.66, 'domain': '比较法', 'evidence_source': 'keyword', 'evidence_span': '国际民事管辖权', 'label_origin': 'machine_inferred', 'routing_only': True, 'source_level': 'B'};{'confidence': 0.68, 'domain': '程序法', 'evidence_source': 'keyword', 'evidence_span': '诉讼要件', 'label_origin': 'machine_inferred', 'routing_only': True, 'source_level': 'B'}		internal_fragment	3.529412	"{""2023"":14,""2024"":3}"	FXZZ202303009;FXZZ202304010;FXZZ202310002;FXZZ202310010;FXZZ202311011;FXZZ202312011;FXZZ202401011;FXZZ202412011	A1/A2	pending_human_review
a4395902c54fee756845	事诉讼法	cross_paper_discovery	bounded_chinese_ngram_maximal_repeat	3	3	2	"{""1"":0,""2"":3,""3"":0}"	权利救济	{'confidence': 0.1, 'domain': 'unrouted', 'evidence_source': 'keyword', 'evidence_span': '疏明', 'label_origin': 'machine_inferred', 'routing_only': True, 'source_level': 'B'};{'confidence': 0.66, 'domain': '比较法', 'evidence_source': 'keyword', 'evidence_span': '国际民事管辖权', 'label_origin': 'machine_inferred', 'routing_only': True, 'source_level': 'B'};{'confidence': 0.68, 'domain': '程序法', 'evidence_source': 'keyword', 'evidence_span': '司法审查', 'label_origin': 'machine_inferred', 'routing_only': True, 'source_level': 'B'}		internal_fragment	1.25	"{""2023"":3}"	FXZZ202310010;FXZZ202311011;FXZZ202312011	A1/A2	pending_human_review
15f9a21b8cb672e8a44b	事责任	cross_paper_discovery	bounded_chinese_ngram_maximal_repeat	3	3	2;3	"{""1"":0,""2"":2,""3"":1}"		{'confidence': 0.1, 'domain': 'unrouted', 'evidence_source': 'keyword', 'evidence_span': '海洋环境保护', 'label_origin': 'machine_inferred', 'routing_only': True, 'source_level': 'B'};{'confidence': 0.68, 'domain': '侵权责任', 'evidence_source': 'keyword', 'evidence_span': '损害赔偿', 'label_origin': 'machine_inferred', 'routing_only': True, 'source_level': 'B'}		internal_fragment	1.833333	"{""2023"":2,""2026"":1}"	FXZZ202302013;FXZZ202305006;FXZZ202607005	A1/A2	pending_human_review
bc86963886994eea51d1	二元性	cross_paper_discovery	bounded_chinese_ngram_maximal_repeat	2	2	2;3	"{""1"":0,""2"":1,""3"":2}"		{'confidence': 0.1, 'domain': 'unrouted', 'evidence_source': 'keyword', 'evidence_span': '社会危害性', 'label_origin': 'machine_inferred', 'routing_only': True, 'source_level': 'B'}		internal_fragment	1.222223	"{""2024"":3}"	FXZZ202404005;FXZZ202412008	A1/A2	pending_human_review
47df833cb9abe03f68b7	二分法	cross_paper_discovery	bounded_chinese_ngram_maximal_repeat	3	3	3	"{""1"":0,""2"":0,""3"":3}"		{'confidence': 0.1, 'domain': 'unrouted', 'evidence_source': 'keyword', 'evidence_span': '共同行为', 'label_origin': 'machine_inferred', 'routing_only': True, 'source_level': 'B'};{'confidence': 0.66, 'domain': '比较法', 'evidence_source': 'keyword', 'evidence_span': '国际高标准经贸规则', 'label_origin': 'machine_inferred', 'routing_only': True, 'source_level': 'B'}		internal_fragment	2.0	"{""2023"":1,""2024"":1,""2026"":1}"	FXZZ202302011;FXZZ202406012;FXZZ202607007	A1/A2	pending_human_review
1497de1972a971bc39eb	交易合理	cross_paper_discovery	bounded_chinese_ngram_maximal_repeat	2	2	1;2	"{""1"":1,""2"":1,""3"":0}"		{'confidence': 0.1, 'domain': 'unrouted', 'evidence_source': 'keyword', 'evidence_span': '特定化', 'label_origin': 'machine_inferred', 'routing_only': True, 'source_level': 'B'}		internal_fragment	1.0	"{""2023"":1,""2024"":1}"	FXZZ202301008;FXZZ202404010	A1/A2	pending_human_review
e1ef12b3720fc812c56d	交易预期	cross_paper_discovery	bounded_chinese_ngram_maximal_repeat	2	2	1;2	"{""1"":1,""2"":1,""3"":0}"		{'confidence': 0.1, 'domain': 'unrouted', 'evidence_source': 'keyword', 'evidence_span': '特定化', 'label_origin': 'machine_inferred', 'routing_only': True, 'source_level': 'B'};{'confidence': 0.72, 'domain': '合同法', 'evidence_source': 'keyword', 'evidence_span': '合同解除', 'label_origin': 'machine_inferred', 'routing_only': True, 'source_level': 'B'}		internal_fragment	1.0	"{""2023"":1,""2024"":1}"	FXZZ202301008;FXZZ202404009	A1/A2	pending_human_review
67378f0854c3f112d3c5	人与自然	cross_paper_discovery	bounded_chinese_ngram_maximal_repeat	2	2	1;2	"{""1"":1,""2"":9,""3"":0}"		{'confidence': 0.1, 'domain': 'unrouted', 'evidence_source': 'keyword', 'evidence_span': '利益衡量', 'label_origin': 'machine_inferred', 'routing_only': True, 'source_level': 'B'}		low_wordhood_score	0.75	"{""2023"":1,""2025"":9}"	FXZZ202301005;FXZZ202501004	A1/A2	pending_human_review
3d7d0b208c8f6e14adf4	人主体	cross_paper_discovery	bounded_chinese_ngram_maximal_repeat	2	2	1;3	"{""1"":1,""2"":0,""3"":1}"	证据证明	{'confidence': 0.1, 'domain': 'unrouted', 'evidence_source': 'keyword', 'evidence_span': '治外法权', 'label_origin': 'machine_inferred', 'routing_only': True, 'source_level': 'B'};{'confidence': 0.68, 'domain': '程序法', 'evidence_source': 'keyword', 'evidence_span': '司法审查', 'label_origin': 'machine_inferred', 'routing_only': True, 'source_level': 'B'}		internal_fragment	1.333334	"{""2023"":2}"	FXZZ202309002;FXZZ202310010	A1/A2	pending_human_review
4b327dd245324c8a891a	人之间	cross_paper_discovery	bounded_chinese_ngram_maximal_repeat	3	3	2	"{""1"":0,""2"":3,""3"":0}"		{'confidence': 0.1, 'domain': 'unrouted', 'evidence_source': 'keyword', 'evidence_span': '平行效果', 'label_origin': 'machine_inferred', 'routing_only': True, 'source_level': 'B'};{'confidence': 0.66, 'domain': '规范理论', 'evidence_source': 'keyword', 'evidence_span': '保护性规范', 'label_origin': 'machine_inferred', 'routing_only': True, 'source_level': 'B'};{'confidence': 0.68, 'domain': '程序法', 'evidence_source': 'keyword', 'evidence_span': '程序简化', 'label_origin': 'machine_inferred', 'routing_only': True, 'source_level': 'B'}		internal_fragment	2.0	"{""2023"":1,""2024"":2}"	FXZZ202308010;FXZZ202403006;FXZZ202407008	A1/A2	pending_human_review
696bbdc6cfe51b6913c5	人保护	cross_paper_discovery	bounded_chinese_ngram_maximal_repeat	3	3	2;3	"{""1"":0,""2"":2,""3"":1}"		{'confidence': 0.1, 'domain': 'unrouted', 'evidence_source': 'keyword', 'evidence_span': '法律治理', 'label_origin': 'machine_inferred', 'routing_only': True, 'source_level': 'B'}		internal_fragment	2.0	"{""2023"":1,""2024"":2}"	FXZZ202312010;FXZZ202403003;FXZZ202405013	A1/A2	pending_human_review
035ed0e30465505d3ccf	人利益	cross_paper_discovery	bounded_chinese_ngram_maximal_repeat	3	3	1;2	"{""1"":3,""2"":6,""3"":0}"	权利救济	{'confidence': 0.1, 'domain': 'unrouted', 'evidence_source': 'keyword', 'evidence_span': '缺席审判', 'label_origin': 'machine_inferred', 'routing_only': True, 'source_level': 'B'};{'confidence': 0.66, 'domain': '规范理论', 'evidence_source': 'keyword', 'evidence_span': '保护性规范', 'label_origin': 'machine_inferred', 'routing_only': True, 'source_level': 'B'};{'confidence': 0.68, 'domain': '程序法', 'evidence_source': 'keyword', 'evidence_span': '诉讼要件', 'label_origin': 'machine_inferred', 'routing_only': True, 'source_level': 'B'}		internal_fragment	1.5	"{""2023"":2,""2024"":7}"	FXZZ202303009;FXZZ202403009;FXZZ202407008	A1/A2	pending_human_review
29166356aafaafaf8406	人同意	cross_paper_discovery	bounded_chinese_ngram_maximal_repeat	2	2	1;2	"{""1"":2,""2"":5,""3"":0}"	法律后果	{'confidence': 0.1, 'domain': 'unrouted', 'evidence_source': 'keyword', 'evidence_span': '法条竞合', 'label_origin': 'machine_inferred', 'routing_only': True, 'source_level': 'B'};{'confidence': 0.66, 'domain': '规范理论', 'evidence_source': 'keyword', 'evidence_span': '合同法规范', 'label_origin': 'machine_inferred', 'routing_only': True, 'source_level': 'B'};{'confidence': 0.72, 'domain': '合同法', 'evidence_source': 'keyword', 'evidence_span': '合同法规范', 'label_origin': 'machine_inferred', 'routing_only': True, 'source_level': 'B'}		internal_fragment	0.952381	"{""2023"":7}"	FXZZ202303004;FXZZ202310008	A1/A2	pending_human_review
bc9f67ebd7ebbedb9a1d	人地位	cross_paper_discovery	bounded_chinese_ngram_maximal_repeat	2	2	1;2	"{""1"":2,""2"":1,""3"":0}"		{'confidence': 0.1, 'domain': 'unrouted', 'evidence_source': 'keyword', 'evidence_span': '法人作品', 'label_origin': 'machine_inferred', 'routing_only': True, 'source_level': 'B'}		internal_fragment	1.222223	"{""2023"":3}"	FXZZ202305007;FXZZ202306004	A1/A2	pending_human_review
c9ab7d4651a74ac60cea	人大常委会	cross_paper_discovery	bounded_chinese_ngram_maximal_repeat	3	3	1;2	"{""1"":4,""2"":4,""3"":0}"	制度构建;程序审查	{'confidence': 0.1, 'domain': 'unrouted', 'evidence_source': 'keyword', 'evidence_span': '立法模', 'label_origin': 'machine_inferred', 'routing_only': True, 'source_level': 'B'};{'confidence': 0.68, 'domain': '程序法', 'evidence_source': 'keyword', 'evidence_span': '核准程序', 'label_origin': 'machine_inferred', 'routing_only': True, 'source_level': 'B'}		internal_fragment	0.9	"{""2023"":8}"	FXZZ202304003;FXZZ202307005;FXZZ202308005	A1/A2	pending_human_review
23ce8a54e96d41b1bcb7	人实际	cross_paper_discovery	bounded_chinese_ngram_maximal_repeat	2	2	1;2;3	"{""1"":1,""2"":1,""3"":1}"		{'confidence': 0.1, 'domain': 'unrouted', 'evidence_source': 'keyword', 'evidence_span': '双轨制认定模式', 'label_origin': 'machine_inferred', 'routing_only': True, 'source_level': 'B'}		internal_fragment	1.111112	"{""2023"":1,""2024"":2}"	FXZZ202309007;FXZZ202403006	A1/A2	pending_human_review
6814ce07a98efa7be1e8	人工智能	cross_paper_discovery	bounded_chinese_ngram_maximal_repeat	5	5	1;2;3	"{""1"":8,""2"":8,""3"":1}"	比较法;程序审查	{'confidence': 0.1, 'domain': 'unrouted', 'evidence_source': 'keyword', 'evidence_span': '立法技术', 'label_origin': 'machine_inferred', 'routing_only': True, 'source_level': 'B'};{'confidence': 0.68, 'domain': '程序法', 'evidence_source': 'keyword', 'evidence_span': '诉讼要件', 'label_origin': 'machine_inferred', 'routing_only': True, 'source_level': 'B'}		internal_fragment	1.654412	"{""2023"":1,""2024"":16}"	FXZZ202311004;FXZZ202401010;FXZZ202405006;FXZZ202407009;FXZZ202412008	A1/A2	pending_human_review
8421aed8e4ad9b25a5db	人承担	cross_paper_discovery	bounded_chinese_ngram_maximal_repeat	4	4	2;3	"{""1"":0,""2"":3,""3"":2}"		{'confidence': 0.1, 'domain': 'unrouted', 'evidence_source': 'keyword', 'evidence_span': '受害人故意', 'label_origin': 'machine_inferred', 'routing_only': True, 'source_level': 'B'};{'confidence': 0.68, 'domain': '侵权责任', 'evidence_source': 'keyword', 'evidence_span': '无权代理人责任', 'label_origin': 'machine_inferred', 'routing_only': True, 'source_level': 'B'};{'confidence': 0.68, 'domain': '程序法', 'evidence_source': 'keyword', 'evidence_span': '智能辅助裁判', 'label_origin': 'machine_inferred', 'routing_only': True, 'source_level': 'B'}		internal_fragment	2.266666	"{""2023"":3,""2024"":2}"	FXZZ202301010;FXZZ202304008;FXZZ202307008;FXZZ202401009	A1/A2	pending_human_review
68f48976a4c512ce59a4	人是否	cross_paper_discovery	bounded_chinese_ngram_maximal_repeat	2	2	3	"{""1"":0,""2"":0,""3"":2}"		{'confidence': 0.1, 'domain': 'unrouted', 'evidence_source': 'keyword', 'evidence_span': '破产别除权', 'label_origin': 'machine_inferred', 'routing_only': True, 'source_level': 'B'}		internal_fragment	1.333334	"{""2023"":2}"	FXZZ202307008;FXZZ202309007	A1/A2	pending_human_review
468152ed23d5c7c7430a	人权保	cross_paper_discovery	bounded_chinese_ngram_maximal_repeat	3	3	2;3	"{""1"":0,""2"":2,""3"":1}"	制度构建;程序审查	{'confidence': 0.1, 'domain': 'unrouted', 'evidence_source': 'keyword', 'evidence_span': '数据自决权', 'label_origin': 'machine_inferred', 'routing_only': True, 'source_level': 'B'}		internal_fragment	1.833333	"{""2023"":2,""2025"":1}"	FXZZ202301003;FXZZ202307007;FXZZ202501004	A1/A2	pending_human_review
24be76f1948c6b7e8055	人权保障	cross_paper_discovery	bounded_chinese_ngram_maximal_repeat	2	2	2	"{""1"":0,""2"":2,""3"":0}"	制度构建	{'confidence': 0.1, 'domain': 'unrouted', 'evidence_source': 'keyword', 'evidence_span': '数据自决权', 'label_origin': 'machine_inferred', 'routing_only': True, 'source_level': 'B'}			1.0	"{""2023"":1,""2025"":1}"	FXZZ202301003;FXZZ202501004	A1/A2	pending_human_review
c11e6917e479aed50fa5	人权文明	cross_paper_discovery	bounded_chinese_ngram_maximal_repeat	2	2	2	"{""1"":0,""2"":2,""3"":0}"		{'confidence': 0.1, 'domain': 'unrouted', 'evidence_source': 'keyword', 'evidence_span': '提级巡察', 'label_origin': 'machine_inferred', 'routing_only': True, 'source_level': 'B'}		internal_fragment	1.0	"{""2023"":1,""2025"":1}"	FXZZ202305002;FXZZ202501004	A1/A2	pending_human_review
d4bdafce4b4be9a17300	人格权	cross_paper_discovery	bounded_chinese_ngram_maximal_repeat	2	2	2	"{""1"":0,""2"":2,""3"":0}"		{'confidence': 0.1, 'domain': 'unrouted', 'evidence_source': 'keyword', 'evidence_span': '通信秘密', 'label_origin': 'machine_inferred', 'routing_only': True, 'source_level': 'B'}		internal_fragment	1.333334	"{""2023"":2}"	FXZZ202302009;FXZZ202311010	A1/A2	pending_human_review
8c868a359e264db88ed3	人民为中心	cross_paper_discovery	bounded_chinese_ngram_maximal_repeat	2	2	1;2	"{""1"":4,""2"":10,""3"":0}"	制度构建	{'confidence': 0.1, 'domain': 'unrouted', 'evidence_source': 'keyword', 'evidence_span': '人与自然和谐共生', 'label_origin': 'machine_inferred', 'routing_only': True, 'source_level': 'B'}		internal_fragment;low_wordhood_score	0.442857	"{""2025"":1,""2026"":13}"	FXZZ202501004;FXZZ202607001	A1/A2	pending_human_review
9d95b11373146878e453	人民性	cross_paper_discovery	bounded_chinese_ngram_maximal_repeat	3	3	2	"{""1"":0,""2"":4,""3"":0}"		{'confidence': 0.1, 'domain': 'unrouted', 'evidence_source': 'keyword', 'evidence_span': '新型总有', 'label_origin': 'machine_inferred', 'routing_only': True, 'source_level': 'B'}		internal_fragment	1.625	"{""2023"":2,""2026"":2}"	FXZZ202311002;FXZZ202311005;FXZZ202607001	A1/A2	pending_human_review
941b609dc7290dc90db5	人民法	cross_paper_discovery	bounded_chinese_ngram_maximal_repeat	2	2	1;2	"{""1"":1,""2"":2,""3"":0}"	制度构建	{'confidence': 0.1, 'domain': 'unrouted', 'evidence_source': 'keyword', 'evidence_span': '立法技术', 'label_origin': 'machine_inferred', 'routing_only': True, 'source_level': 'B'}		internal_fragment	1.111112	"{""2023"":1,""2024"":2}"	FXZZ202311004;FXZZ202404002	A1/A2	pending_human_review
b6146476fa3a075241d0	人民陪审员法	cross_paper_discovery	bounded_chinese_ngram_maximal_repeat	2	2	1;2	"{""1"":1,""2"":2,""3"":0}"	权利救济	{'confidence': 0.1, 'domain': 'unrouted', 'evidence_source': 'keyword', 'evidence_span': '可携带权', 'label_origin': 'machine_inferred', 'routing_only': True, 'source_level': 'B'}		low_wordhood_score	0.444444	"{""2023"":3}"	FXZZ202311011;FXZZ202312009	A1/A2	pending_human_review
6000c80f0c871f16fcb6	人的主	cross_paper_discovery	bounded_chinese_ngram_maximal_repeat	2	2	2;3	"{""1"":0,""2"":1,""3"":1}"		{'confidence': 0.1, 'domain': 'unrouted', 'evidence_source': 'keyword', 'evidence_span': '科技宪法', 'label_origin': 'machine_inferred', 'routing_only': True, 'source_level': 'B'}		internal_fragment	1.333334	"{""2023"":2}"	FXZZ202302004;FXZZ202304004	A1/A2	pending_human_review
f814abdeb1863e057c4d	人的其他	cross_paper_discovery	bounded_chinese_ngram_maximal_repeat	2	2	1;2	"{""1"":1,""2"":1,""3"":0}"		{'confidence': 0.1, 'domain': 'unrouted', 'evidence_source': 'keyword', 'evidence_span': '数据自决权', 'label_origin': 'machine_inferred', 'routing_only': True, 'source_level': 'B'};{'confidence': 0.66, 'domain': '规范理论', 'evidence_source': 'keyword', 'evidence_span': '合同法规范', 'label_origin': 'machine_inferred', 'routing_only': True, 'source_level': 'B'};{'confidence': 0.72, 'domain': '合同法', 'evidence_source': 'keyword', 'evidence_span': '合同法规范', 'label_origin': 'machine_inferred', 'routing_only': True, 'source_level': 'B'}		internal_fragment	1.0	"{""2023"":2}"	FXZZ202301003;FXZZ202310008	A1/A2	pending_human_review
a47d4a782cc2069b99f7	人的合	cross_paper_discovery	bounded_chinese_ngram_maximal_repeat	2	2	2;3	"{""1"":0,""2"":1,""3"":1}"		{'confidence': 0.1, 'domain': 'unrouted', 'evidence_source': 'keyword', 'evidence_span': '法治价值', 'label_origin': 'machine_inferred', 'routing_only': True, 'source_level': 'B'};{'confidence': 0.72, 'domain': '合同法', 'evidence_source': 'keyword', 'evidence_span': '违约金调整', 'label_origin': 'machine_inferred', 'routing_only': True, 'source_level': 'B'}		internal_fragment	1.333334	"{""2023"":1,""2026"":1}"	FXZZ202308013;FXZZ202607006	A1/A2	pending_human_review
2b6dc3cbf12f86f57c6f	人的应	cross_paper_discovery	bounded_chinese_ngram_maximal_repeat	2	2	2	"{""1"":0,""2"":3,""3"":0}"		{'confidence': 0.1, 'domain': 'unrouted', 'evidence_source': 'keyword', 'evidence_span': '法人作品', 'label_origin': 'machine_inferred', 'routing_only': True, 'source_level': 'B'}		internal_fragment	1.111112	"{""2023"":1,""2024"":2}"	FXZZ202305007;FXZZ202407011	A1/A2	pending_human_review
ae09aecc80a4f28c5cec	人的抵	cross_paper_discovery	bounded_chinese_ngram_maximal_repeat	2	2	2;3	"{""1"":0,""2"":1,""3"":1}"		{'confidence': 0.1, 'domain': 'unrouted', 'evidence_source': 'keyword', 'evidence_span': '注意义务', 'label_origin': 'machine_inferred', 'routing_only': True, 'source_level': 'B'};{'confidence': 0.66, 'domain': '规范理论', 'evidence_source': 'keyword', 'evidence_span': '保护性规范', 'label_origin': 'machine_inferred', 'routing_only': True, 'source_level': 'B'}		internal_fragment	1.333334	"{""2024"":2}"	FXZZ202405013;FXZZ202407008	A1/A2	pending_human_review
c0be138c048d06ed9fb4	人的立	cross_paper_discovery	bounded_chinese_ngram_maximal_repeat	2	2	2	"{""1"":0,""2"":2,""3"":0}"	权利救济	{'confidence': 0.1, 'domain': 'unrouted', 'evidence_source': 'keyword', 'evidence_span': '犯罪故意', 'label_origin': 'machine_inferred', 'routing_only': True, 'source_level': 'B'};{'confidence': 0.66, 'domain': '规范理论', 'evidence_source': 'keyword', 'evidence_span': '行为规范', 'label_origin': 'machine_inferred', 'routing_only': True, 'source_level': 'B'};{'confidence': 0.68, 'domain': '程序法', 'evidence_source': 'keyword', 'evidence_span': '裁判规范', 'label_origin': 'machine_inferred', 'routing_only': True, 'source_level': 'B'}		internal_fragment	1.333334	"{""2023"":2}"	FXZZ202303005;FXZZ202304010	A1/A2	pending_human_review
0f3ad5451167fd683c12	人的自	cross_paper_discovery	bounded_chinese_ngram_maximal_repeat	3	3	2;3	"{""1"":0,""2"":2,""3"":2}"	法律后果	{'confidence': 0.1, 'domain': 'unrouted', 'evidence_source': 'keyword', 'evidence_span': '法条竞合', 'label_origin': 'machine_inferred', 'routing_only': True, 'source_level': 'B'}		internal_fragment	1.75	"{""2023"":1,""2024"":3}"	FXZZ202303004;FXZZ202404004;FXZZ202404005	A1/A2	pending_human_review
4185f4e04102b8e4af80	人的解释	cross_paper_discovery	bounded_chinese_ngram_maximal_repeat	2	2	2	"{""1"":0,""2"":2,""3"":0}"	权利救济	{'confidence': 0.1, 'domain': 'unrouted', 'evidence_source': 'keyword', 'evidence_span': '外在体系', 'label_origin': 'machine_inferred', 'routing_only': True, 'source_level': 'B'}		internal_fragment	1.0	"{""2023"":2}"	FXZZ202304010;FXZZ202311010	A1/A2	pending_human_review
037097870975201e833c	人的责任	cross_paper_discovery	bounded_chinese_ngram_maximal_repeat	2	2	2	"{""1"":0,""2"":2,""3"":0}"	法律后果	{'confidence': 0.1, 'domain': 'unrouted', 'evidence_source': 'keyword', 'evidence_span': '私法秩序', 'label_origin': 'machine_inferred', 'routing_only': True, 'source_level': 'B'};{'confidence': 0.66, 'domain': '规范理论', 'evidence_source': 'keyword', 'evidence_span': '规范目的', 'label_origin': 'machine_inferred', 'routing_only': True, 'source_level': 'B'};{'confidence': 0.68, 'domain': '程序法', 'evidence_source': 'keyword', 'evidence_span': '正当程序', 'label_origin': 'machine_inferred', 'routing_only': True, 'source_level': 'B'}		internal_fragment	1.0	"{""2023"":1,""2024"":1}"	FXZZ202308008;FXZZ202407003	A1/A2	pending_human_review
e4bd5001ffb10d68a941	人的道德	cross_paper_discovery	bounded_chinese_ngram_maximal_repeat	2	2	2;3	"{""1"":0,""2"":1,""3"":1}"		{'confidence': 0.1, 'domain': 'unrouted', 'evidence_source': 'keyword', 'evidence_span': '代位', 'label_origin': 'machine_inferred', 'routing_only': True, 'source_level': 'B'}		internal_fragment	1.0	"{""2023"":1,""2024"":1}"	FXZZ202302008;FXZZ202404004	A1/A2	pending_human_review
133fe964d6ea91e6c3c1	人破产	cross_paper_discovery	bounded_chinese_ngram_maximal_repeat	2	2	1;2	"{""1"":3,""2"":3,""3"":0}"	制度构建;程序审查	{'confidence': 0.1, 'domain': 'unrouted', 'evidence_source': 'keyword', 'evidence_span': '法律治理', 'label_origin': 'machine_inferred', 'routing_only': True, 'source_level': 'B'};{'confidence': 0.68, 'domain': '程序法', 'evidence_source': 'keyword', 'evidence_span': '智能辅助裁判', 'label_origin': 'machine_inferred', 'routing_only': True, 'source_level': 'B'}		internal_fragment	0.944445	"{""2023"":1,""2024"":5}"	FXZZ202312010;FXZZ202401009	A1/A2	pending_human_review
da6418c25134663997dd	人类命运共同体	cross_paper_discovery	bounded_chinese_ngram_maximal_repeat	2	2	2	"{""1"":0,""2"":2,""3"":0}"		{'confidence': 0.1, 'domain': 'unrouted', 'evidence_source': 'keyword', 'evidence_span': '双边冲突规则', 'label_origin': 'machine_inferred', 'routing_only': True, 'source_level': 'B'};{'confidence': 0.66, 'domain': '比较法', 'evidence_source': 'keyword', 'evidence_span': '国际高标准经贸规则', 'label_origin': 'machine_inferred', 'routing_only': True, 'source_level': 'B'};{'confidence': 0.68, 'domain': '程序法', 'evidence_source': 'keyword', 'evidence_span': '程序问题', 'label_origin': 'machine_inferred', 'routing_only': True, 'source_level': 'B'}		internal_fragment;low_wordhood_score	0.571428	"{""2023"":1,""2024"":1}"	FXZZ202308012;FXZZ202406012	A1/A2	pending_human_review
e3061a492c49352d29fd	人责任	cross_paper_discovery	bounded_chinese_ngram_maximal_repeat	2	2	1;2	"{""1"":1,""2"":1,""3"":0}"	制度构建	{'confidence': 0.1, 'domain': 'unrouted', 'evidence_source': 'keyword', 'evidence_span': '彩礼协议', 'label_origin': 'machine_inferred', 'routing_only': True, 'source_level': 'B'};{'confidence': 0.66, 'domain': '规范理论', 'evidence_source': 'keyword', 'evidence_span': '合同法规范', 'label_origin': 'machine_inferred', 'routing_only': True, 'source_level': 'B'};{'confidence': 0.72, 'domain': '合同法', 'evidence_source': 'keyword', 'evidence_span': '合同法规范', 'label_origin': 'machine_inferred', 'routing_only': True, 'source_level': 'B'}		internal_fragment	1.333334	"{""2023"":1,""2024"":1}"	FXZZ202310008;FXZZ202401003	A1/A2	pending_human_review
40fe5259f133df80a2f6	介入个人	cross_paper_discovery	bounded_chinese_ngram_maximal_repeat	2	2	2;3	"{""1"":0,""2"":1,""3"":1}"		{'confidence': 0.1, 'domain': 'unrouted', 'evidence_source': 'keyword', 'evidence_span': '多元立法模式', 'label_origin': 'machine_inferred', 'routing_only': True, 'source_level': 'B'}		internal_fragment	1.0	"{""2023"":1,""2024"":1}"	FXZZ202311006;FXZZ202404005	A1/A2	pending_human_review
d9339c966cb1e8b30821	他特殊	cross_paper_discovery	bounded_chinese_ngram_maximal_repeat	2	2	2;3	"{""1"":0,""2"":1,""3"":1}"		{'confidence': 0.1, 'domain': 'unrouted', 'evidence_source': 'keyword', 'evidence_span': '税法典', 'label_origin': 'machine_inferred', 'routing_only': True, 'source_level': 'B'}		internal_fragment	1.166667	"{""2023"":1,""2024"":1}"	FXZZ202310013;FXZZ202404012	A1/A2	pending_human_review
70ace4c3219d94463674	代法律	cross_paper_discovery	bounded_chinese_ngram_maximal_repeat	3	3	1;2	"{""1"":4,""2"":2,""3"":0}"		{'confidence': 0.1, 'domain': 'unrouted', 'evidence_source': 'keyword', 'evidence_span': '收养秩序', 'label_origin': 'machine_inferred', 'routing_only': True, 'source_level': 'B'}		internal_fragment	1.666667	"{""2023"":5,""2024"":1}"	FXZZ202307003;FXZZ202309002;FXZZ202406003	A1/A2	pending_human_review
b58396a492bcabf07350	代理人	cross_paper_discovery	bounded_chinese_ngram_maximal_repeat	6	6	1;2;3	"{""1"":5,""2"":12,""3"":5}"	构成要件;法律后果	{'confidence': 0.1, 'domain': 'unrouted', 'evidence_source': 'keyword', 'evidence_span': '受害人故意', 'label_origin': 'machine_inferred', 'routing_only': True, 'source_level': 'B'};{'confidence': 0.66, 'domain': '规范理论', 'evidence_source': 'keyword', 'evidence_span': '合同法规范', 'label_origin': 'machine_inferred', 'routing_only': True, 'source_level': 'B'};{'confidence': 0.68, 'domain': '侵权责任', 'evidence_source': 'keyword', 'evidence_span': '无权代理人责任', 'label_origin': 'machine_inferred', 'routing_only': True, 'source_level': 'B'};{'confidence': 0.68, 'domain': '程序法', 'evidence_source': 'keyword', 'evidence_span': '程序正当原则', 'label_origin': 'machine_inferred', 'routing_only': True, 'source_level': 'B'};{'confidence': 0.72, 'domain': '合同法', 'evidence_source': 'keyword', 'evidence_span': '合同法规范', 'label_origin': 'machine_inferred', 'routing_only': True, 'source_level': 'B'}		internal_fragment	2.909091	"{""2023"":13,""2024"":9}"	FXZZ202301010;FXZZ202307008;FXZZ202310008;FXZZ202403006;FXZZ202403008;FXZZ202405012	A1/A2	pending_human_review
a33cdece5420f1ca31cf	代结语	cross_paper_discovery	bounded_chinese_ngram_maximal_repeat	2	2	1	"{""1"":2,""2"":0,""3"":0}"	研究结论;规范依据	{'confidence': 0.1, 'domain': 'unrouted', 'evidence_source': 'keyword', 'evidence_span': '情理原则', 'label_origin': 'machine_inferred', 'routing_only': True, 'source_level': 'B'}			1.000001	"{""2024"":1,""2026"":1}"	FXZZ202406002;FXZZ202607004	A1/A2	pending_human_review
3ee086be2d30f819ad23	代表性	cross_paper_discovery	bounded_chinese_ngram_maximal_repeat	3	3	2	"{""1"":0,""2"":3,""3"":0}"		{'confidence': 0.1, 'domain': 'unrouted', 'evidence_source': 'keyword', 'evidence_span': '实际控制人', 'label_origin': 'machine_inferred', 'routing_only': True, 'source_level': 'B'};{'confidence': 0.68, 'domain': '侵权责任', 'evidence_source': 'keyword', 'evidence_span': '直接责任人员', 'label_origin': 'machine_inferred', 'routing_only': True, 'source_level': 'B'}		internal_fragment	1.666667	"{""2023"":2,""2024"":1}"	FXZZ202304005;FXZZ202307002;FXZZ202401004	A1/A2	pending_human_review
6ba84b88caf558ee22ea	仲裁	legal_term	config_legal_term_longest_match	3	3	1;2;3	"{""1"":1,""2"":6,""3"":5}"	程序审查	{'confidence': 0.1, 'domain': 'unrouted', 'evidence_source': 'keyword', 'evidence_span': '投资争端解决', 'label_origin': 'machine_inferred', 'routing_only': True, 'source_level': 'B'};{'confidence': 0.66, 'domain': '比较法', 'evidence_source': 'keyword', 'evidence_span': '国际投资条约', 'label_origin': 'machine_inferred', 'routing_only': True, 'source_level': 'B'};{'confidence': 0.68, 'domain': '侵权责任', 'evidence_source': 'keyword', 'evidence_span': '企业社会责任', 'label_origin': 'machine_inferred', 'routing_only': True, 'source_level': 'B'}				"{""2023"":11,""2024"":1}"	FXZZ202303012;FXZZ202304014;FXZZ202407013	A1/A2	pending_human_review
f164aad2a8a0e1299fac	仲裁庭	cross_paper_discovery	bounded_chinese_ngram_maximal_repeat	2	2	2	"{""1"":0,""2"":2,""3"":0}"		{'confidence': 0.1, 'domain': 'unrouted', 'evidence_source': 'keyword', 'evidence_span': '投资争端解决', 'label_origin': 'machine_inferred', 'routing_only': True, 'source_level': 'B'};{'confidence': 0.66, 'domain': '比较法', 'evidence_source': 'keyword', 'evidence_span': '国际投资条约', 'label_origin': 'machine_inferred', 'routing_only': True, 'source_level': 'B'};{'confidence': 0.68, 'domain': '侵权责任', 'evidence_source': 'keyword', 'evidence_span': '企业社会责任', 'label_origin': 'machine_inferred', 'routing_only': True, 'source_level': 'B'}		internal_fragment	1.333334	"{""2023"":1,""2024"":1}"	FXZZ202303012;FXZZ202407013	A1/A2	pending_human_review
ef86e24258c10f21dba6	件的争	cross_paper_discovery	bounded_chinese_ngram_maximal_repeat	2	2	2	"{""1"":0,""2"":2,""3"":0}"	构成要件	{'confidence': 0.1, 'domain': 'unrouted', 'evidence_source': 'keyword', 'evidence_span': '不合理的对待', 'label_origin': 'machine_inferred', 'routing_only': True, 'source_level': 'B'};{'confidence': 0.66, 'domain': '规范理论', 'evidence_source': 'keyword', 'evidence_span': '规范自身平等', 'label_origin': 'machine_inferred', 'routing_only': True, 'source_level': 'B'}		internal_fragment	1.333334	"{""2023"":2}"	FXZZ202302003;FXZZ202306012	A1/A2	pending_human_review
04469f7924a6f6f039a8	件的立法	cross_paper_discovery	bounded_chinese_ngram_maximal_repeat	2	2	2	"{""1"":0,""2"":2,""3"":0}"	构成要件	{'confidence': 0.1, 'domain': 'unrouted', 'evidence_source': 'keyword', 'evidence_span': '消费者权益保护法', 'label_origin': 'machine_inferred', 'routing_only': True, 'source_level': 'B'}		internal_fragment	1.0	"{""2023"":1,""2024"":1}"	FXZZ202306012;FXZZ202405009	A1/A2	pending_human_review
a982269c8b49aa2709ff	价值判断	cross_paper_discovery	bounded_chinese_ngram_maximal_repeat	4	4	1;2	"{""1"":4,""2"":3,""3"":0}"		{'confidence': 0.1, 'domain': 'unrouted', 'evidence_source': 'keyword', 'evidence_span': '合目的性改革', 'label_origin': 'machine_inferred', 'routing_only': True, 'source_level': 'B'};{'confidence': 0.68, 'domain': '侵权责任', 'evidence_source': 'keyword', 'evidence_span': '法人单独责任', 'label_origin': 'machine_inferred', 'routing_only': True, 'source_level': 'B'}		internal_fragment	1.642857	"{""2023"":1,""2024"":6}"	FXZZ202301004;FXZZ202403007;FXZZ202405007;FXZZ202406002	A1/A2	pending_human_review
3283d2425e2a061cd3f6	价值取	cross_paper_discovery	bounded_chinese_ngram_maximal_repeat	3	3	1;2;3	"{""1"":3,""2"":1,""3"":1}"	制度构建	{'confidence': 0.1, 'domain': 'unrouted', 'evidence_source': 'keyword', 'evidence_span': '税收争议解决', 'label_origin': 'machine_inferred', 'routing_only': True, 'source_level': 'B'};{'confidence': 0.66, 'domain': '比较法', 'evidence_source': 'keyword', 'evidence_span': '国际税收协调', 'label_origin': 'machine_inferred', 'routing_only': True, 'source_level': 'B'};{'confidence': 0.68, 'domain': '程序法', 'evidence_source': 'keyword', 'evidence_span': '相互协商程序', 'label_origin': 'machine_inferred', 'routing_only': True, 'source_level': 'B'};{'confidence': 0.76, 'domain': '仲裁法', 'evidence_source': 'keyword', 'evidence_span': '税收仲裁', 'label_origin': 'machine_inferred', 'routing_only': True, 'source_level': 'B'}		internal_fragment	1.4	"{""2023"":2,""2024"":3}"	FXZZ202304013;FXZZ202405013;FXZZ202412013	A1/A2	pending_human_review
657904484ea08416291b	价值基础	cross_paper_discovery	bounded_chinese_ngram_maximal_repeat	2	2	1	"{""1"":2,""2"":0,""3"":0}"	制度构建	{'confidence': 0.1, 'domain': 'unrouted', 'evidence_source': 'keyword', 'evidence_span': '纠纷解决体系', 'label_origin': 'machine_inferred', 'routing_only': True, 'source_level': 'B'};{'confidence': 0.72, 'domain': '合同法', 'evidence_source': 'keyword', 'evidence_span': '合同解除', 'label_origin': 'machine_inferred', 'routing_only': True, 'source_level': 'B'}		internal_fragment	0.875	"{""2023"":1,""2024"":1}"	FXZZ202311003;FXZZ202404009	A1/A2	pending_human_review
c0d5eca33aafa3ac39f5	价值导	cross_paper_discovery	bounded_chinese_ngram_maximal_repeat	2	2	1;2	"{""1"":1,""2"":1,""3"":0}"		{'confidence': 0.1, 'domain': 'unrouted', 'evidence_source': 'keyword', 'evidence_span': '补正解释', 'label_origin': 'machine_inferred', 'routing_only': True, 'source_level': 'B'}		internal_fragment	1.111112	"{""2023"":1,""2025"":1}"	FXZZ202310005;FXZZ202501004	A1/A2	pending_human_review
8bc18a8c383e7c259139	价值层面	cross_paper_discovery	bounded_chinese_ngram_maximal_repeat	2	2	2;3	"{""1"":0,""2"":1,""3"":1}"		{'confidence': 0.1, 'domain': 'unrouted', 'evidence_source': 'keyword', 'evidence_span': '适度干预', 'label_origin': 'machine_inferred', 'routing_only': True, 'source_level': 'B'}		low_wordhood_score	0.75	"{""2023"":1,""2024"":1}"	FXZZ202301012;FXZZ202406011	A1/A2	pending_human_review
43fff74444047201e0a2	价值理念	cross_paper_discovery	bounded_chinese_ngram_maximal_repeat	2	2	2	"{""1"":0,""2"":2,""3"":0}"	制度构建	{'confidence': 0.1, 'domain': 'unrouted', 'evidence_source': 'keyword', 'evidence_span': '补正解释', 'label_origin': 'machine_inferred', 'routing_only': True, 'source_level': 'B'}		internal_fragment	1.0	"{""2023"":1,""2024"":1}"	FXZZ202310005;FXZZ202405009	A1/A2	pending_human_review
a238d3f4a9c8178a1d43	价值目	cross_paper_discovery	bounded_chinese_ngram_maximal_repeat	4	4	2;3	"{""1"":0,""2"":4,""3"":2}"	制度构建;规范依据	{'confidence': 0.1, 'domain': 'unrouted', 'evidence_source': 'keyword', 'evidence_span': '数据自决权', 'label_origin': 'machine_inferred', 'routing_only': True, 'source_level': 'B'};{'confidence': 0.72, 'domain': '合同法', 'evidence_source': 'keyword', 'evidence_span': '可诉请履行性', 'label_origin': 'machine_inferred', 'routing_only': True, 'source_level': 'B'}		internal_fragment	1.888888	"{""2023"":5,""2024"":1}"	FXZZ202301003;FXZZ202301004;FXZZ202312006;FXZZ202412009	A1/A2	pending_human_review
b50d47861f94da66b84a	价值目标	cross_paper_discovery	bounded_chinese_ngram_maximal_repeat	3	3	2;3	"{""1"":0,""2"":1,""3"":2}"	制度构建	{'confidence': 0.1, 'domain': 'unrouted', 'evidence_source': 'keyword', 'evidence_span': '数据自决权', 'label_origin': 'machine_inferred', 'routing_only': True, 'source_level': 'B'};{'confidence': 0.72, 'domain': '合同法', 'evidence_source': 'keyword', 'evidence_span': '可诉请履行性', 'label_origin': 'machine_inferred', 'routing_only': True, 'source_level': 'B'}		internal_fragment	1.375	"{""2023"":2,""2024"":1}"	FXZZ202301003;FXZZ202312006;FXZZ202412009	A1/A2	pending_human_review
691420ea4d73b93f0fd0	价值秩序	cross_paper_discovery	bounded_chinese_ngram_maximal_repeat	2	2	2	"{""1"":0,""2"":2,""3"":0}"		{'confidence': 0.1, 'domain': 'unrouted', 'evidence_source': 'keyword', 'evidence_span': '科技宪法', 'label_origin': 'machine_inferred', 'routing_only': True, 'source_level': 'B'}			0.875	"{""2023"":1,""2024"":1}"	FXZZ202302004;FXZZ202406008	A1/A2	pending_human_review
42fd8a543445f22e6b36	价值表达	cross_paper_discovery	bounded_chinese_ngram_maximal_repeat	2	2	1;2	"{""1"":1,""2"":4,""3"":0}"	制度构建	{'confidence': 0.1, 'domain': 'unrouted', 'evidence_source': 'keyword', 'evidence_span': '刑罚适用', 'label_origin': 'machine_inferred', 'routing_only': True, 'source_level': 'B'}		internal_fragment;low_wordhood_score	0.65	"{""2024"":5}"	FXZZ202406006;FXZZ202412002	A1/A2	pending_human_review
fd18b96f1a1dfb513c39	价值观	cross_paper_discovery	bounded_chinese_ngram_maximal_repeat	2	2	3	"{""1"":0,""2"":0,""3"":2}"		{'confidence': 0.1, 'domain': 'unrouted', 'evidence_source': 'keyword', 'evidence_span': '社会危害性', 'label_origin': 'machine_inferred', 'routing_only': True, 'source_level': 'B'}		internal_fragment	1.166667	"{""2024"":2}"	FXZZ202404005;FXZZ202405002	A1/A2	pending_human_review
5d293926e08691692569	价值预设	cross_paper_discovery	bounded_chinese_ngram_maximal_repeat	2	2	1;2	"{""1"":1,""2"":3,""3"":0}"		{'confidence': 0.1, 'domain': 'unrouted', 'evidence_source': 'keyword', 'evidence_span': '合目的性改革', 'label_origin': 'machine_inferred', 'routing_only': True, 'source_level': 'B'}		internal_fragment	0.8125	"{""2023"":4}"	FXZZ202301004;FXZZ202311010	A1/A2	pending_human_review
fb62baa74ee55c698ea8	任承担	cross_paper_discovery	bounded_chinese_ngram_maximal_repeat	2	2	2;3	"{""1"":0,""2"":1,""3"":1}"	法律后果	{'confidence': 0.1, 'domain': 'unrouted', 'evidence_source': 'keyword', 'evidence_span': '私法秩序', 'label_origin': 'machine_inferred', 'routing_only': True, 'source_level': 'B'};{'confidence': 0.66, 'domain': '规范理论', 'evidence_source': 'keyword', 'evidence_span': '规范目的', 'label_origin': 'machine_inferred', 'routing_only': True, 'source_level': 'B'}		internal_fragment	1.166667	"{""2023"":1,""2024"":1}"	FXZZ202308008;FXZZ202404005	A1/A2	pending_human_review
5562f323650af3024202	企业犯罪	cross_paper_discovery	bounded_chinese_ngram_maximal_repeat	2	2	1;2;3	"{""1"":3,""2"":1,""3"":1}"	制度构建;程序审查	{'confidence': 0.1, 'domain': 'unrouted', 'evidence_source': 'keyword', 'evidence_span': '刑法保障', 'label_origin': 'machine_inferred', 'routing_only': True, 'source_level': 'B'}		internal_fragment;low_wordhood_score	0.75	"{""2023"":5}"	FXZZ202301007;FXZZ202302010	A1/A2	pending_human_review
c469800923db57104f72	休假权	cross_paper_discovery	bounded_chinese_ngram_maximal_repeat	2	2	2;3	"{""1"":0,""2"":3,""3"":4}"		{'confidence': 0.1, 'domain': 'unrouted', 'evidence_source': 'keyword', 'evidence_span': '劳动法', 'label_origin': 'machine_inferred', 'routing_only': True, 'source_level': 'B'};{'confidence': 0.66, 'domain': '规范理论', 'evidence_source': 'keyword', 'evidence_span': '规范解构', 'label_origin': 'machine_inferred', 'routing_only': True, 'source_level': 'B'}		internal_fragment	0.952381	"{""2023"":7}"	FXZZ202303011;FXZZ202304012	A1/A2	pending_human_review
4f2ae8188c5ac1c054e5	优先性	cross_paper_discovery	bounded_chinese_ngram_maximal_repeat	3	3	1;2	"{""1"":2,""2"":2,""3"":0}"	法律后果	{'confidence': 0.1, 'domain': 'unrouted', 'evidence_source': 'keyword', 'evidence_span': '隐私权', 'label_origin': 'machine_inferred', 'routing_only': True, 'source_level': 'B'}		internal_fragment	1.625	"{""2023"":2,""2024"":2}"	FXZZ202301011;FXZZ202403008;FXZZ202404004	A1/A2	pending_human_review
2adc0be0ef701078e1e0	优先权	cross_paper_discovery	bounded_chinese_ngram_maximal_repeat	3	3	2;3	"{""1"":0,""2"":1,""3"":3}"		{'confidence': 0.1, 'domain': 'unrouted', 'evidence_source': 'keyword', 'evidence_span': '参与分配', 'label_origin': 'machine_inferred', 'routing_only': True, 'source_level': 'B'};{'confidence': 0.68, 'domain': '程序法', 'evidence_source': 'keyword', 'evidence_span': '检察公益诉讼谦抑性', 'label_origin': 'machine_inferred', 'routing_only': True, 'source_level': 'B'}		internal_fragment	1.75	"{""2023"":4}"	FXZZ202301009;FXZZ202303008;FXZZ202309012	A1/A2	pending_human_review
72b2c60220b10d752ce1	传统刑法	cross_paper_discovery	bounded_chinese_ngram_maximal_repeat	3	3	1;2	"{""1"":1,""2"":2,""3"":0}"		{'confidence': 0.1, 'domain': 'unrouted', 'evidence_source': 'keyword', 'evidence_span': '无权代理', 'label_origin': 'machine_inferred', 'routing_only': True, 'source_level': 'B'};{'confidence': 0.68, 'domain': '侵权责任', 'evidence_source': 'keyword', 'evidence_span': '法人单独责任', 'label_origin': 'machine_inferred', 'routing_only': True, 'source_level': 'B'}		internal_fragment	1.375	"{""2024"":3}"	FXZZ202403007;FXZZ202404006;FXZZ202407007	A1/A2	pending_human_review
68f439d78b0374e1f783	传统法律	cross_paper_discovery	bounded_chinese_ngram_maximal_repeat	2	2	1;2	"{""1"":2,""2"":2,""3"":0}"		{'confidence': 0.1, 'domain': 'unrouted', 'evidence_source': 'keyword', 'evidence_span': '收养秩序', 'label_origin': 'machine_inferred', 'routing_only': True, 'source_level': 'B'}		internal_fragment;low_wordhood_score	0.75	"{""2023"":1,""2024"":3}"	FXZZ202307003;FXZZ202401002	A1/A2	pending_human_review
eebbc894675902f0b3d3	传统行政	cross_paper_discovery	bounded_chinese_ngram_maximal_repeat	2	2	1	"{""1"":2,""2"":0,""3"":0}"	制度构建;程序审查	{'confidence': 0.1, 'domain': 'unrouted', 'evidence_source': 'keyword', 'evidence_span': '刑法价值', 'label_origin': 'machine_inferred', 'routing_only': True, 'source_level': 'B'}		internal_fragment	1.0	"{""2024"":2}"	FXZZ202406005;FXZZ202412005	A1/A2	pending_human_review
66ca37c45ad3b7be5563	体制度	cross_paper_discovery	bounded_chinese_ngram_maximal_repeat	3	3	2	"{""1"":0,""2"":4,""3"":0}"	制度构建	{'confidence': 0.1, 'domain': 'unrouted', 'evidence_source': 'keyword', 'evidence_span': '合目的性改革', 'label_origin': 'machine_inferred', 'routing_only': True, 'source_level': 'B'};{'confidence': 0.68, 'domain': '程序法', 'evidence_source': 'keyword', 'evidence_span': '程序问题', 'label_origin': 'machine_inferred', 'routing_only': True, 'source_level': 'B'}		internal_fragment	1.625	"{""2023"":4}"	FXZZ202301004;FXZZ202301013;FXZZ202308012	A1/A2	pending_human_review
f311fd2ab4c9ffc3626c	体制度设计	cross_paper_discovery	bounded_chinese_ngram_maximal_repeat	2	2	2	"{""1"":0,""2"":3,""3"":0}"	制度构建	{'confidence': 0.1, 'domain': 'unrouted', 'evidence_source': 'keyword', 'evidence_span': '合目的性改革', 'label_origin': 'machine_inferred', 'routing_only': True, 'source_level': 'B'};{'confidence': 0.68, 'domain': '程序法', 'evidence_source': 'keyword', 'evidence_span': '程序问题', 'label_origin': 'machine_inferred', 'routing_only': True, 'source_level': 'B'}		internal_fragment;low_wordhood_score	0.733333	"{""2023"":3}"	FXZZ202301004;FXZZ202308012	A1/A2	pending_human_review
d74efd8f85970eba394e	体制改革	cross_paper_discovery	bounded_chinese_ngram_maximal_repeat	2	2	3	"{""1"":0,""2"":0,""3"":2}"	制度构建	{'confidence': 0.1, 'domain': 'unrouted', 'evidence_source': 'keyword', 'evidence_span': '民事代理', 'label_origin': 'machine_inferred', 'routing_only': True, 'source_level': 'B'}		internal_fragment	1.0	"{""2023"":1,""2024"":1}"	FXZZ202307007;FXZZ202405002	A1/A2	pending_human_review
dbabad8ce237c8c3411b	体制机制	cross_paper_discovery	bounded_chinese_ngram_maximal_repeat	3	3	1;3	"{""1"":3,""2"":0,""3"":1}"		{'confidence': 0.1, 'domain': 'unrouted', 'evidence_source': 'keyword', 'evidence_span': '交互型研究范式', 'label_origin': 'machine_inferred', 'routing_only': True, 'source_level': 'B'}		generic_container;internal_fragment	1.3125	"{""2023"":4}"	FXZZ202302001;FXZZ202305003;FXZZ202306001	A1/A2	pending_human_review
47ba90922fcc617f1d5a	体化原则	cross_paper_discovery	bounded_chinese_ngram_maximal_repeat	2	2	3	"{""1"":0,""2"":0,""3"":2}"		{'confidence': 0.1, 'domain': 'unrouted', 'evidence_source': 'keyword', 'evidence_span': '简约性原则', 'label_origin': 'machine_inferred', 'routing_only': True, 'source_level': 'B'}		internal_fragment	0.875	"{""2023"":2}"	FXZZ202306010;FXZZ202311008	A1/A2	pending_human_review
e8039688e83a7da2efb4	体标准	cross_paper_discovery	bounded_chinese_ngram_maximal_repeat	2	2	2	"{""1"":0,""2"":2,""3"":0}"	证据证明	{'confidence': 0.1, 'domain': 'unrouted', 'evidence_source': 'keyword', 'evidence_span': '执行依据', 'label_origin': 'machine_inferred', 'routing_only': True, 'source_level': 'B'};{'confidence': 0.66, 'domain': '比较法', 'evidence_source': 'keyword', 'evidence_span': '域外适用', 'label_origin': 'machine_inferred', 'routing_only': True, 'source_level': 'B'}		internal_fragment	1.333334	"{""2023"":1,""2024"":1}"	FXZZ202308009;FXZZ202401011	A1/A2	pending_human_review
97df6c0d68eb3f5f11e2	体法益	cross_paper_discovery	bounded_chinese_ngram_maximal_repeat	2	2	1;3	"{""1"":1,""2"":0,""3"":1}"		{'confidence': 0.1, 'domain': 'unrouted', 'evidence_source': 'keyword', 'evidence_span': '不法原因给付', 'label_origin': 'machine_inferred', 'routing_only': True, 'source_level': 'B'};{'confidence': 0.68, 'domain': '程序法', 'evidence_source': 'keyword', 'evidence_span': '诉讼时效', 'label_origin': 'machine_inferred', 'routing_only': True, 'source_level': 'B'}		internal_fragment	1.333334	"{""2023"":1,""2024"":1}"	FXZZ202311008;FXZZ202404007	A1/A2	pending_human_review
438a7b0f05c8aa3b9171	体系化	cross_paper_discovery	bounded_chinese_ngram_maximal_repeat	7	7	1;2;3	"{""1"":8,""2"":6,""3"":1}"	制度构建;权利救济;规范依据;证据证明	{'confidence': 0.1, 'domain': 'unrouted', 'evidence_source': 'keyword', 'evidence_span': '数据自决权', 'label_origin': 'machine_inferred', 'routing_only': True, 'source_level': 'B'};{'confidence': 0.68, 'domain': '程序法', 'evidence_source': 'keyword', 'evidence_span': '保证债务诉讼时效', 'label_origin': 'machine_inferred', 'routing_only': True, 'source_level': 'B'}		generic_container;internal_fragment	3.5	"{""2023"":11,""2024"":3,""2026"":1}"	FXZZ202301003;FXZZ202302006;FXZZ202304011;FXZZ202401008;FXZZ202405009;FXZZ202412003;FXZZ202607003	A1/A2	pending_human_review
24c3fbe01a0998d89a44	体系化建构	cross_paper_discovery	bounded_chinese_ngram_maximal_repeat	2	2	1;2	"{""1"":2,""2"":1,""3"":0}"		{'confidence': 0.1, 'domain': 'unrouted', 'evidence_source': 'keyword', 'evidence_span': '女性劳动权益保障', 'label_origin': 'machine_inferred', 'routing_only': True, 'source_level': 'B'}		generic_container;internal_fragment;low_wordhood_score	0.6	"{""2023"":2,""2024"":1}"	FXZZ202304011;FXZZ202405009	A1/A2	pending_human_review
24aea79be67ab6b2719a	体系化构	cross_paper_discovery	bounded_chinese_ngram_maximal_repeat	2	2	2	"{""1"":0,""2"":2,""3"":0}"		{'confidence': 0.1, 'domain': 'unrouted', 'evidence_source': 'keyword', 'evidence_span': '罪名体系', 'label_origin': 'machine_inferred', 'routing_only': True, 'source_level': 'B'}		generic_container;internal_fragment	1.0	"{""2023"":2}"	FXZZ202302006;FXZZ202304011	A1/A2	pending_human_review
fb5af51b7cd36632ad04	体系定位	cross_paper_discovery	bounded_chinese_ngram_maximal_repeat	3	3	1;2	"{""1"":1,""2"":2,""3"":0}"	程序审查	{'confidence': 0.1, 'domain': 'unrouted', 'evidence_source': 'keyword', 'evidence_span': '参与分配', 'label_origin': 'machine_inferred', 'routing_only': True, 'source_level': 'B'};{'confidence': 0.68, 'domain': '侵权责任', 'evidence_source': 'keyword', 'evidence_span': '无权代理人责任', 'label_origin': 'machine_inferred', 'routing_only': True, 'source_level': 'B'}		generic_container;internal_fragment	1.0	"{""2023"":3}"	FXZZ202301009;FXZZ202301010;FXZZ202304005	A1/A2	pending_human_review
e360eaaf1b5c374dafa7	体系建	cross_paper_discovery	bounded_chinese_ngram_maximal_repeat	5	5	1;2	"{""1"":5,""2"":3,""3"":0}"	制度构建;比较法	{'confidence': 0.1, 'domain': 'unrouted', 'evidence_source': 'keyword', 'evidence_span': '民事代理', 'label_origin': 'machine_inferred', 'routing_only': True, 'source_level': 'B'};{'confidence': 0.66, 'domain': '比较法', 'evidence_source': 'keyword', 'evidence_span': '国际民事管辖权', 'label_origin': 'machine_inferred', 'routing_only': True, 'source_level': 'B'};{'confidence': 0.68, 'domain': '程序法', 'evidence_source': 'keyword', 'evidence_span': '正当裁判', 'label_origin': 'machine_inferred', 'routing_only': True, 'source_level': 'B'}		generic_container;internal_fragment	2.395834	"{""2023"":4,""2024"":4}"	FXZZ202307007;FXZZ202310002;FXZZ202312011;FXZZ202401013;FXZZ202405009	A1/A2	pending_human_review
ca6b9b6265c7ddf95632	体系建构	cross_paper_discovery	bounded_chinese_ngram_maximal_repeat	2	2	1	"{""1"":3,""2"":0,""3"":0}"	制度构建	{'confidence': 0.1, 'domain': 'unrouted', 'evidence_source': 'keyword', 'evidence_span': '民事代理', 'label_origin': 'machine_inferred', 'routing_only': True, 'source_level': 'B'}		generic_container;internal_fragment	0.833333	"{""2023"":2,""2024"":1}"	FXZZ202307007;FXZZ202405009	A1/A2	pending_human_review
091cfc36dd1e1efe1328	体系建设	cross_paper_discovery	bounded_chinese_ngram_maximal_repeat	3	3	1;2	"{""1"":2,""2"":3,""3"":0}"	比较法	{'confidence': 0.1, 'domain': 'unrouted', 'evidence_source': 'keyword', 'evidence_span': '法的安定性', 'label_origin': 'machine_inferred', 'routing_only': True, 'source_level': 'B'};{'confidence': 0.66, 'domain': '比较法', 'evidence_source': 'keyword', 'evidence_span': '国际民事管辖权', 'label_origin': 'machine_inferred', 'routing_only': True, 'source_level': 'B'};{'confidence': 0.68, 'domain': '程序法', 'evidence_source': 'keyword', 'evidence_span': '正当裁判', 'label_origin': 'machine_inferred', 'routing_only': True, 'source_level': 'B'}		generic_container;internal_fragment	1.2	"{""2023"":2,""2024"":3}"	FXZZ202310002;FXZZ202312011;FXZZ202401013	A1/A2	pending_human_review
c1b1bcb0a5a4521a5b36	体系性	cross_paper_discovery	bounded_chinese_ngram_maximal_repeat	3	3	2	"{""1"":0,""2"":3,""3"":0}"	规范依据	{'confidence': 0.1, 'domain': 'unrouted', 'evidence_source': 'keyword', 'evidence_span': '不法原因给付', 'label_origin': 'machine_inferred', 'routing_only': True, 'source_level': 'B'};{'confidence': 0.68, 'domain': '程序法', 'evidence_source': 'keyword', 'evidence_span': '特别程序', 'label_origin': 'machine_inferred', 'routing_only': True, 'source_level': 'B'}		generic_container;internal_fragment	1.833333	"{""2023"":1,""2024"":2}"	FXZZ202311008;FXZZ202406003;FXZZ202406004	A1/A2	pending_human_review
45a2a0b8838edebe0cdd	体系效应	cross_paper_discovery	bounded_chinese_ngram_maximal_repeat	2	2	1;3	"{""1"":1,""2"":0,""3"":1}"	程序审查	{'confidence': 0.1, 'domain': 'unrouted', 'evidence_source': 'keyword', 'evidence_span': '体系效应', 'label_origin': 'machine_inferred', 'routing_only': True, 'source_level': 'B'};{'confidence': 0.66, 'domain': '比较法', 'evidence_source': 'keyword', 'evidence_span': '国际民事管辖权', 'label_origin': 'machine_inferred', 'routing_only': True, 'source_level': 'B'};{'confidence': 0.68, 'domain': '程序法', 'evidence_source': 'keyword', 'evidence_span': '《刑事诉讼法》修改', 'label_origin': 'machine_inferred', 'routing_only': True, 'source_level': 'B'}		generic_container;internal_fragment;low_wordhood_score	0.75	"{""2023"":1,""2024"":1}"	FXZZ202312011;FXZZ202412010	A1/A2	pending_human_review
f93646c24a0bf7fdc5f0	体系构	cross_paper_discovery	bounded_chinese_ngram_maximal_repeat	2	2	1;2	"{""1"":1,""2"":1,""3"":0}"	制度构建	{'confidence': 0.1, 'domain': 'unrouted', 'evidence_source': 'keyword', 'evidence_span': '明确性原则', 'label_origin': 'machine_inferred', 'routing_only': True, 'source_level': 'B'};{'confidence': 0.68, 'domain': '程序法', 'evidence_source': 'keyword', 'evidence_span': '义务性程序兜底条款', 'label_origin': 'machine_inferred', 'routing_only': True, 'source_level': 'B'}		generic_container;internal_fragment	1.333334	"{""2024"":2}"	FXZZ202405004;FXZZ202405009	A1/A2	pending_human_review
02e02fd8df8638ae666a	体系的方法	cross_paper_discovery	bounded_chinese_ngram_maximal_repeat	2	2	2;3	"{""1"":0,""2"":1,""3"":1}"		{'confidence': 0.1, 'domain': 'unrouted', 'evidence_source': 'keyword', 'evidence_span': '儿童权利', 'label_origin': 'machine_inferred', 'routing_only': True, 'source_level': 'B'}		generic_container;internal_fragment	0.8	"{""2024"":2}"	FXZZ202401004;FXZZ202405002	A1/A2	pending_human_review
91409cd1f84d2bf249e5	体系解释	cross_paper_discovery	bounded_chinese_ngram_maximal_repeat	2	2	2;3	"{""1"":0,""2"":1,""3"":1}"	制度构建	{'confidence': 0.1, 'domain': 'unrouted', 'evidence_source': 'keyword', 'evidence_span': '监察范围', 'label_origin': 'machine_inferred', 'routing_only': True, 'source_level': 'B'}		generic_container;internal_fragment	1.0	"{""2023"":1,""2024"":1}"	FXZZ202307006;FXZZ202412006	A1/A2	pending_human_review
7a873af739f805eac74d	体经济	cross_paper_discovery	bounded_chinese_ngram_maximal_repeat	2	2	2	"{""1"":0,""2"":2,""3"":0}"	制度构建	{'confidence': 0.1, 'domain': 'unrouted', 'evidence_source': 'keyword', 'evidence_span': '纠纷解决体系', 'label_origin': 'machine_inferred', 'routing_only': True, 'source_level': 'B'}		internal_fragment	1.333334	"{""2023"":2}"	FXZZ202305013;FXZZ202311003	A1/A2	pending_human_review
499450d743d5657b3640	体缺陷	cross_paper_discovery	bounded_chinese_ngram_maximal_repeat	2	2	1;3	"{""1"":1,""2"":0,""3"":2}"	规范依据	{'confidence': 0.1, 'domain': 'unrouted', 'evidence_source': 'keyword', 'evidence_span': '污染环境罪', 'label_origin': 'machine_inferred', 'routing_only': True, 'source_level': 'B'}		internal_fragment	1.222223	"{""2023"":3}"	FXZZ202309005;FXZZ202312006	A1/A2	pending_human_review
aff6bfc4789b91963399	体认定	cross_paper_discovery	bounded_chinese_ngram_maximal_repeat	3	3	2;3	"{""1"":0,""2"":1,""3"":2}"		{'confidence': 0.1, 'domain': 'unrouted', 'evidence_source': 'keyword', 'evidence_span': '双轨制认定模式', 'label_origin': 'machine_inferred', 'routing_only': True, 'source_level': 'B'}		internal_fragment	1.666667	"{""2023"":2,""2024"":1}"	FXZZ202305013;FXZZ202309007;FXZZ202406009	A1/A2	pending_human_review
99255719ad4a885e50e6	作为一	cross_paper_discovery	bounded_chinese_ngram_maximal_repeat	5	5	1;2;3	"{""1"":1,""2"":4,""3"":2}"	研究结论	{'confidence': 0.1, 'domain': 'unrouted', 'evidence_source': 'keyword', 'evidence_span': '法人作品', 'label_origin': 'machine_inferred', 'routing_only': True, 'source_level': 'B'};{'confidence': 0.68, 'domain': '程序法', 'evidence_source': 'keyword', 'evidence_span': '程序问题', 'label_origin': 'machine_inferred', 'routing_only': True, 'source_level': 'B'}		internal_fragment	2.5	"{""2023"":2,""2024"":5}"	FXZZ202305007;FXZZ202308012;FXZZ202401004;FXZZ202406013;FXZZ202412008	A1/A2	pending_human_review
3ba3e10d22289ae73a9f	作为一项	cross_paper_discovery	bounded_chinese_ngram_maximal_repeat	3	3	1;2;3	"{""1"":1,""2"":1,""3"":2}"	研究结论	{'confidence': 0.1, 'domain': 'unrouted', 'evidence_source': 'keyword', 'evidence_span': '法人作品', 'label_origin': 'machine_inferred', 'routing_only': True, 'source_level': 'B'}		internal_fragment	1.21875	"{""2023"":1,""2024"":3}"	FXZZ202305007;FXZZ202406013;FXZZ202412008	A1/A2	pending_human_review
a3e3e5b2da29e96bcdf7	作为义务	cross_paper_discovery	bounded_chinese_ngram_maximal_repeat	2	2	2;3	"{""1"":0,""2"":1,""3"":2}"		{'confidence': 0.1, 'domain': 'unrouted', 'evidence_source': 'keyword', 'evidence_span': '法律定义', 'label_origin': 'machine_inferred', 'routing_only': True, 'source_level': 'B'};{'confidence': 0.68, 'domain': '程序法', 'evidence_source': 'keyword', 'evidence_span': '诉讼权利', 'label_origin': 'machine_inferred', 'routing_only': True, 'source_level': 'B'}		internal_fragment;lexical_support	1.0	"{""2023"":3}"	FXZZ202304009;FXZZ202306004	A1/A2	pending_human_review
ad840dd033fa3460eb70	作为依	cross_paper_discovery	bounded_chinese_ngram_maximal_repeat	2	2	3	"{""1"":0,""2"":0,""3"":2}"		{'confidence': 0.1, 'domain': 'unrouted', 'evidence_source': 'keyword', 'evidence_span': '污染环境罪', 'label_origin': 'machine_inferred', 'routing_only': True, 'source_level': 'B'}		internal_fragment	1.333334	"{""2023"":1,""2024"":1}"	FXZZ202309005;FXZZ202407007	A1/A2	pending_human_review
97c855e1ba350b12a2c5	作为刑事	cross_paper_discovery	bounded_chinese_ngram_maximal_repeat	2	2	2	"{""1"":0,""2"":2,""3"":0}"	权利救济	{'confidence': 0.1, 'domain': 'unrouted', 'evidence_source': 'keyword', 'evidence_span': '外在体系', 'label_origin': 'machine_inferred', 'routing_only': True, 'source_level': 'B'}		internal_fragment	1.0	"{""2023"":1,""2024"":1}"	FXZZ202304010;FXZZ202407006	A1/A2	pending_human_review
f812dca7797ebaf7def8	作为劳动	cross_paper_discovery	bounded_chinese_ngram_maximal_repeat	2	2	1;2	"{""1"":1,""2"":2,""3"":0}"	比较法	{'confidence': 0.1, 'domain': 'unrouted', 'evidence_source': 'keyword', 'evidence_span': '劳动法', 'label_origin': 'machine_inferred', 'routing_only': True, 'source_level': 'B'};{'confidence': 0.66, 'domain': '比较法', 'evidence_source': 'keyword', 'evidence_span': '域外适用', 'label_origin': 'machine_inferred', 'routing_only': True, 'source_level': 'B'}		internal_fragment	0.833333	"{""2023"":2,""2024"":1}"	FXZZ202303011;FXZZ202401012	A1/A2	pending_human_review
570fa4c3918e7b9be1bf	作为新	cross_paper_discovery	bounded_chinese_ngram_maximal_repeat	3	3	1;2	"{""1"":2,""2"":1,""3"":0}"		{'confidence': 0.1, 'domain': 'unrouted', 'evidence_source': 'keyword', 'evidence_span': '不合理的对待', 'label_origin': 'machine_inferred', 'routing_only': True, 'source_level': 'B'};{'confidence': 0.66, 'domain': '规范理论', 'evidence_source': 'keyword', 'evidence_span': '规范自身平等', 'label_origin': 'machine_inferred', 'routing_only': True, 'source_level': 'B'};{'confidence': 0.68, 'domain': '侵权责任', 'evidence_source': 'keyword', 'evidence_span': '司法责任制', 'label_origin': 'machine_inferred', 'routing_only': True, 'source_level': 'B'}		internal_fragment	2.0	"{""2023"":2,""2024"":1}"	FXZZ202302003;FXZZ202311003;FXZZ202403010	A1/A2	pending_human_review
602031b2bc95e2b8d61c	作为法	cross_paper_discovery	bounded_chinese_ngram_maximal_repeat	5	5	1;2;3	"{""1"":3,""2"":4,""3"":2}"	程序审查;规范依据	{'confidence': 0.1, 'domain': 'unrouted', 'evidence_source': 'keyword', 'evidence_span': '刑法处罚早期化', 'label_origin': 'machine_inferred', 'routing_only': True, 'source_level': 'B'};{'confidence': 0.68, 'domain': '程序法', 'evidence_source': 'keyword', 'evidence_span': '审查认证规则', 'label_origin': 'machine_inferred', 'routing_only': True, 'source_level': 'B'}		internal_fragment	2.407408	"{""2023"":4,""2024"":5}"	FXZZ202308005;FXZZ202309010;FXZZ202401004;FXZZ202406003;FXZZ202406006	A1/A2	pending_human_review
740f066b2d424f25779f	作为法律	cross_paper_discovery	bounded_chinese_ngram_maximal_repeat	3	3	2;3	"{""1"":0,""2"":3,""3"":2}"		{'confidence': 0.1, 'domain': 'unrouted', 'evidence_source': 'keyword', 'evidence_span': '司法鉴定标准化', 'label_origin': 'machine_inferred', 'routing_only': True, 'source_level': 'B'};{'confidence': 0.68, 'domain': '程序法', 'evidence_source': 'keyword', 'evidence_span': '审查认证规则', 'label_origin': 'machine_inferred', 'routing_only': True, 'source_level': 'B'}		internal_fragment	1.125	"{""2023"":3,""2024"":2}"	FXZZ202309010;FXZZ202406003;FXZZ202406006	A1/A2	pending_human_review
cd0c27031195d7eae74e	作为法律修正	cross_paper_discovery	bounded_chinese_ngram_maximal_repeat	2	2	2;3	"{""1"":0,""2"":2,""3"":2}"		{'confidence': 0.1, 'domain': 'unrouted', 'evidence_source': 'keyword', 'evidence_span': '司法鉴定标准化', 'label_origin': 'machine_inferred', 'routing_only': True, 'source_level': 'B'};{'confidence': 0.68, 'domain': '程序法', 'evidence_source': 'keyword', 'evidence_span': '审查认证规则', 'label_origin': 'machine_inferred', 'routing_only': True, 'source_level': 'B'}		internal_fragment;low_wordhood_score	0.541666	"{""2023"":3,""2024"":1}"	FXZZ202309010;FXZZ202406003	A1/A2	pending_human_review
a0a59e5cf2cc713fcdce	作为涉	cross_paper_discovery	bounded_chinese_ngram_maximal_repeat	2	2	1;2	"{""1"":1,""2"":1,""3"":0}"	程序审查	{'confidence': 0.1, 'domain': 'unrouted', 'evidence_source': 'keyword', 'evidence_span': '体系效应', 'label_origin': 'machine_inferred', 'routing_only': True, 'source_level': 'B'};{'confidence': 0.66, 'domain': '比较法', 'evidence_source': 'keyword', 'evidence_span': '国际民事管辖权', 'label_origin': 'machine_inferred', 'routing_only': True, 'source_level': 'B'}		internal_fragment	1.166667	"{""2023"":2}"	FXZZ202308013;FXZZ202312011	A1/A2	pending_human_review
3ea8737541d6a505f471	作为监管	cross_paper_discovery	bounded_chinese_ngram_maximal_repeat	2	2	1;2	"{""1"":1,""2"":1,""3"":0}"	程序审查	{'confidence': 0.1, 'domain': 'unrouted', 'evidence_source': 'keyword', 'evidence_span': '刑法价值', 'label_origin': 'machine_inferred', 'routing_only': True, 'source_level': 'B'}		internal_fragment	1.0	"{""2024"":2}"	FXZZ202401013;FXZZ202406005	A1/A2	pending_human_review
0dc5d40fc87f8b2b5688	作为立法	cross_paper_discovery	bounded_chinese_ngram_maximal_repeat	2	2	2	"{""1"":0,""2"":2,""3"":0}"	制度构建;权利救济	{'confidence': 0.1, 'domain': 'unrouted', 'evidence_source': 'keyword', 'evidence_span': '外在体系', 'label_origin': 'machine_inferred', 'routing_only': True, 'source_level': 'B'}		internal_fragment	1.0	"{""2023"":2}"	FXZZ202304010;FXZZ202308005	A1/A2	pending_human_review
a82cfe77ede4b583ba5e	作为行	cross_paper_discovery	bounded_chinese_ngram_maximal_repeat	5	5	1;2;3	"{""1"":1,""2"":4,""3"":3}"	制度构建;程序审查	{'confidence': 0.1, 'domain': 'unrouted', 'evidence_source': 'keyword', 'evidence_span': '法律控制', 'label_origin': 'machine_inferred', 'routing_only': True, 'source_level': 'B'};{'confidence': 0.68, 'domain': '程序法', 'evidence_source': 'keyword', 'evidence_span': '审查认证规则', 'label_origin': 'machine_inferred', 'routing_only': True, 'source_level': 'B'}		internal_fragment	2.1875	"{""2023"":6,""2024"":2}"	FXZZ202303003;FXZZ202309010;FXZZ202312003;FXZZ202401006;FXZZ202406005	A1/A2	pending_human_review
afdb4d0500af4445ea3a	作为行政	cross_paper_discovery	bounded_chinese_ngram_maximal_repeat	4	4	1;2	"{""1"":1,""2"":3,""3"":0}"	制度构建;程序审查	{'confidence': 0.1, 'domain': 'unrouted', 'evidence_source': 'keyword', 'evidence_span': '法律控制', 'label_origin': 'machine_inferred', 'routing_only': True, 'source_level': 'B'}		internal_fragment	1.75	"{""2023"":2,""2024"":2}"	FXZZ202303003;FXZZ202312003;FXZZ202401006;FXZZ202406005	A1/A2	pending_human_review
add96f72a84cf365524b	作为行政处罚	cross_paper_discovery	bounded_chinese_ngram_maximal_repeat	2	2	2	"{""1"":0,""2"":2,""3"":0}"	制度构建	{'confidence': 0.1, 'domain': 'unrouted', 'evidence_source': 'keyword', 'evidence_span': '法律控制', 'label_origin': 'machine_inferred', 'routing_only': True, 'source_level': 'B'}		internal_fragment;low_wordhood_score	0.583333	"{""2023"":2}"	FXZZ202303003;FXZZ202312003	A1/A2	pending_human_review
216744bc55f9c03809e4	例外情形	cross_paper_discovery	bounded_chinese_ngram_maximal_repeat	2	2	2;3	"{""1"":0,""2"":1,""3"":1}"		{'confidence': 0.1, 'domain': 'unrouted', 'evidence_source': 'keyword', 'evidence_span': '平行效果', 'label_origin': 'machine_inferred', 'routing_only': True, 'source_level': 'B'};{'confidence': 0.68, 'domain': '程序法', 'evidence_source': 'keyword', 'evidence_span': '程序简化', 'label_origin': 'machine_inferred', 'routing_only': True, 'source_level': 'B'}		internal_fragment	1.0	"{""2023"":1,""2024"":1}"	FXZZ202308010;FXZZ202404010	A1/A2	pending_human_review
129da93ccc5d37205fd2	供给不足	cross_paper_discovery	bounded_chinese_ngram_maximal_repeat	2	2	2;3	"{""1"":0,""2"":1,""3"":1}"	制度构建;规范依据	{'confidence': 0.1, 'domain': 'unrouted', 'evidence_source': 'keyword', 'evidence_span': '辅助性原则', 'label_origin': 'machine_inferred', 'routing_only': True, 'source_level': 'B'}		internal_fragment	1.0	"{""2023"":2}"	FXZZ202311013;FXZZ202312004	A1/A2	pending_human_review
69c7c54a7eb58620c60d	依法行使	cross_paper_discovery	bounded_chinese_ngram_maximal_repeat	2	2	1;3	"{""1"":1,""2"":0,""3"":1}"		{'confidence': 0.1, 'domain': 'unrouted', 'evidence_source': 'keyword', 'evidence_span': '疑点排除', 'label_origin': 'machine_inferred', 'routing_only': True, 'source_level': 'B'}		internal_fragment	1.0	"{""2024"":2}"	FXZZ202404010;FXZZ202405002	A1/A2	pending_human_review
7cd92eec85bfbf4e55cc	依法裁判	cross_paper_discovery	bounded_chinese_ngram_maximal_repeat	2	2	1;2	"{""1"":2,""2"":3,""3"":0}"	程序审查	{'confidence': 0.1, 'domain': 'unrouted', 'evidence_source': 'keyword', 'evidence_span': '行政管理体制', 'label_origin': 'machine_inferred', 'routing_only': True, 'source_level': 'B'}		internal_fragment;lexical_support	0.95	"{""2023"":4,""2024"":1}"	FXZZ202310003;FXZZ202404002	A1/A2	pending_human_review
93361ae45b33b2652656	依职权	cross_paper_discovery	bounded_chinese_ngram_maximal_repeat	3	3	2;3	"{""1"":0,""2"":1,""3"":3}"	权利救济;证据证明	{'confidence': 0.1, 'domain': 'unrouted', 'evidence_source': 'keyword', 'evidence_span': '劳动法', 'label_origin': 'machine_inferred', 'routing_only': True, 'source_level': 'B'}		internal_fragment	1.75	"{""2023"":3,""2024"":1}"	FXZZ202303011;FXZZ202309004;FXZZ202412004	A1/A2	pending_human_review
6b67428cc974413142bc	依职权主动	cross_paper_discovery	bounded_chinese_ngram_maximal_repeat	2	2	2;3	"{""1"":0,""2"":1,""3"":2}"		{'confidence': 0.1, 'domain': 'unrouted', 'evidence_source': 'keyword', 'evidence_span': '劳动法', 'label_origin': 'machine_inferred', 'routing_only': True, 'source_level': 'B'}		internal_fragment	0.8	"{""2023"":3}"	FXZZ202303011;FXZZ202309004	A1/A2	pending_human_review
0abcc09cea8626c8834c	侦查机关	cross_paper_discovery	bounded_chinese_ngram_maximal_repeat	2	2	2;3	"{""1"":0,""2"":1,""3"":1}"	程序审查	{'confidence': 0.1, 'domain': 'unrouted', 'evidence_source': 'keyword', 'evidence_span': '监察范围', 'label_origin': 'machine_inferred', 'routing_only': True, 'source_level': 'B'}		internal_fragment	1.0	"{""2023"":1,""2024"":1}"	FXZZ202307006;FXZZ202412005	A1/A2	pending_human_review
c1d5aa4df5bcd2bce991	侵害法益	cross_paper_discovery	bounded_chinese_ngram_maximal_repeat	2	2	2	"{""1"":0,""2"":2,""3"":0}"		{'confidence': 0.1, 'domain': 'unrouted', 'evidence_source': 'keyword', 'evidence_span': '体系解释', 'label_origin': 'machine_inferred', 'routing_only': True, 'source_level': 'B'};{'confidence': 0.66, 'domain': '规范理论', 'evidence_source': 'keyword', 'evidence_span': '规范保护目的', 'label_origin': 'machine_inferred', 'routing_only': True, 'source_level': 'B'};{'confidence': 0.68, 'domain': '侵权责任', 'evidence_source': 'keyword', 'evidence_span': '法人单独责任', 'label_origin': 'machine_inferred', 'routing_only': True, 'source_level': 'B'}		internal_fragment	1.0	"{""2023"":1,""2024"":1}"	FXZZ202308006;FXZZ202403007	A1/A2	pending_human_review
a97ec69771ad801feeaa	侵权	legal_term	config_legal_term_longest_match	5	5	1;2;3	"{""1"":9,""2"":5,""3"":1}"	法律后果	{'confidence': 0.1, 'domain': 'unrouted', 'evidence_source': 'keyword', 'evidence_span': '法律定义', 'label_origin': 'machine_inferred', 'routing_only': True, 'source_level': 'B'};{'confidence': 0.66, 'domain': '规范理论', 'evidence_source': 'keyword', 'evidence_span': '规范目的', 'label_origin': 'machine_inferred', 'routing_only': True, 'source_level': 'B'};{'confidence': 0.68, 'domain': '程序法', 'evidence_source': 'keyword', 'evidence_span': '诉讼权利', 'label_origin': 'machine_inferred', 'routing_only': True, 'source_level': 'B'}				"{""2023"":7,""2024"":8}"	FXZZ202304009;FXZZ202308008;FXZZ202407009;FXZZ202407011;FXZZ202412008	A1/A2	pending_human_review
d88527d416ae3360b574	侵犯利益	cross_paper_discovery	bounded_chinese_ngram_maximal_repeat	2	2	1	"{""1"":2,""2"":0,""3"":0}"		{'confidence': 0.1, 'domain': 'unrouted', 'evidence_source': 'keyword', 'evidence_span': '利益衡量', 'label_origin': 'machine_inferred', 'routing_only': True, 'source_level': 'B'}		internal_fragment	1.0	"{""2023"":1,""2024"":1}"	FXZZ202301005;FXZZ202403009	A1/A2	pending_human_review
8b7d16f41b7926d4201c	侵犯著作权罪	cross_paper_discovery	bounded_chinese_ngram_maximal_repeat	2	2	1;2	"{""1"":3,""2"":3,""3"":0}"	构成要件;规范依据	{'confidence': 0.1, 'domain': 'unrouted', 'evidence_source': 'keyword', 'evidence_span': '加速到期', 'label_origin': 'machine_inferred', 'routing_only': True, 'source_level': 'B'}		internal_fragment;low_wordhood_score	0.472222	"{""2023"":4,""2024"":2}"	FXZZ202308007;FXZZ202405006	A1/A2	pending_human_review
25f2ed26a13146652ff9	侵犯财产	cross_paper_discovery	bounded_chinese_ngram_maximal_repeat	2	2	2;3	"{""1"":0,""2"":1,""3"":1}"		{'confidence': 0.1, 'domain': 'unrouted', 'evidence_source': 'keyword', 'evidence_span': '双轨制认定模式', 'label_origin': 'machine_inferred', 'routing_only': True, 'source_level': 'B'}		internal_fragment	1.0	"{""2023"":1,""2024"":1}"	FXZZ202309007;FXZZ202412008	A1/A2	pending_human_review
8487080962c5467d0046	保全规则	cross_paper_discovery	bounded_chinese_ngram_maximal_repeat	2	2	3	"{""1"":0,""2"":0,""3"":2}"	证据证明	{'confidence': 0.1, 'domain': 'unrouted', 'evidence_source': 'keyword', 'evidence_span': '分层治理', 'label_origin': 'machine_inferred', 'routing_only': True, 'source_level': 'B'};{'confidence': 0.68, 'domain': '程序法', 'evidence_source': 'keyword', 'evidence_span': '检察公益诉讼', 'label_origin': 'machine_inferred', 'routing_only': True, 'source_level': 'B'}		internal_fragment	1.0	"{""2024"":1,""2026"":1}"	FXZZ202412004;FXZZ202607003	A1/A2	pending_human_review
b5eb8652da9735dc04ac	保护	legal_term	config_legal_term_longest_match	63	63	1;2;3	"{""1"":51,""2"":104,""3"":45}"	制度构建;权利救济;构成要件;比较法;法律后果;研究结论;程序审查;规范依据	{'confidence': 0.1, 'domain': 'unrouted', 'evidence_source': 'keyword', 'evidence_span': '立法技术', 'label_origin': 'machine_inferred', 'routing_only': True, 'source_level': 'B'};{'confidence': 0.66, 'domain': '规范理论', 'evidence_source': 'keyword', 'evidence_span': '规范保护目的', 'label_origin': 'machine_inferred', 'routing_only': True, 'source_level': 'B'};{'confidence': 0.68, 'domain': '侵权责任', 'evidence_source': 'keyword', 'evidence_span': '损害赔偿', 'label_origin': 'machine_inferred', 'routing_only': True, 'source_level': 'B'};{'confidence': 0.68, 'domain': '程序法', 'evidence_source': 'keyword', 'evidence_span': '诉讼权利', 'label_origin': 'machine_inferred', 'routing_only': True, 'source_level': 'B'};{'confidence': 0.72, 'domain': '合同法', 'evidence_source': 'keyword', 'evidence_span': '合同解释', 'label_origin': 'machine_inferred', 'routing_only': True, 'source_level': 'B'}				"{""2023"":92,""2024"":103,""2025"":1,""2026"":4}"	FXZZ202301006;FXZZ202301007;FXZZ202301008;FXZZ202301009;FXZZ202301011;FXZZ202301012;FXZZ202302005;FXZZ202302010;FXZZ202302013;FXZZ202303004;FXZZ202303007;FXZZ202304005;FXZZ202304006;FXZZ202304009;FXZZ202305007;FXZZ202305011;FXZZ202306003;FXZZ202306006;FXZZ202306011;FXZZ202307006;FXZZ202307007;FXZZ202308006;FXZZ202308007;FXZZ202308013;FXZZ202309006;FXZZ202309013;FXZZ202310004;FXZZ202310005;FXZZ202310008;FXZZ202311006;FXZZ202311008;FXZZ202311010;FXZZ202311012;FXZZ202312005;FXZZ202312010;FXZZ202401003;FXZZ202401005;FXZZ202403002;FXZZ202403003;FXZZ202403007;FXZZ202403010;FXZZ202404005;FXZZ202404006;FXZZ202404007;FXZZ202404009;FXZZ202404012;FXZZ202405002;FXZZ202405013;FXZZ202406006;FXZZ202406007;FXZZ202406011;FXZZ202407003;FXZZ202407008;FXZZ202407009;FXZZ202407013;FXZZ202412006;FXZZ202412008;FXZZ202412009;FXZZ202412011;FXZZ202412013;FXZZ202501004;FXZZ202607004;FXZZ202607005	A1/A2	pending_human_review
876b7834222697886a6e	保护义务	cross_paper_discovery	bounded_chinese_ngram_maximal_repeat	4	4	2	"{""1"":0,""2"":4,""3"":0}"	制度构建	{'confidence': 0.1, 'domain': 'unrouted', 'evidence_source': 'keyword', 'evidence_span': '立法技术', 'label_origin': 'machine_inferred', 'routing_only': True, 'source_level': 'B'}		internal_fragment	1.875	"{""2023"":2,""2024"":2}"	FXZZ202301006;FXZZ202301011;FXZZ202401003;FXZZ202412006	A1/A2	pending_human_review
92633d14fb991f958e04	保护之间	cross_paper_discovery	bounded_chinese_ngram_maximal_repeat	2	2	2;3	"{""1"":0,""2"":2,""3"":1}"		{'confidence': 0.1, 'domain': 'unrouted', 'evidence_source': 'keyword', 'evidence_span': '法律治理', 'label_origin': 'machine_inferred', 'routing_only': True, 'source_level': 'B'}		internal_fragment	0.833333	"{""2023"":2,""2024"":1}"	FXZZ202312010;FXZZ202404005	A1/A2	pending_human_review
31ffe29e0c34d7b70a55	保护原则	cross_paper_discovery	bounded_chinese_ngram_maximal_repeat	2	2	1;2	"{""1"":2,""2"":2,""3"":0}"		{'confidence': 0.1, 'domain': 'unrouted', 'evidence_source': 'keyword', 'evidence_span': '刑法保障', 'label_origin': 'machine_inferred', 'routing_only': True, 'source_level': 'B'};{'confidence': 0.66, 'domain': '规范理论', 'evidence_source': 'keyword', 'evidence_span': '保护性规范', 'label_origin': 'machine_inferred', 'routing_only': True, 'source_level': 'B'}		internal_fragment;low_wordhood_score	0.75	"{""2023"":3,""2024"":1}"	FXZZ202301007;FXZZ202407008	A1/A2	pending_human_review
675c387c32b57b7dba1d	保护困境	cross_paper_discovery	bounded_chinese_ngram_maximal_repeat	2	2	1;2	"{""1"":2,""2"":1,""3"":0}"	权利救济	{'confidence': 0.1, 'domain': 'unrouted', 'evidence_source': 'keyword', 'evidence_span': '风险防范', 'label_origin': 'machine_inferred', 'routing_only': True, 'source_level': 'B'}		internal_fragment	0.833333	"{""2023"":3}"	FXZZ202309013;FXZZ202310004	A1/A2	pending_human_review
beb7d8bd48e873215673	保护性	cross_paper_discovery	bounded_chinese_ngram_maximal_repeat	4	4	1;2;3	"{""1"":1,""2"":7,""3"":2}"	规范依据	{'confidence': 0.1, 'domain': 'unrouted', 'evidence_source': 'keyword', 'evidence_span': '法条竞合', 'label_origin': 'machine_inferred', 'routing_only': True, 'source_level': 'B'}		internal_fragment	2.0	"{""2023"":8,""2024"":2}"	FXZZ202303004;FXZZ202305007;FXZZ202312005;FXZZ202407009	A1/A2	pending_human_review
9ff3d9a086c8f5a6588a	保护机制	cross_paper_discovery	bounded_chinese_ngram_maximal_repeat	2	2	2;3	"{""1"":0,""2"":3,""3"":1}"		{'confidence': 0.1, 'domain': 'unrouted', 'evidence_source': 'keyword', 'evidence_span': '一体化处罚观', 'label_origin': 'machine_inferred', 'routing_only': True, 'source_level': 'B'}		generic_container;internal_fragment;low_wordhood_score	0.75	"{""2023"":1,""2024"":3}"	FXZZ202302010;FXZZ202403003	A1/A2	pending_human_review
f01391989810b7121f1f	保护法	cross_paper_discovery	bounded_chinese_ngram_maximal_repeat	13	13	1;2;3	"{""1"":8,""2"":17,""3"":3}"	制度构建;构成要件;规范依据	{'confidence': 0.1, 'domain': 'unrouted', 'evidence_source': 'keyword', 'evidence_span': '药品犯罪圈', 'label_origin': 'machine_inferred', 'routing_only': True, 'source_level': 'B'};{'confidence': 0.66, 'domain': '规范理论', 'evidence_source': 'keyword', 'evidence_span': '规范保护目的', 'label_origin': 'machine_inferred', 'routing_only': True, 'source_level': 'B'};{'confidence': 0.68, 'domain': '侵权责任', 'evidence_source': 'keyword', 'evidence_span': '损害赔偿', 'label_origin': 'machine_inferred', 'routing_only': True, 'source_level': 'B'};{'confidence': 0.68, 'domain': '程序法', 'evidence_source': 'keyword', 'evidence_span': '诉讼权利', 'label_origin': 'machine_inferred', 'routing_only': True, 'source_level': 'B'}		internal_fragment	5.416666	"{""2023"":18,""2024"":9,""2026"":1}"	FXZZ202302005;FXZZ202302013;FXZZ202304005;FXZZ202304009;FXZZ202305011;FXZZ202308006;FXZZ202309006;FXZZ202312005;FXZZ202404005;FXZZ202406006;FXZZ202406007;FXZZ202406011;FXZZ202607004	A1/A2	pending_human_review
79869f4d61a4f202119a	保护法律	cross_paper_discovery	bounded_chinese_ngram_maximal_repeat	2	2	1;3	"{""1"":2,""2"":0,""3"":1}"	制度构建;规范依据	{'confidence': 0.1, 'domain': 'unrouted', 'evidence_source': 'keyword', 'evidence_span': '社会危害性', 'label_origin': 'machine_inferred', 'routing_only': True, 'source_level': 'B'}		internal_fragment	0.833333	"{""2024"":3}"	FXZZ202404005;FXZZ202406006	A1/A2	pending_human_review
28b418c71a6fc9c4570c	保护法益	cross_paper_discovery	bounded_chinese_ngram_maximal_repeat	7	7	1;2;3	"{""1"":4,""2"":15,""3"":1}"	构成要件	{'confidence': 0.1, 'domain': 'unrouted', 'evidence_source': 'keyword', 'evidence_span': '药品犯罪圈', 'label_origin': 'machine_inferred', 'routing_only': True, 'source_level': 'B'};{'confidence': 0.66, 'domain': '规范理论', 'evidence_source': 'keyword', 'evidence_span': '规范保护目的', 'label_origin': 'machine_inferred', 'routing_only': True, 'source_level': 'B'};{'confidence': 0.68, 'domain': '侵权责任', 'evidence_source': 'keyword', 'evidence_span': '直接责任人员', 'label_origin': 'machine_inferred', 'routing_only': True, 'source_level': 'B'}		internal_fragment	2.31875	"{""2023"":14,""2024"":5,""2026"":1}"	FXZZ202302005;FXZZ202304005;FXZZ202308006;FXZZ202309006;FXZZ202312005;FXZZ202406007;FXZZ202607004	A1/A2	pending_human_review
f4b6d40cc84e5aee15a4	保护法益的重	cross_paper_discovery	bounded_chinese_ngram_maximal_repeat	2	2	2	"{""1"":0,""2"":2,""3"":0}"		{'confidence': 0.1, 'domain': 'unrouted', 'evidence_source': 'keyword', 'evidence_span': '药品犯罪圈', 'label_origin': 'machine_inferred', 'routing_only': True, 'source_level': 'B'}		internal_fragment;low_wordhood_score	0.666666	"{""2023"":2}"	FXZZ202302005;FXZZ202309006	A1/A2	pending_human_review
1ee61579e79f7d6092c7	保护的法	cross_paper_discovery	bounded_chinese_ngram_maximal_repeat	3	3	3	"{""1"":0,""2"":0,""3"":3}"	制度构建;规范依据	{'confidence': 0.1, 'domain': 'unrouted', 'evidence_source': 'keyword', 'evidence_span': '非法人体试验', 'label_origin': 'machine_inferred', 'routing_only': True, 'source_level': 'B'}		internal_fragment	1.5	"{""2024"":3}"	FXZZ202404006;FXZZ202405002;FXZZ202412008	A1/A2	pending_human_review
b1826c4f8129e46a297e	保护立法	cross_paper_discovery	bounded_chinese_ngram_maximal_repeat	3	3	1;2;3	"{""1"":2,""2"":5,""3"":2}"		{'confidence': 0.1, 'domain': 'unrouted', 'evidence_source': 'keyword', 'evidence_span': '负面清单', 'label_origin': 'machine_inferred', 'routing_only': True, 'source_level': 'B'}		internal_fragment	1.166667	"{""2024"":9}"	FXZZ202403003;FXZZ202404012;FXZZ202406006	A1/A2	pending_human_review
1ed5fa3cf01df5b00259	保护规则	cross_paper_discovery	bounded_chinese_ngram_maximal_repeat	5	5	1;2;3	"{""1"":4,""2"":5,""3"":2}"	比较法	{'confidence': 0.1, 'domain': 'unrouted', 'evidence_source': 'keyword', 'evidence_span': '事实问题清单', 'label_origin': 'machine_inferred', 'routing_only': True, 'source_level': 'B'}		internal_fragment	1.988636	"{""2023"":7,""2024"":4}"	FXZZ202311010;FXZZ202403003;FXZZ202404005;FXZZ202404012;FXZZ202407013	A1/A2	pending_human_review
38c97dc4af5151346d9f	保护路径	cross_paper_discovery	bounded_chinese_ngram_maximal_repeat	2	2	1;2;3	"{""1"":3,""2"":3,""3"":2}"		{'confidence': 0.1, 'domain': 'unrouted', 'evidence_source': 'keyword', 'evidence_span': '多元共治', 'label_origin': 'machine_inferred', 'routing_only': True, 'source_level': 'B'}		generic_container;internal_fragment;low_wordhood_score	0.75	"{""2023"":2,""2024"":6}"	FXZZ202311012;FXZZ202407013	A1/A2	pending_human_review
05575f42135b08786e09	保证人	cross_paper_discovery	bounded_chinese_ngram_maximal_repeat	2	2	1;2	"{""1"":1,""2"":6,""3"":0}"	程序审查	{'confidence': 0.1, 'domain': 'unrouted', 'evidence_source': 'keyword', 'evidence_span': '不作为犯', 'label_origin': 'machine_inferred', 'routing_only': True, 'source_level': 'B'};{'confidence': 0.68, 'domain': '程序法', 'evidence_source': 'keyword', 'evidence_span': '智能辅助裁判', 'label_origin': 'machine_inferred', 'routing_only': True, 'source_level': 'B'}		internal_fragment	1.000001	"{""2023"":2,""2024"":5}"	FXZZ202306004;FXZZ202401009	A1/A2	pending_human_review
94ef717983bbbad5c8f7	保险制度	cross_paper_discovery	bounded_chinese_ngram_maximal_repeat	3	3	1;2;3	"{""1"":1,""2"":2,""3"":1}"	制度构建	{'confidence': 0.1, 'domain': 'unrouted', 'evidence_source': 'keyword', 'evidence_span': '分配功能', 'label_origin': 'machine_inferred', 'routing_only': True, 'source_level': 'B'};{'confidence': 0.66, 'domain': '规范理论', 'evidence_source': 'keyword', 'evidence_span': '规范解构', 'label_origin': 'machine_inferred', 'routing_only': True, 'source_level': 'B'}		internal_fragment	1.40625	"{""2023"":4}"	FXZZ202301013;FXZZ202304012;FXZZ202310005	A1/A2	pending_human_review
1a141aae86722f44ef9c	信息主	cross_paper_discovery	bounded_chinese_ngram_maximal_repeat	3	3	2	"{""1"":0,""2"":3,""3"":0}"	规范依据	{'confidence': 0.1, 'domain': 'unrouted', 'evidence_source': 'keyword', 'evidence_span': '信息自决', 'label_origin': 'machine_inferred', 'routing_only': True, 'source_level': 'B'};{'confidence': 0.68, 'domain': '侵权责任', 'evidence_source': 'keyword', 'evidence_span': '法人单独责任', 'label_origin': 'machine_inferred', 'routing_only': True, 'source_level': 'B'};{'confidence': 0.72, 'domain': '合同法', 'evidence_source': 'keyword', 'evidence_span': '合同自由', 'label_origin': 'machine_inferred', 'routing_only': True, 'source_level': 'B'}		internal_fragment	1.666667	"{""2023"":2,""2024"":1}"	FXZZ202306006;FXZZ202311006;FXZZ202403007	A1/A2	pending_human_review
2ef0d581f5b8bd12bd75	信息主体	cross_paper_discovery	bounded_chinese_ngram_maximal_repeat	2	2	2	"{""1"":0,""2"":2,""3"":0}"	规范依据	{'confidence': 0.1, 'domain': 'unrouted', 'evidence_source': 'keyword', 'evidence_span': '信息自决', 'label_origin': 'machine_inferred', 'routing_only': True, 'source_level': 'B'};{'confidence': 0.72, 'domain': '合同法', 'evidence_source': 'keyword', 'evidence_span': '合同自由', 'label_origin': 'machine_inferred', 'routing_only': True, 'source_level': 'B'}		internal_fragment	0.875	"{""2023"":2}"	FXZZ202306006;FXZZ202311006	A1/A2	pending_human_review
8038dbd313f6ee080aa6	信息侵	cross_paper_discovery	bounded_chinese_ngram_maximal_repeat	2	2	1;2	"{""1"":2,""2"":1,""3"":0}"		{'confidence': 0.1, 'domain': 'unrouted', 'evidence_source': 'keyword', 'evidence_span': '利益衡量', 'label_origin': 'machine_inferred', 'routing_only': True, 'source_level': 'B'};{'confidence': 0.68, 'domain': '程序法', 'evidence_source': 'keyword', 'evidence_span': '诉讼权利', 'label_origin': 'machine_inferred', 'routing_only': True, 'source_level': 'B'}		internal_fragment	1.111112	"{""2023"":3}"	FXZZ202301005;FXZZ202304009	A1/A2	pending_human_review
0578ab8f19d4a6a52dd1	信息保护	cross_paper_discovery	bounded_chinese_ngram_maximal_repeat	5	5	1;2;3	"{""1"":5,""2"":6,""3"":1}"	制度构建;规范依据	{'confidence': 0.1, 'domain': 'unrouted', 'evidence_source': 'keyword', 'evidence_span': '法律定义', 'label_origin': 'machine_inferred', 'routing_only': True, 'source_level': 'B'};{'confidence': 0.68, 'domain': '侵权责任', 'evidence_source': 'keyword', 'evidence_span': '法人单独责任', 'label_origin': 'machine_inferred', 'routing_only': True, 'source_level': 'B'};{'confidence': 0.68, 'domain': '程序法', 'evidence_source': 'keyword', 'evidence_span': '诉讼权利', 'label_origin': 'machine_inferred', 'routing_only': True, 'source_level': 'B'};{'confidence': 0.72, 'domain': '合同法', 'evidence_source': 'keyword', 'evidence_span': '合同自由', 'label_origin': 'machine_inferred', 'routing_only': True, 'source_level': 'B'}		internal_fragment	1.614583	"{""2023"":11,""2024"":1}"	FXZZ202304009;FXZZ202306006;FXZZ202311006;FXZZ202311010;FXZZ202403007	A1/A2	pending_human_review
5800b32bb421d9f0b371	信息共享	cross_paper_discovery	bounded_chinese_ngram_maximal_repeat	2	2	1;2	"{""1"":2,""2"":1,""3"":0}"	制度构建	{'confidence': 0.1, 'domain': 'unrouted', 'evidence_source': 'keyword', 'evidence_span': '合并规则', 'label_origin': 'machine_inferred', 'routing_only': True, 'source_level': 'B'}		internal_fragment	0.916667	"{""2023"":3}"	FXZZ202306007;FXZZ202311004	A1/A2	pending_human_review
4bbe8b88ea41bfd55ada	信息处理	cross_paper_discovery	bounded_chinese_ngram_maximal_repeat	4	4	1;2;3	"{""1"":1,""2"":4,""3"":1}"		{'confidence': 0.1, 'domain': 'unrouted', 'evidence_source': 'keyword', 'evidence_span': '多元立法模式', 'label_origin': 'machine_inferred', 'routing_only': True, 'source_level': 'B'};{'confidence': 0.72, 'domain': '合同法', 'evidence_source': 'keyword', 'evidence_span': '解除权', 'label_origin': 'machine_inferred', 'routing_only': True, 'source_level': 'B'}		internal_fragment	1.666667	"{""2023"":5,""2024"":1}"	FXZZ202311006;FXZZ202312007;FXZZ202312010;FXZZ202403002	A1/A2	pending_human_review
069beb8d6a248a72491b	信息处理者	cross_paper_discovery	bounded_chinese_ngram_maximal_repeat	3	3	1;2	"{""1"":1,""2"":2,""3"":0}"		{'confidence': 0.1, 'domain': 'unrouted', 'evidence_source': 'keyword', 'evidence_span': '多元立法模式', 'label_origin': 'machine_inferred', 'routing_only': True, 'source_level': 'B'};{'confidence': 0.72, 'domain': '合同法', 'evidence_source': 'keyword', 'evidence_span': '解除权', 'label_origin': 'machine_inferred', 'routing_only': True, 'source_level': 'B'}		internal_fragment	1.1	"{""2023"":2,""2024"":1}"	FXZZ202311006;FXZZ202312007;FXZZ202403002	A1/A2	pending_human_review
1f663188c7664e6f2dc3	信用主体	cross_paper_discovery	bounded_chinese_ngram_maximal_repeat	2	2	2	"{""1"":0,""2"":2,""3"":0}"	程序审查	{'confidence': 0.1, 'domain': 'unrouted', 'evidence_source': 'keyword', 'evidence_span': '补正解释', 'label_origin': 'machine_inferred', 'routing_only': True, 'source_level': 'B'}		internal_fragment	1.0	"{""2023"":1,""2024"":1}"	FXZZ202310005;FXZZ202401006	A1/A2	pending_human_review
be83cd9ad4561477161a	债务人	cross_paper_discovery	bounded_chinese_ngram_maximal_repeat	8	8	1;2;3	"{""1"":4,""2"":12,""3"":4}"	程序审查	{'confidence': 0.1, 'domain': 'unrouted', 'evidence_source': 'keyword', 'evidence_span': '参与分配', 'label_origin': 'machine_inferred', 'routing_only': True, 'source_level': 'B'};{'confidence': 0.66, 'domain': '规范理论', 'evidence_source': 'keyword', 'evidence_span': '保护性规范', 'label_origin': 'machine_inferred', 'routing_only': True, 'source_level': 'B'};{'confidence': 0.68, 'domain': '侵权责任', 'evidence_source': 'keyword', 'evidence_span': '定金责任', 'label_origin': 'machine_inferred', 'routing_only': True, 'source_level': 'B'};{'confidence': 0.68, 'domain': '程序法', 'evidence_source': 'keyword', 'evidence_span': '程序简化', 'label_origin': 'machine_inferred', 'routing_only': True, 'source_level': 'B'};{'confidence': 0.72, 'domain': '合同法', 'evidence_source': 'keyword', 'evidence_span': '违约定金', 'label_origin': 'machine_inferred', 'routing_only': True, 'source_level': 'B'}		internal_fragment	4.126985	"{""2023"":9,""2024"":11}"	FXZZ202301009;FXZZ202303006;FXZZ202305009;FXZZ202308010;FXZZ202312010;FXZZ202401009;FXZZ202407008;FXZZ202412010	A1/A2	pending_human_review
ccddab535be5ac3a2e12	债权人	cross_paper_discovery	bounded_chinese_ngram_maximal_repeat	9	9	1;2;3	"{""1"":11,""2"":20,""3"":4}"	制度构建;构成要件;案例适用;程序审查;证据证明	{'confidence': 0.1, 'domain': 'unrouted', 'evidence_source': 'keyword', 'evidence_span': '参与分配', 'label_origin': 'machine_inferred', 'routing_only': True, 'source_level': 'B'};{'confidence': 0.66, 'domain': '规范理论', 'evidence_source': 'keyword', 'evidence_span': '保护性规范', 'label_origin': 'machine_inferred', 'routing_only': True, 'source_level': 'B'};{'confidence': 0.68, 'domain': '程序法', 'evidence_source': 'keyword', 'evidence_span': '程序简化', 'label_origin': 'machine_inferred', 'routing_only': True, 'source_level': 'B'}			4.285714	"{""2023"":14,""2024"":14,""2026"":7}"	FXZZ202301009;FXZZ202302008;FXZZ202305009;FXZZ202308010;FXZZ202401009;FXZZ202405008;FXZZ202407008;FXZZ202412010;FXZZ202607008	A1/A2	pending_human_review
5a07657c158e09729615	债权人撤销权	cross_paper_discovery	bounded_chinese_ngram_maximal_repeat	2	2	1;2;3	"{""1"":5,""2"":8,""3"":1}"	制度构建;构成要件;案例适用;程序审查;证据证明	{'confidence': 0.1, 'domain': 'unrouted', 'evidence_source': 'keyword', 'evidence_span': '平行效果', 'label_origin': 'machine_inferred', 'routing_only': True, 'source_level': 'B'};{'confidence': 0.68, 'domain': '程序法', 'evidence_source': 'keyword', 'evidence_span': '程序简化', 'label_origin': 'machine_inferred', 'routing_only': True, 'source_level': 'B'}		internal_fragment;low_wordhood_score	0.464285	"{""2023"":7,""2026"":7}"	FXZZ202308010;FXZZ202607008	A1/A2	pending_human_review
f0ef89e2140644a9044f	健全数	cross_paper_discovery	bounded_chinese_ngram_maximal_repeat	2	2	2	"{""1"":0,""2"":2,""3"":0}"	制度构建;权利救济;规范依据	{'confidence': 0.1, 'domain': 'unrouted', 'evidence_source': 'keyword', 'evidence_span': '专属经济区内平时军事活动', 'label_origin': 'machine_inferred', 'routing_only': True, 'source_level': 'B'}		internal_fragment	1.333334	"{""2023"":1,""2024"":1}"	FXZZ202310012;FXZZ202403003	A1/A2	pending_human_review
8d7997378f31135a972a	偿请求权	cross_paper_discovery	bounded_chinese_ngram_maximal_repeat	2	2	1;2;3	"{""1"":2,""2"":6,""3"":3}"	权利救济;构成要件;规范依据	{'confidence': 0.1, 'domain': 'unrouted', 'evidence_source': 'keyword', 'evidence_span': '添附', 'label_origin': 'machine_inferred', 'routing_only': True, 'source_level': 'B'}		internal_fragment;low_wordhood_score	0.636364	"{""2023"":10,""2024"":1}"	FXZZ202303008;FXZZ202407011	A1/A2	pending_human_review
6465da4b457ed73be5a4	偿责任	cross_paper_discovery	bounded_chinese_ngram_maximal_repeat	5	5	1;2	"{""1"":6,""2"":5,""3"":0}"	法律后果;规范依据	{'confidence': 0.1, 'domain': 'unrouted', 'evidence_source': 'keyword', 'evidence_span': '添附', 'label_origin': 'machine_inferred', 'routing_only': True, 'source_level': 'B'};{'confidence': 0.66, 'domain': '规范理论', 'evidence_source': 'keyword', 'evidence_span': '规范目的', 'label_origin': 'machine_inferred', 'routing_only': True, 'source_level': 'B'};{'confidence': 0.72, 'domain': '合同法', 'evidence_source': 'keyword', 'evidence_span': '合同法规范', 'label_origin': 'machine_inferred', 'routing_only': True, 'source_level': 'B'}		internal_fragment	2.121213	"{""2023"":6,""2024"":5}"	FXZZ202303008;FXZZ202308008;FXZZ202310008;FXZZ202312007;FXZZ202403008	A1/A2	pending_human_review
2e5a3755ed7eaca05859	元模式	cross_paper_discovery	bounded_chinese_ngram_maximal_repeat	2	2	1;2	"{""1"":1,""2"":2,""3"":0}"		{'confidence': 0.1, 'domain': 'unrouted', 'evidence_source': 'keyword', 'evidence_span': '因果关系', 'label_origin': 'machine_inferred', 'routing_only': True, 'source_level': 'B'}		generic_container;internal_fragment	1.222223	"{""2023"":3}"	FXZZ202304008;FXZZ202307008	A1/A2	pending_human_review
b379c966beebef213f6a	充分发挥	cross_paper_discovery	bounded_chinese_ngram_maximal_repeat	2	2	2;3	"{""1"":0,""2"":1,""3"":1}"	案例适用	{'confidence': 0.1, 'domain': 'unrouted', 'evidence_source': 'keyword', 'evidence_span': '立法模', 'label_origin': 'machine_inferred', 'routing_only': True, 'source_level': 'B'}		internal_fragment	0.875	"{""2023"":1,""2024"":1}"	FXZZ202304003;FXZZ202406006	A1/A2	pending_human_review
acd640c2afd90192916d	党内法规	cross_paper_discovery	bounded_chinese_ngram_maximal_repeat	3	3	1;2;3	"{""1"":3,""2"":3,""3"":2}"	制度构建	{'confidence': 0.1, 'domain': 'unrouted', 'evidence_source': 'keyword', 'evidence_span': '法治现代化', 'label_origin': 'machine_inferred', 'routing_only': True, 'source_level': 'B'}		internal_fragment	1.078125	"{""2023"":6,""2024"":1,""2025"":1}"	FXZZ202307002;FXZZ202401002;FXZZ202501004	A1/A2	pending_human_review
6a4df31008620bc28e6b	党领导	cross_paper_discovery	bounded_chinese_ngram_maximal_repeat	2	2	1;2	"{""1"":1,""2"":1,""3"":0}"		{'confidence': 0.1, 'domain': 'unrouted', 'evidence_source': 'keyword', 'evidence_span': '重大创新', 'label_origin': 'machine_inferred', 'routing_only': True, 'source_level': 'B'}		internal_fragment	1.166667	"{""2023"":1,""2025"":1}"	FXZZ202306001;FXZZ202501004	A1/A2	pending_human_review
41c040ba815c5ebb5e76	全国人大常委会	cross_paper_discovery	bounded_chinese_ngram_maximal_repeat	2	2	2	"{""1"":0,""2"":3,""3"":0}"		{'confidence': 0.1, 'domain': 'unrouted', 'evidence_source': 'keyword', 'evidence_span': '立法模', 'label_origin': 'machine_inferred', 'routing_only': True, 'source_level': 'B'};{'confidence': 0.68, 'domain': '程序法', 'evidence_source': 'keyword', 'evidence_span': '核准程序', 'label_origin': 'machine_inferred', 'routing_only': True, 'source_level': 'B'}		internal_fragment;low_wordhood_score	0.523809	"{""2023"":3}"	FXZZ202304003;FXZZ202307005	A1/A2	pending_human_review
fbf0ef32df2a3c0847f1	全方位	cross_paper_discovery	bounded_chinese_ngram_maximal_repeat	2	2	2;3	"{""1"":0,""2"":1,""3"":1}"	制度构建;规范依据	{'confidence': 0.1, 'domain': 'unrouted', 'evidence_source': 'keyword', 'evidence_span': '刑法保障', 'label_origin': 'machine_inferred', 'routing_only': True, 'source_level': 'B'}		internal_fragment	1.333334	"{""2023"":1,""2024"":1}"	FXZZ202301007;FXZZ202405002	A1/A2	pending_human_review
205e09ae5437aa99766e	全面依法治国	cross_paper_discovery	bounded_chinese_ngram_maximal_repeat	4	4	1;2	"{""1"":2,""2"":3,""3"":0}"	程序审查	{'confidence': 0.1, 'domain': 'unrouted', 'evidence_source': 'keyword', 'evidence_span': '全面依法治国', 'label_origin': 'machine_inferred', 'routing_only': True, 'source_level': 'B'};{'confidence': 0.68, 'domain': '程序法', 'evidence_source': 'keyword', 'evidence_span': '主观程序正义', 'label_origin': 'machine_inferred', 'routing_only': True, 'source_level': 'B'}		internal_fragment	1.200001	"{""2023"":4,""2024"":1}"	FXZZ202301001;FXZZ202303001;FXZZ202306001;FXZZ202401002	A1/A2	pending_human_review
940f91dba08e9ea4512e	全面适用	cross_paper_discovery	bounded_chinese_ngram_maximal_repeat	2	2	3	"{""1"":0,""2"":0,""3"":2}"	法律后果	{'confidence': 0.1, 'domain': 'unrouted', 'evidence_source': 'keyword', 'evidence_span': '污染环境罪', 'label_origin': 'machine_inferred', 'routing_only': True, 'source_level': 'B'}		internal_fragment;lexical_support	0.875	"{""2023"":2}"	FXZZ202309005;FXZZ202311007	A1/A2	pending_human_review
e7b1593120b94f6ca963	全面适用	legal_pattern	config_legal_pattern	2	2	3	"{""1"":0,""2"":0,""3"":2}"	法律后果	{'confidence': 0.1, 'domain': 'unrouted', 'evidence_source': 'keyword', 'evidence_span': '污染环境罪', 'label_origin': 'machine_inferred', 'routing_only': True, 'source_level': 'B'}				"{""2023"":2}"	FXZZ202309005;FXZZ202311007	A1/A2	pending_human_review
ab0a678d443c279bbdc2	公共利益	cross_paper_discovery	bounded_chinese_ngram_maximal_repeat	7	7	1;2;3	"{""1"":1,""2"":6,""3"":1}"	制度构建;权利救济	{'confidence': 0.1, 'domain': 'unrouted', 'evidence_source': 'keyword', 'evidence_span': '数据自决权', 'label_origin': 'machine_inferred', 'routing_only': True, 'source_level': 'B'};{'confidence': 0.68, 'domain': '程序法', 'evidence_source': 'keyword', 'evidence_span': '诉讼要件', 'label_origin': 'machine_inferred', 'routing_only': True, 'source_level': 'B'}		internal_fragment	2.953125	"{""2023"":5,""2024"":3}"	FXZZ202301003;FXZZ202303009;FXZZ202303011;FXZZ202310005;FXZZ202311008;FXZZ202401005;FXZZ202403009	A1/A2	pending_human_review
34a5db50c5cd50d53e64	公共安全	cross_paper_discovery	bounded_chinese_ngram_maximal_repeat	2	2	1;2;3	"{""1"":4,""2"":11,""3"":10}"	构成要件;规范依据	{'confidence': 0.1, 'domain': 'unrouted', 'evidence_source': 'keyword', 'evidence_span': '科技宪法', 'label_origin': 'machine_inferred', 'routing_only': True, 'source_level': 'B'}		internal_fragment;low_wordhood_score	0.59	"{""2023"":25}"	FXZZ202302004;FXZZ202305006	A1/A2	pending_human_review
6e48126e8845c8e49cd3	公共性	cross_paper_discovery	bounded_chinese_ngram_maximal_repeat	2	2	2	"{""1"":0,""2"":2,""3"":0}"		{'confidence': 0.1, 'domain': 'unrouted', 'evidence_source': 'keyword', 'evidence_span': '科技宪法', 'label_origin': 'machine_inferred', 'routing_only': True, 'source_level': 'B'}		internal_fragment	1.333334	"{""2023"":1,""2024"":1}"	FXZZ202302004;FXZZ202404005	A1/A2	pending_human_review
729c5b0a955551f50bbf	公共数据	cross_paper_discovery	bounded_chinese_ngram_maximal_repeat	2	2	2;3	"{""1"":0,""2"":1,""3"":1}"		{'confidence': 0.1, 'domain': 'unrouted', 'evidence_source': 'keyword', 'evidence_span': '整全性', 'label_origin': 'machine_inferred', 'routing_only': True, 'source_level': 'B'};{'confidence': 0.66, 'domain': '比较法', 'evidence_source': 'keyword', 'evidence_span': '国际投资协定', 'label_origin': 'machine_inferred', 'routing_only': True, 'source_level': 'B'}		internal_fragment	1.0	"{""2023"":1,""2024"":1}"	FXZZ202309004;FXZZ202407012	A1/A2	pending_human_review
edee2b14cfbed309cb5d	公共服务	cross_paper_discovery	bounded_chinese_ngram_maximal_repeat	2	2	2	"{""1"":0,""2"":2,""3"":0}"		{'confidence': 0.1, 'domain': 'unrouted', 'evidence_source': 'keyword', 'evidence_span': '隐私权', 'label_origin': 'machine_inferred', 'routing_only': True, 'source_level': 'B'};{'confidence': 0.68, 'domain': '程序法', 'evidence_source': 'keyword', 'evidence_span': '正当裁判', 'label_origin': 'machine_inferred', 'routing_only': True, 'source_level': 'B'}		internal_fragment	0.875	"{""2023"":2}"	FXZZ202301011;FXZZ202310002	A1/A2	pending_human_review
962a4da7269d6875cc09	公共法律	cross_paper_discovery	bounded_chinese_ngram_maximal_repeat	2	2	1;2;3	"{""1"":2,""2"":4,""3"":1}"	制度构建;权利救济;程序审查;规范依据	{'confidence': 0.1, 'domain': 'unrouted', 'evidence_source': 'keyword', 'evidence_span': '法的安定性', 'label_origin': 'machine_inferred', 'routing_only': True, 'source_level': 'B'};{'confidence': 0.68, 'domain': '程序法', 'evidence_source': 'keyword', 'evidence_span': '正当裁判', 'label_origin': 'machine_inferred', 'routing_only': True, 'source_level': 'B'};{'confidence': 0.72, 'domain': '合同法', 'evidence_source': 'keyword', 'evidence_span': '违约金调整', 'label_origin': 'machine_inferred', 'routing_only': True, 'source_level': 'B'}		internal_fragment;low_wordhood_score	0.678571	"{""2023"":6,""2026"":1}"	FXZZ202310002;FXZZ202607006	A1/A2	pending_human_review
1df248f43b41c7ecc81d	公平分配	cross_paper_discovery	bounded_chinese_ngram_maximal_repeat	2	2	2	"{""1"":0,""2"":2,""3"":0}"		{'confidence': 0.1, 'domain': 'unrouted', 'evidence_source': 'keyword', 'evidence_span': '参与分配', 'label_origin': 'machine_inferred', 'routing_only': True, 'source_level': 'B'}		internal_fragment	0.875	"{""2023"":1,""2026"":1}"	FXZZ202301009;FXZZ202607002	A1/A2	pending_human_review
d774b6a10f0386c96fbc	公平竞争	cross_paper_discovery	bounded_chinese_ngram_maximal_repeat	2	2	2;3	"{""1"":0,""2"":2,""3"":3}"	制度构建;程序审查	{'confidence': 0.1, 'domain': 'unrouted', 'evidence_source': 'keyword', 'evidence_span': '透明度', 'label_origin': 'machine_inferred', 'routing_only': True, 'source_level': 'B'};{'confidence': 0.66, 'domain': '比较法', 'evidence_source': 'keyword', 'evidence_span': '国际经贸合作', 'label_origin': 'machine_inferred', 'routing_only': True, 'source_level': 'B'};{'confidence': 0.68, 'domain': '程序法', 'evidence_source': 'keyword', 'evidence_span': '外部审查', 'label_origin': 'machine_inferred', 'routing_only': True, 'source_level': 'B'}		internal_fragment	0.9	"{""2023"":5}"	FXZZ202302012;FXZZ202303010	A1/A2	pending_human_review
06180f84cb8951b1911d	公开制	cross_paper_discovery	bounded_chinese_ngram_maximal_repeat	2	2	2	"{""1"":0,""2"":2,""3"":0}"	制度构建	{'confidence': 0.1, 'domain': 'unrouted', 'evidence_source': 'keyword', 'evidence_span': '法律控制', 'label_origin': 'machine_inferred', 'routing_only': True, 'source_level': 'B'}		internal_fragment	1.333334	"{""2023"":2}"	FXZZ202303003;FXZZ202311004	A1/A2	pending_human_review
45674503c609227e5894	公益性	cross_paper_discovery	bounded_chinese_ngram_maximal_repeat	3	3	2;3	"{""1"":0,""2"":1,""3"":2}"		{'confidence': 0.1, 'domain': 'unrouted', 'evidence_source': 'keyword', 'evidence_span': '整全性', 'label_origin': 'machine_inferred', 'routing_only': True, 'source_level': 'B'};{'confidence': 0.66, 'domain': '比较法', 'evidence_source': 'keyword', 'evidence_span': '域外适用', 'label_origin': 'machine_inferred', 'routing_only': True, 'source_level': 'B'}		internal_fragment	2.0	"{""2023"":2,""2024"":1}"	FXZZ202309004;FXZZ202310004;FXZZ202401011	A1/A2	pending_human_review
f2d7ba7d5c80e274c23c	公益诉讼	cross_paper_discovery	bounded_chinese_ngram_maximal_repeat	5	5	1;2;3	"{""1"":9,""2"":7,""3"":6}"	制度构建;权利救济;程序审查;证据证明	{'confidence': 0.1, 'domain': 'unrouted', 'evidence_source': 'keyword', 'evidence_span': '风险防范', 'label_origin': 'machine_inferred', 'routing_only': True, 'source_level': 'B'};{'confidence': 0.68, 'domain': '程序法', 'evidence_source': 'keyword', 'evidence_span': '消费公益诉讼', 'label_origin': 'machine_inferred', 'routing_only': True, 'source_level': 'B'}		internal_fragment	1.647727	"{""2023"":12,""2024"":1,""2026"":9}"	FXZZ202309013;FXZZ202310004;FXZZ202312008;FXZZ202407011;FXZZ202607003	A1/A2	pending_human_review
b50c831e25f0d4d102f1	共同体	cross_paper_discovery	bounded_chinese_ngram_maximal_repeat	8	8	2	"{""1"":0,""2"":11,""3"":0}"	制度构建	{'confidence': 0.1, 'domain': 'unrouted', 'evidence_source': 'keyword', 'evidence_span': '数据自决权', 'label_origin': 'machine_inferred', 'routing_only': True, 'source_level': 'B'};{'confidence': 0.66, 'domain': '比较法', 'evidence_source': 'keyword', 'evidence_span': '国际高标准经贸规则', 'label_origin': 'machine_inferred', 'routing_only': True, 'source_level': 'B'};{'confidence': 0.68, 'domain': '程序法', 'evidence_source': 'keyword', 'evidence_span': '程序问题', 'label_origin': 'machine_inferred', 'routing_only': True, 'source_level': 'B'}		internal_fragment	4.484849	"{""2023"":4,""2024"":5,""2025"":2}"	FXZZ202301003;FXZZ202301013;FXZZ202308012;FXZZ202401010;FXZZ202401013;FXZZ202406012;FXZZ202412002;FXZZ202501004	A1/A2	pending_human_review
d528f7b87755955704ba	共同犯罪中的地位	cross_paper_discovery	bounded_chinese_ngram_maximal_repeat	2	2	3	"{""1"":0,""2"":0,""3"":2}"		{'confidence': 0.1, 'domain': 'unrouted', 'evidence_source': 'keyword', 'evidence_span': '监察范围', 'label_origin': 'machine_inferred', 'routing_only': True, 'source_level': 'B'}		internal_fragment;low_wordhood_score	0.4375	"{""2023"":2}"	FXZZ202307006;FXZZ202309007	A1/A2	pending_human_review
8c817f60618b3f65d4df	关于我国	cross_paper_discovery	bounded_chinese_ngram_maximal_repeat	2	2	2	"{""1"":0,""2"":2,""3"":0}"		{'confidence': 0.1, 'domain': 'unrouted', 'evidence_source': 'keyword', 'evidence_span': '通知抵销', 'label_origin': 'machine_inferred', 'routing_only': True, 'source_level': 'B'};{'confidence': 0.68, 'domain': '程序法', 'evidence_source': 'keyword', 'evidence_span': '诉讼时效', 'label_origin': 'machine_inferred', 'routing_only': True, 'source_level': 'B'}		internal_fragment	0.875	"{""2024"":2}"	FXZZ202404007;FXZZ202404012	A1/A2	pending_human_review
e737aac9a4383f815b32	关的权	cross_paper_discovery	bounded_chinese_ngram_maximal_repeat	2	2	2;3	"{""1"":0,""2"":2,""3"":1}"		{'confidence': 0.1, 'domain': 'unrouted', 'evidence_source': 'keyword', 'evidence_span': '信用规制', 'label_origin': 'machine_inferred', 'routing_only': True, 'source_level': 'B'};{'confidence': 0.68, 'domain': '程序法', 'evidence_source': 'keyword', 'evidence_span': '备案审查', 'label_origin': 'machine_inferred', 'routing_only': True, 'source_level': 'B'}		internal_fragment	1.111112	"{""2024"":3}"	FXZZ202401005;FXZZ202407004	A1/A2	pending_human_review
621a2df20d03d22a2c3d	关系厘	cross_paper_discovery	bounded_chinese_ngram_maximal_repeat	2	2	2;3	"{""1"":0,""2"":1,""3"":1}"		{'confidence': 0.1, 'domain': 'unrouted', 'evidence_source': 'keyword', 'evidence_span': '司法酌减', 'label_origin': 'machine_inferred', 'routing_only': True, 'source_level': 'B'};{'confidence': 0.72, 'domain': '合同法', 'evidence_source': 'keyword', 'evidence_span': '违约金', 'label_origin': 'machine_inferred', 'routing_only': True, 'source_level': 'B'}		internal_fragment	1.166667	"{""2023"":1,""2026"":1}"	FXZZ202309008;FXZZ202607007	A1/A2	pending_human_review
70c061d46cf86d749692	关系的判断	cross_paper_discovery	bounded_chinese_ngram_maximal_repeat	3	3	2	"{""1"":0,""2"":3,""3"":0}"	法律后果;程序审查;规范依据	{'confidence': 0.1, 'domain': 'unrouted', 'evidence_source': 'keyword', 'evidence_span': '法律定义', 'label_origin': 'machine_inferred', 'routing_only': True, 'source_level': 'B'};{'confidence': 0.66, 'domain': '规范理论', 'evidence_source': 'keyword', 'evidence_span': '规范目的', 'label_origin': 'machine_inferred', 'routing_only': True, 'source_level': 'B'};{'confidence': 0.68, 'domain': '程序法', 'evidence_source': 'keyword', 'evidence_span': '诉讼权利', 'label_origin': 'machine_inferred', 'routing_only': True, 'source_level': 'B'}		internal_fragment	1.1	"{""2023"":3}"	FXZZ202304009;FXZZ202308005;FXZZ202308008	A1/A2	pending_human_review
25e23727dffd75dd3aad	关系问题	cross_paper_discovery	bounded_chinese_ngram_maximal_repeat	2	2	2	"{""1"":0,""2"":3,""3"":0}"		{'confidence': 0.1, 'domain': 'unrouted', 'evidence_source': 'keyword', 'evidence_span': '制度型开放', 'label_origin': 'machine_inferred', 'routing_only': True, 'source_level': 'B'};{'confidence': 0.66, 'domain': '比较法', 'evidence_source': 'keyword', 'evidence_span': '国际高标准经贸规则', 'label_origin': 'machine_inferred', 'routing_only': True, 'source_level': 'B'}		internal_fragment;low_wordhood_score	0.666667	"{""2023"":2,""2024"":1}"	FXZZ202310013;FXZZ202406012	A1/A2	pending_human_review
ed99dc845951d7cd9488	关联性	cross_paper_discovery	bounded_chinese_ngram_maximal_repeat	2	2	1;2	"{""1"":3,""2"":1,""3"":0}"		{'confidence': 0.1, 'domain': 'unrouted', 'evidence_source': 'keyword', 'evidence_span': '惩罚机制', 'label_origin': 'machine_inferred', 'routing_only': True, 'source_level': 'B'}		internal_fragment	1.000001	"{""2023"":1,""2025"":3}"	FXZZ202309011;FXZZ202501001	A1/A2	pending_human_review
80573a621ddcc87ae1d0	具体体现	cross_paper_discovery	bounded_chinese_ngram_maximal_repeat	2	2	2;3	"{""1"":0,""2"":1,""3"":1}"		{'confidence': 0.1, 'domain': 'unrouted', 'evidence_source': 'keyword', 'evidence_span': '因果关系', 'label_origin': 'machine_inferred', 'routing_only': True, 'source_level': 'B'}		internal_fragment;low_wordhood_score	0.75	"{""2023"":1,""2024"":1}"	FXZZ202304008;FXZZ202406011	A1/A2	pending_human_review
12f4cee75423e2ba5b29	具体化	cross_paper_discovery	bounded_chinese_ngram_maximal_repeat	6	6	1;2;3	"{""1"":1,""2"":5,""3"":1}"		{'confidence': 0.1, 'domain': 'unrouted', 'evidence_source': 'keyword', 'evidence_span': '全面依法治国', 'label_origin': 'machine_inferred', 'routing_only': True, 'source_level': 'B'};{'confidence': 0.68, 'domain': '侵权责任', 'evidence_source': 'keyword', 'evidence_span': '无权代理人责任', 'label_origin': 'machine_inferred', 'routing_only': True, 'source_level': 'B'};{'confidence': 0.68, 'domain': '程序法', 'evidence_source': 'keyword', 'evidence_span': '主观程序正义', 'label_origin': 'machine_inferred', 'routing_only': True, 'source_level': 'B'}		internal_fragment	3.428571	"{""2023"":7}"	FXZZ202301001;FXZZ202301004;FXZZ202301005;FXZZ202301010;FXZZ202304002;FXZZ202306010	A1/A2	pending_human_review
5c41087208289c1a0eff	具体困境	cross_paper_discovery	bounded_chinese_ngram_maximal_repeat	2	2	2;3	"{""1"":0,""2"":1,""3"":1}"		{'confidence': 0.1, 'domain': 'unrouted', 'evidence_source': 'keyword', 'evidence_span': '交互型研究范式', 'label_origin': 'machine_inferred', 'routing_only': True, 'source_level': 'B'}			1.0	"{""2023"":1,""2024"":1}"	FXZZ202302001;FXZZ202401003	A1/A2	pending_human_review
33422782933fb9906ab2	具体实	cross_paper_discovery	bounded_chinese_ngram_maximal_repeat	3	3	1;2	"{""1"":1,""2"":2,""3"":0}"		{'confidence': 0.1, 'domain': 'unrouted', 'evidence_source': 'keyword', 'evidence_span': '数字正义', 'label_origin': 'machine_inferred', 'routing_only': True, 'source_level': 'B'};{'confidence': 0.72, 'domain': '合同法', 'evidence_source': 'keyword', 'evidence_span': '违约金调整', 'label_origin': 'machine_inferred', 'routing_only': True, 'source_level': 'B'}		internal_fragment	1.833333	"{""2024"":2,""2026"":1}"	FXZZ202401002;FXZZ202401003;FXZZ202607006	A1/A2	pending_human_review
736322609efc9673fbcc	具体展开	cross_paper_discovery	bounded_chinese_ngram_maximal_repeat	3	3	1;2	"{""1"":1,""2"":2,""3"":0}"	规范依据	{'confidence': 0.1, 'domain': 'unrouted', 'evidence_source': 'keyword', 'evidence_span': '合目的性改革', 'label_origin': 'machine_inferred', 'routing_only': True, 'source_level': 'B'};{'confidence': 0.68, 'domain': '程序法', 'evidence_source': 'keyword', 'evidence_span': '备案审查', 'label_origin': 'machine_inferred', 'routing_only': True, 'source_level': 'B'}			1.125	"{""2023"":1,""2024"":2}"	FXZZ202301004;FXZZ202403006;FXZZ202407004	A1/A2	pending_human_review
433a6d8d15c47629c529	具体情	cross_paper_discovery	bounded_chinese_ngram_maximal_repeat	2	2	2	"{""1"":0,""2"":2,""3"":0}"		{'confidence': 0.1, 'domain': 'unrouted', 'evidence_source': 'keyword', 'evidence_span': '劳动法', 'label_origin': 'machine_inferred', 'routing_only': True, 'source_level': 'B'};{'confidence': 0.66, 'domain': '比较法', 'evidence_source': 'keyword', 'evidence_span': '国际税收协调', 'label_origin': 'machine_inferred', 'routing_only': True, 'source_level': 'B'};{'confidence': 0.68, 'domain': '程序法', 'evidence_source': 'keyword', 'evidence_span': '相互协商程序', 'label_origin': 'machine_inferred', 'routing_only': True, 'source_level': 'B'};{'confidence': 0.76, 'domain': '仲裁法', 'evidence_source': 'keyword', 'evidence_span': '税收仲裁', 'label_origin': 'machine_inferred', 'routing_only': True, 'source_level': 'B'}		internal_fragment	1.166667	"{""2023"":2}"	FXZZ202303011;FXZZ202304013	A1/A2	pending_human_review
3cbf4e707430098e22b9	具体方	cross_paper_discovery	bounded_chinese_ngram_maximal_repeat	2	2	2	"{""1"":0,""2"":2,""3"":0}"	规范依据	{'confidence': 0.1, 'domain': 'unrouted', 'evidence_source': 'keyword', 'evidence_span': '民事代理', 'label_origin': 'machine_inferred', 'routing_only': True, 'source_level': 'B'};{'confidence': 0.68, 'domain': '程序法', 'evidence_source': 'keyword', 'evidence_span': '保证债务诉讼时效', 'label_origin': 'machine_inferred', 'routing_only': True, 'source_level': 'B'}		internal_fragment	1.166667	"{""2023"":1,""2024"":1}"	FXZZ202307007;FXZZ202401008	A1/A2	pending_human_review
0961418699e167c2ac0e	具体表	cross_paper_discovery	bounded_chinese_ngram_maximal_repeat	3	3	1;2	"{""1"":2,""2"":1,""3"":0}"	制度构建;规范依据	{'confidence': 0.1, 'domain': 'unrouted', 'evidence_source': 'keyword', 'evidence_span': '分配功能', 'label_origin': 'machine_inferred', 'routing_only': True, 'source_level': 'B'};{'confidence': 0.66, 'domain': '规范理论', 'evidence_source': 'keyword', 'evidence_span': '规范解构', 'label_origin': 'machine_inferred', 'routing_only': True, 'source_level': 'B'}		internal_fragment	1.666667	"{""2023"":1,""2024"":2}"	FXZZ202304012;FXZZ202403005;FXZZ202412003	A1/A2	pending_human_review
44f83d8175703f81039f	具体表现	cross_paper_discovery	bounded_chinese_ngram_maximal_repeat	2	2	1;2	"{""1"":1,""2"":1,""3"":0}"	制度构建;规范依据	{'confidence': 0.1, 'domain': 'unrouted', 'evidence_source': 'keyword', 'evidence_span': '分配功能', 'label_origin': 'machine_inferred', 'routing_only': True, 'source_level': 'B'};{'confidence': 0.66, 'domain': '规范理论', 'evidence_source': 'keyword', 'evidence_span': '规范解构', 'label_origin': 'machine_inferred', 'routing_only': True, 'source_level': 'B'}		internal_fragment	0.875	"{""2023"":1,""2024"":1}"	FXZZ202304012;FXZZ202403005	A1/A2	pending_human_review
0784797de534a9fb5f1a	具体认定	cross_paper_discovery	bounded_chinese_ngram_maximal_repeat	2	2	2;3	"{""1"":0,""2"":1,""3"":1}"		{'confidence': 0.1, 'domain': 'unrouted', 'evidence_source': 'keyword', 'evidence_span': '双轨制认定模式', 'label_origin': 'machine_inferred', 'routing_only': True, 'source_level': 'B'}		internal_fragment;low_wordhood_score	0.75	"{""2023"":1,""2024"":1}"	FXZZ202309007;FXZZ202406009	A1/A2	pending_human_review
4b9939b8026d3d6f24be	具体适用	cross_paper_discovery	bounded_chinese_ngram_maximal_repeat	5	5	1;2;3	"{""1"":1,""2"":3,""3"":3}"	程序审查	{'confidence': 0.1, 'domain': 'unrouted', 'evidence_source': 'keyword', 'evidence_span': '除名之诉', 'label_origin': 'machine_inferred', 'routing_only': True, 'source_level': 'B'};{'confidence': 0.68, 'domain': '程序法', 'evidence_source': 'keyword', 'evidence_span': '审查认证规则', 'label_origin': 'machine_inferred', 'routing_only': True, 'source_level': 'B'}		internal_fragment	1.785714	"{""2023"":5,""2024"":2}"	FXZZ202303007;FXZZ202309010;FXZZ202312010;FXZZ202406009;FXZZ202407007	A1/A2	pending_human_review
dd3971817df3e7d2955d	具有严	cross_paper_discovery	bounded_chinese_ngram_maximal_repeat	2	2	3	"{""1"":0,""2"":0,""3"":2}"	程序审查	{'confidence': 0.1, 'domain': 'unrouted', 'evidence_source': 'keyword', 'evidence_span': '共同行为', 'label_origin': 'machine_inferred', 'routing_only': True, 'source_level': 'B'}		internal_fragment	1.333334	"{""2023"":1,""2024"":1}"	FXZZ202302011;FXZZ202412005	A1/A2	pending_human_review
2a7f71ee21a4a768aec8	具有因果关系	cross_paper_discovery	bounded_chinese_ngram_maximal_repeat	3	3	2;3	"{""1"":0,""2"":2,""3"":1}"	构成要件	{'confidence': 0.1, 'domain': 'unrouted', 'evidence_source': 'keyword', 'evidence_span': '共同行为', 'label_origin': 'machine_inferred', 'routing_only': True, 'source_level': 'B'};{'confidence': 0.66, 'domain': '规范理论', 'evidence_source': 'keyword', 'evidence_span': '规范保护目的', 'label_origin': 'machine_inferred', 'routing_only': True, 'source_level': 'B'}		internal_fragment	0.833333	"{""2023"":3}"	FXZZ202302011;FXZZ202303008;FXZZ202306003	A1/A2	pending_human_review
3760c19d743efb864eff	具有独	cross_paper_discovery	bounded_chinese_ngram_maximal_repeat	2	2	2	"{""1"":0,""2"":2,""3"":0}"	权利救济	{'confidence': 0.1, 'domain': 'unrouted', 'evidence_source': 'keyword', 'evidence_span': '基本权利', 'label_origin': 'machine_inferred', 'routing_only': True, 'source_level': 'B'};{'confidence': 0.68, 'domain': '程序法', 'evidence_source': 'keyword', 'evidence_span': '检察公益诉讼', 'label_origin': 'machine_inferred', 'routing_only': True, 'source_level': 'B'}		internal_fragment	1.333334	"{""2024"":1,""2026"":1}"	FXZZ202412002;FXZZ202607003	A1/A2	pending_human_review
aa0493ac2dee87a95121	典型场景	cross_paper_discovery	bounded_chinese_ngram_maximal_repeat	2	2	1;2	"{""1"":1,""2"":1,""3"":0}"		{'confidence': 0.1, 'domain': 'unrouted', 'evidence_source': 'keyword', 'evidence_span': '全面依法治国', 'label_origin': 'machine_inferred', 'routing_only': True, 'source_level': 'B'};{'confidence': 0.66, 'domain': '比较法', 'evidence_source': 'keyword', 'evidence_span': '国际投资协定', 'label_origin': 'machine_inferred', 'routing_only': True, 'source_level': 'B'};{'confidence': 0.68, 'domain': '程序法', 'evidence_source': 'keyword', 'evidence_span': '主观程序正义', 'label_origin': 'machine_inferred', 'routing_only': True, 'source_level': 'B'}		internal_fragment	1.0	"{""2023"":1,""2024"":1}"	FXZZ202301001;FXZZ202407012	A1/A2	pending_human_review
a4e51d4c62a37e1f9ea6	典型特征	cross_paper_discovery	bounded_chinese_ngram_maximal_repeat	2	2	2;3	"{""1"":0,""2"":1,""3"":1}"		{'confidence': 0.1, 'domain': 'unrouted', 'evidence_source': 'keyword', 'evidence_span': '刑法固有的违法性', 'label_origin': 'machine_inferred', 'routing_only': True, 'source_level': 'B'}		internal_fragment	0.875	"{""2023"":1,""2024"":1}"	FXZZ202311013;FXZZ202403005	A1/A2	pending_human_review
58d850484a060a11188d	再解释	cross_paper_discovery	bounded_chinese_ngram_maximal_repeat	2	2	1;3	"{""1"":1,""2"":0,""3"":1}"	比较法	{'confidence': 0.1, 'domain': 'unrouted', 'evidence_source': 'keyword', 'evidence_span': '新型基本权利', 'label_origin': 'machine_inferred', 'routing_only': True, 'source_level': 'B'};{'confidence': 0.68, 'domain': '程序法', 'evidence_source': 'keyword', 'evidence_span': '《刑事诉讼法》修改', 'label_origin': 'machine_inferred', 'routing_only': True, 'source_level': 'B'}		internal_fragment	1.000001	"{""2024"":2}"	FXZZ202401013;FXZZ202412010	A1/A2	pending_human_review
a84229ba50d4ef9cb513	决定作	cross_paper_discovery	bounded_chinese_ngram_maximal_repeat	2	2	2	"{""1"":0,""2"":2,""3"":0}"	程序审查;规范依据	{'confidence': 0.1, 'domain': 'unrouted', 'evidence_source': 'keyword', 'evidence_span': '刑法处罚早期化', 'label_origin': 'machine_inferred', 'routing_only': True, 'source_level': 'B'};{'confidence': 0.68, 'domain': '程序法', 'evidence_source': 'keyword', 'evidence_span': '特别程序', 'label_origin': 'machine_inferred', 'routing_only': True, 'source_level': 'B'}		internal_fragment	1.333334	"{""2023"":1,""2024"":1}"	FXZZ202308005;FXZZ202406004	A1/A2	pending_human_review
7ae764de1e08ca4734a7	决议的效力	cross_paper_discovery	bounded_chinese_ngram_maximal_repeat	2	2	1;2;3	"{""1"":1,""2"":1,""3"":1}"		{'confidence': 0.1, 'domain': 'unrouted', 'evidence_source': 'keyword', 'evidence_span': '除名之诉', 'label_origin': 'machine_inferred', 'routing_only': True, 'source_level': 'B'}		internal_fragment;low_wordhood_score	0.666667	"{""2023"":2,""2024"":1}"	FXZZ202303007;FXZZ202403009	A1/A2	pending_human_review
6b5562158e178190abb3	准制度	cross_paper_discovery	bounded_chinese_ngram_maximal_repeat	2	2	2;3	"{""1"":0,""2"":1,""3"":1}"	制度构建	{'confidence': 0.1, 'domain': 'unrouted', 'evidence_source': 'keyword', 'evidence_span': '刑法处罚早期化', 'label_origin': 'machine_inferred', 'routing_only': True, 'source_level': 'B'}		internal_fragment	1.333334	"{""2023"":1,""2024"":1}"	FXZZ202308005;FXZZ202406006	A1/A2	pending_human_review
b85ae2fa98acc133e392	准的实	cross_paper_discovery	bounded_chinese_ngram_maximal_repeat	4	4	1;2;3	"{""1"":1,""2"":2,""3"":1}"		{'confidence': 0.1, 'domain': 'unrouted', 'evidence_source': 'keyword', 'evidence_span': '劳动法', 'label_origin': 'machine_inferred', 'routing_only': True, 'source_level': 'B'};{'confidence': 0.72, 'domain': '合同法', 'evidence_source': 'keyword', 'evidence_span': '违约金调整', 'label_origin': 'machine_inferred', 'routing_only': True, 'source_level': 'B'}		internal_fragment	2.166666	"{""2023"":1,""2024"":2,""2026"":1}"	FXZZ202303011;FXZZ202406009;FXZZ202407007;FXZZ202607006	A1/A2	pending_human_review
e150704d91810e62b7fe	分列举	cross_paper_discovery	bounded_chinese_ngram_maximal_repeat	2	2	2;3	"{""1"":0,""2"":1,""3"":3}"		{'confidence': 0.1, 'domain': 'unrouted', 'evidence_source': 'keyword', 'evidence_span': '道德法则', 'label_origin': 'machine_inferred', 'routing_only': True, 'source_level': 'B'}		internal_fragment	1.000001	"{""2024"":4}"	FXZZ202404003;FXZZ202404006	A1/A2	pending_human_review
17853b2c22fe96c49e2b	分配标准	cross_paper_discovery	bounded_chinese_ngram_maximal_repeat	2	2	2;3	"{""1"":0,""2"":1,""3"":1}"		{'confidence': 0.1, 'domain': 'unrouted', 'evidence_source': 'keyword', 'evidence_span': '参与分配', 'label_origin': 'machine_inferred', 'routing_only': True, 'source_level': 'B'};{'confidence': 0.66, 'domain': '比较法', 'evidence_source': 'keyword', 'evidence_span': '国际税收协调', 'label_origin': 'machine_inferred', 'routing_only': True, 'source_level': 'B'};{'confidence': 0.68, 'domain': '程序法', 'evidence_source': 'keyword', 'evidence_span': '相互协商程序', 'label_origin': 'machine_inferred', 'routing_only': True, 'source_level': 'B'};{'confidence': 0.76, 'domain': '仲裁法', 'evidence_source': 'keyword', 'evidence_span': '税收仲裁', 'label_origin': 'machine_inferred', 'routing_only': True, 'source_level': 'B'}		internal_fragment	0.875	"{""2023"":2}"	FXZZ202301009;FXZZ202304013	A1/A2	pending_human_review
66cde5e6fb131262b9c1	分配正义	cross_paper_discovery	bounded_chinese_ngram_maximal_repeat	4	4	1;2	"{""1"":1,""2"":5,""3"":0}"		{'confidence': 0.1, 'domain': 'unrouted', 'evidence_source': 'keyword', 'evidence_span': '社会产权', 'label_origin': 'machine_inferred', 'routing_only': True, 'source_level': 'B'};{'confidence': 0.68, 'domain': '程序法', 'evidence_source': 'keyword', 'evidence_span': '消费公益诉讼', 'label_origin': 'machine_inferred', 'routing_only': True, 'source_level': 'B'}			1.833333	"{""2023"":1,""2024"":2,""2026"":3}"	FXZZ202312008;FXZZ202401003;FXZZ202412002;FXZZ202607002	A1/A2	pending_human_review
ada3c2f9941b5c9f876b	刑事侦查	cross_paper_discovery	bounded_chinese_ngram_maximal_repeat	2	2	1;3	"{""1"":1,""2"":0,""3"":1}"	制度构建;程序审查	{'confidence': 0.1, 'domain': 'unrouted', 'evidence_source': 'keyword', 'evidence_span': '民事代理', 'label_origin': 'machine_inferred', 'routing_only': True, 'source_level': 'B'};{'confidence': 0.68, 'domain': '程序法', 'evidence_source': 'keyword', 'evidence_span': '公益诉讼', 'label_origin': 'machine_inferred', 'routing_only': True, 'source_level': 'B'};{'confidence': 0.72, 'domain': '合同法', 'evidence_source': 'keyword', 'evidence_span': '行政代履行', 'label_origin': 'machine_inferred', 'routing_only': True, 'source_level': 'B'}		internal_fragment	1.0	"{""2023"":1,""2024"":1}"	FXZZ202307007;FXZZ202407010	A1/A2	pending_human_review
5fefb25bd440f10a82de	刑事司法	cross_paper_discovery	bounded_chinese_ngram_maximal_repeat	8	8	1;2;3	"{""1"":2,""2"":3,""3"":7}"	制度构建;研究结论;规范依据	{'confidence': 0.1, 'domain': 'unrouted', 'evidence_source': 'keyword', 'evidence_span': '刑法保障', 'label_origin': 'machine_inferred', 'routing_only': True, 'source_level': 'B'};{'confidence': 0.68, 'domain': '程序法', 'evidence_source': 'keyword', 'evidence_span': '司法审查', 'label_origin': 'machine_inferred', 'routing_only': True, 'source_level': 'B'};{'confidence': 0.72, 'domain': '合同法', 'evidence_source': 'keyword', 'evidence_span': '行政代履行', 'label_origin': 'machine_inferred', 'routing_only': True, 'source_level': 'B'}		internal_fragment	3.333333	"{""2023"":7,""2024"":5}"	FXZZ202301007;FXZZ202305007;FXZZ202307011;FXZZ202310010;FXZZ202312006;FXZZ202405011;FXZZ202406006;FXZZ202407010	A1/A2	pending_human_review
f4258777dbd69b4a1d96	刑事司法解释	cross_paper_discovery	bounded_chinese_ngram_maximal_repeat	2	2	3	"{""1"":0,""2"":0,""3"":2}"	规范依据	{'confidence': 0.1, 'domain': 'unrouted', 'evidence_source': 'keyword', 'evidence_span': '关联型合规', 'label_origin': 'machine_inferred', 'routing_only': True, 'source_level': 'B'}		lexical_support;low_wordhood_score	0.666666	"{""2023"":1,""2024"":1}"	FXZZ202312006;FXZZ202406006	A1/A2	pending_human_review
bfe116ceee4d30b9575d	刑事政策	cross_paper_discovery	bounded_chinese_ngram_maximal_repeat	2	2	2;3	"{""1"":0,""2"":1,""3"":4}"		{'confidence': 0.1, 'domain': 'unrouted', 'evidence_source': 'keyword', 'evidence_span': '刑法保障', 'label_origin': 'machine_inferred', 'routing_only': True, 'source_level': 'B'};{'confidence': 0.68, 'domain': '程序法', 'evidence_source': 'keyword', 'evidence_span': '保证债务诉讼时效', 'label_origin': 'machine_inferred', 'routing_only': True, 'source_level': 'B'}		internal_fragment	0.85	"{""2023"":4,""2024"":1}"	FXZZ202301007;FXZZ202401008	A1/A2	pending_human_review
123f7cfe7c2c83f5c429	刑事法	cross_paper_discovery	bounded_chinese_ngram_maximal_repeat	2	2	1;3	"{""1"":1,""2"":0,""3"":1}"		{'confidence': 0.1, 'domain': 'unrouted', 'evidence_source': 'keyword', 'evidence_span': '刑法保障', 'label_origin': 'machine_inferred', 'routing_only': True, 'source_level': 'B'}		internal_fragment	1.333334	"{""2023"":1,""2024"":1}"	FXZZ202301007;FXZZ202406006	A1/A2	pending_human_review
d809e86c27670b35057a	刑事立法	cross_paper_discovery	bounded_chinese_ngram_maximal_repeat	4	4	2;3	"{""1"":0,""2"":2,""3"":3}"		{'confidence': 0.1, 'domain': 'unrouted', 'evidence_source': 'keyword', 'evidence_span': '刑法保障', 'label_origin': 'machine_inferred', 'routing_only': True, 'source_level': 'B'};{'confidence': 0.68, 'domain': '程序法', 'evidence_source': 'keyword', 'evidence_span': '保证债务诉讼时效', 'label_origin': 'machine_inferred', 'routing_only': True, 'source_level': 'B'}			1.9	"{""2023"":2,""2024"":3}"	FXZZ202301007;FXZZ202312006;FXZZ202401008;FXZZ202406006	A1/A2	pending_human_review
711f7a84474b6c0b3af9	刑事诉讼	cross_paper_discovery	bounded_chinese_ngram_maximal_repeat	5	5	1;2	"{""1"":7,""2"":6,""3"":0}"	制度构建;权利救济	{'confidence': 0.1, 'domain': 'unrouted', 'evidence_source': 'keyword', 'evidence_span': '缺席审判', 'label_origin': 'machine_inferred', 'routing_only': True, 'source_level': 'B'};{'confidence': 0.68, 'domain': '程序法', 'evidence_source': 'keyword', 'evidence_span': '诉讼要件', 'label_origin': 'machine_inferred', 'routing_only': True, 'source_level': 'B'}		internal_fragment	1.778846	"{""2023"":12,""2024"":1}"	FXZZ202303009;FXZZ202304010;FXZZ202310010;FXZZ202311011;FXZZ202412011	A1/A2	pending_human_review
b0ffa93758e3c4f96be1	刑事诉讼法	cross_paper_discovery	bounded_chinese_ngram_maximal_repeat	2	2	2	"{""1"":0,""2"":2,""3"":0}"	权利救济	{'confidence': 0.1, 'domain': 'unrouted', 'evidence_source': 'keyword', 'evidence_span': '疏明', 'label_origin': 'machine_inferred', 'routing_only': True, 'source_level': 'B'};{'confidence': 0.68, 'domain': '程序法', 'evidence_source': 'keyword', 'evidence_span': '司法审查', 'label_origin': 'machine_inferred', 'routing_only': True, 'source_level': 'B'}			0.8	"{""2023"":2}"	FXZZ202310010;FXZZ202311011	A1/A2	pending_human_review
3e41a8f4de32a95bf8fe	刑事责任	cross_paper_discovery	bounded_chinese_ngram_maximal_repeat	2	2	2;3	"{""1"":0,""2"":1,""3"":1}"		{'confidence': 0.1, 'domain': 'unrouted', 'evidence_source': 'keyword', 'evidence_span': '从宽处罚', 'label_origin': 'machine_inferred', 'routing_only': True, 'source_level': 'B'}		internal_fragment	0.875	"{""2023"":1,""2026"":1}"	FXZZ202305006;FXZZ202607005	A1/A2	pending_human_review
602263bba04119fff59d	刑事违法性	cross_paper_discovery	bounded_chinese_ngram_maximal_repeat	3	3	1;2;3	"{""1"":1,""2"":2,""3"":2}"		{'confidence': 0.1, 'domain': 'unrouted', 'evidence_source': 'keyword', 'evidence_span': '法治控制', 'label_origin': 'machine_inferred', 'routing_only': True, 'source_level': 'B'}			1.08	"{""2024"":5}"	FXZZ202407006;FXZZ202412007;FXZZ202412008	A1/A2	pending_human_review
465b6ee16db573691252	刑法保	cross_paper_discovery	bounded_chinese_ngram_maximal_repeat	3	3	1;3	"{""1"":2,""2"":0,""3"":1}"		{'confidence': 0.1, 'domain': 'unrouted', 'evidence_source': 'keyword', 'evidence_span': '刑法保障', 'label_origin': 'machine_inferred', 'routing_only': True, 'source_level': 'B'};{'confidence': 0.68, 'domain': '程序法', 'evidence_source': 'keyword', 'evidence_span': '诉讼时效', 'label_origin': 'machine_inferred', 'routing_only': True, 'source_level': 'B'}		internal_fragment	1.833333	"{""2023"":1,""2024"":2}"	FXZZ202301007;FXZZ202404007;FXZZ202412008	A1/A2	pending_human_review
dc29409091b2ad2fdf38	刑法保护	cross_paper_discovery	bounded_chinese_ngram_maximal_repeat	2	2	1;3	"{""1"":1,""2"":0,""3"":1}"		{'confidence': 0.1, 'domain': 'unrouted', 'evidence_source': 'keyword', 'evidence_span': '通知抵销', 'label_origin': 'machine_inferred', 'routing_only': True, 'source_level': 'B'};{'confidence': 0.68, 'domain': '程序法', 'evidence_source': 'keyword', 'evidence_span': '诉讼时效', 'label_origin': 'machine_inferred', 'routing_only': True, 'source_level': 'B'}		internal_fragment	1.0	"{""2024"":2}"	FXZZ202404007;FXZZ202412008	A1/A2	pending_human_review
64c391f8177be530922b	刑法定	cross_paper_discovery	bounded_chinese_ngram_maximal_repeat	3	3	1;2	"{""1"":2,""2"":1,""3"":0}"		{'confidence': 0.1, 'domain': 'unrouted', 'evidence_source': 'keyword', 'evidence_span': '加速到期', 'label_origin': 'machine_inferred', 'routing_only': True, 'source_level': 'B'};{'confidence': 0.68, 'domain': '侵权责任', 'evidence_source': 'keyword', 'evidence_span': '法人单独责任', 'label_origin': 'machine_inferred', 'routing_only': True, 'source_level': 'B'}		internal_fragment	1.833333	"{""2023"":1,""2024"":2}"	FXZZ202308007;FXZZ202403007;FXZZ202407007	A1/A2	pending_human_review
8b1d45b6437f1b3af257	刑法教义学	cross_paper_discovery	bounded_chinese_ngram_maximal_repeat	2	2	2	"{""1"":0,""2"":3,""3"":0}"		{'confidence': 0.1, 'domain': 'unrouted', 'evidence_source': 'keyword', 'evidence_span': '立法技术', 'label_origin': 'machine_inferred', 'routing_only': True, 'source_level': 'B'}		internal_fragment;low_wordhood_score	0.733333	"{""2023"":1,""2024"":2}"	FXZZ202301006;FXZZ202405007	A1/A2	pending_human_review
d1face269e53ec2e8f67	刑法观	cross_paper_discovery	bounded_chinese_ngram_maximal_repeat	2	2	1;2;3	"{""1"":2,""2"":3,""3"":1}"		{'confidence': 0.1, 'domain': 'unrouted', 'evidence_source': 'keyword', 'evidence_span': '保证期间', 'label_origin': 'machine_inferred', 'routing_only': True, 'source_level': 'B'};{'confidence': 0.68, 'domain': '程序法', 'evidence_source': 'keyword', 'evidence_span': '保证债务诉讼时效', 'label_origin': 'machine_inferred', 'routing_only': True, 'source_level': 'B'}		internal_fragment	1.111112	"{""2024"":6}"	FXZZ202401008;FXZZ202404006	A1/A2	pending_human_review
74009b08608d150e89c0	刑法规制	cross_paper_discovery	bounded_chinese_ngram_maximal_repeat	3	3	1;3	"{""1"":4,""2"":0,""3"":1}"		{'confidence': 0.1, 'domain': 'unrouted', 'evidence_source': 'keyword', 'evidence_span': '利益平衡', 'label_origin': 'machine_inferred', 'routing_only': True, 'source_level': 'B'};{'confidence': 0.68, 'domain': '侵权责任', 'evidence_source': 'keyword', 'evidence_span': '法人单独责任', 'label_origin': 'machine_inferred', 'routing_only': True, 'source_level': 'B'};{'confidence': 0.72, 'domain': '合同法', 'evidence_source': 'keyword', 'evidence_span': '合同解释', 'label_origin': 'machine_inferred', 'routing_only': True, 'source_level': 'B'}		internal_fragment	1.35	"{""2023"":1,""2024"":4}"	FXZZ202304006;FXZZ202403007;FXZZ202412008	A1/A2	pending_human_review
1d041e2cf108e6975c08	刑罚惩	cross_paper_discovery	bounded_chinese_ngram_maximal_repeat	2	2	2;3	"{""1"":0,""2"":1,""3"":1}"		{'confidence': 0.1, 'domain': 'unrouted', 'evidence_source': 'keyword', 'evidence_span': '刑法保障', 'label_origin': 'machine_inferred', 'routing_only': True, 'source_level': 'B'};{'confidence': 0.66, 'domain': '规范理论', 'evidence_source': 'keyword', 'evidence_span': '规范保护目的', 'label_origin': 'machine_inferred', 'routing_only': True, 'source_level': 'B'}		internal_fragment	1.166667	"{""2023"":2}"	FXZZ202301007;FXZZ202308006	A1/A2	pending_human_review
747371380713548502d8	则司法适用	cross_paper_discovery	bounded_chinese_ngram_maximal_repeat	2	2	1	"{""1"":2,""2"":0,""3"":0}"	制度构建	{'confidence': 0.1, 'domain': 'unrouted', 'evidence_source': 'keyword', 'evidence_span': '合并规则', 'label_origin': 'machine_inferred', 'routing_only': True, 'source_level': 'B'};{'confidence': 0.68, 'domain': '程序法', 'evidence_source': 'keyword', 'evidence_span': '审查认证规则', 'label_origin': 'machine_inferred', 'routing_only': True, 'source_level': 'B'}		internal_fragment	0.8	"{""2023"":2}"	FXZZ202306007;FXZZ202309010	A1/A2	pending_human_review
3fb46048cb11f32e1622	则的冲突	cross_paper_discovery	bounded_chinese_ngram_maximal_repeat	2	2	1;3	"{""1"":1,""2"":0,""3"":1}"	规范依据	{'confidence': 0.1, 'domain': 'unrouted', 'evidence_source': 'keyword', 'evidence_span': '民事代理', 'label_origin': 'machine_inferred', 'routing_only': True, 'source_level': 'B'}		internal_fragment	0.875	"{""2023"":1,""2024"":1}"	FXZZ202307007;FXZZ202404005	A1/A2	pending_human_review
5200daf5a0a92e4580df	则的适用范围	cross_paper_discovery	bounded_chinese_ngram_maximal_repeat	2	2	2;3	"{""1"":0,""2"":1,""3"":1}"	程序审查	{'confidence': 0.1, 'domain': 'unrouted', 'evidence_source': 'keyword', 'evidence_span': '不合理的对待', 'label_origin': 'machine_inferred', 'routing_only': True, 'source_level': 'B'};{'confidence': 0.66, 'domain': '规范理论', 'evidence_source': 'keyword', 'evidence_span': '规范自身平等', 'label_origin': 'machine_inferred', 'routing_only': True, 'source_level': 'B'};{'confidence': 0.68, 'domain': '程序法', 'evidence_source': 'keyword', 'evidence_span': '司法审查', 'label_origin': 'machine_inferred', 'routing_only': True, 'source_level': 'B'}		function_fragment;internal_fragment;low_wordhood_score	0.666666	"{""2023"":2}"	FXZZ202302003;FXZZ202310010	A1/A2	pending_human_review
489bcd2e20d839ebb9d4	则的重塑	cross_paper_discovery	bounded_chinese_ngram_maximal_repeat	2	2	1;2	"{""1"":1,""2"":1,""3"":0}"	程序审查	{'confidence': 0.1, 'domain': 'unrouted', 'evidence_source': 'keyword', 'evidence_span': '知情权', 'label_origin': 'machine_inferred', 'routing_only': True, 'source_level': 'B'};{'confidence': 0.68, 'domain': '程序法', 'evidence_source': 'keyword', 'evidence_span': '司法审查', 'label_origin': 'machine_inferred', 'routing_only': True, 'source_level': 'B'}		internal_fragment	0.875	"{""2023"":2}"	FXZZ202305010;FXZZ202310010	A1/A2	pending_human_review
8306bf0280643f24ed17	则适用	cross_paper_discovery	bounded_chinese_ngram_maximal_repeat	2	2	1;2	"{""1"":1,""2"":1,""3"":0}"	规范依据	{'confidence': 0.1, 'domain': 'unrouted', 'evidence_source': 'keyword', 'evidence_span': '受害人故意', 'label_origin': 'machine_inferred', 'routing_only': True, 'source_level': 'B'};{'confidence': 0.68, 'domain': '侵权责任', 'evidence_source': 'keyword', 'evidence_span': '无权代理人责任', 'label_origin': 'machine_inferred', 'routing_only': True, 'source_level': 'B'};{'confidence': 0.68, 'domain': '程序法', 'evidence_source': 'keyword', 'evidence_span': '审查认证规则', 'label_origin': 'machine_inferred', 'routing_only': True, 'source_level': 'B'}		internal_fragment	1.166667	"{""2023"":2}"	FXZZ202301010;FXZZ202309010	A1/A2	pending_human_review
8d27ba777accd2ee4969	判断应	cross_paper_discovery	bounded_chinese_ngram_maximal_repeat	2	2	2	"{""1"":0,""2"":3,""3"":0}"	规范依据	{'confidence': 0.1, 'domain': 'unrouted', 'evidence_source': 'keyword', 'evidence_span': '合目的性改革', 'label_origin': 'machine_inferred', 'routing_only': True, 'source_level': 'B'};{'confidence': 0.72, 'domain': '合同法', 'evidence_source': 'keyword', 'evidence_span': '合同解除', 'label_origin': 'machine_inferred', 'routing_only': True, 'source_level': 'B'}		internal_fragment	1.222223	"{""2023"":2,""2024"":1}"	FXZZ202301004;FXZZ202404009	A1/A2	pending_human_review
84c4408f1ea8b2150427	判断标准	cross_paper_discovery	bounded_chinese_ngram_maximal_repeat	6	6	1;2;3	"{""1"":4,""2"":3,""3"":3}"	权利救济;程序审查	{'confidence': 0.1, 'domain': 'unrouted', 'evidence_source': 'keyword', 'evidence_span': '利益衡量', 'label_origin': 'machine_inferred', 'routing_only': True, 'source_level': 'B'};{'confidence': 0.66, 'domain': '规范理论', 'evidence_source': 'keyword', 'evidence_span': '规范自身平等', 'label_origin': 'machine_inferred', 'routing_only': True, 'source_level': 'B'};{'confidence': 0.72, 'domain': '合同法', 'evidence_source': 'keyword', 'evidence_span': '违约金调整', 'label_origin': 'machine_inferred', 'routing_only': True, 'source_level': 'B'}		internal_fragment	2.25	"{""2023"":7,""2026"":3}"	FXZZ202301005;FXZZ202302003;FXZZ202302009;FXZZ202310004;FXZZ202312009;FXZZ202607006	A1/A2	pending_human_review
efc48df93da1898dcaae	判断的具体	cross_paper_discovery	bounded_chinese_ngram_maximal_repeat	2	2	1;2	"{""1"":1,""2"":1,""3"":0}"	程序审查;规范依据	{'confidence': 0.1, 'domain': 'unrouted', 'evidence_source': 'keyword', 'evidence_span': '合目的性改革', 'label_origin': 'machine_inferred', 'routing_only': True, 'source_level': 'B'}		internal_fragment	0.8	"{""2023"":1,""2024"":1}"	FXZZ202301004;FXZZ202407005	A1/A2	pending_human_review
7ec5c44df3572fe7ae8d	判的实践	cross_paper_discovery	bounded_chinese_ngram_maximal_repeat	2	2	1;2	"{""1"":1,""2"":2,""3"":0}"	程序审查;规范依据	{'confidence': 0.1, 'domain': 'unrouted', 'evidence_source': 'keyword', 'evidence_span': '合目的性改革', 'label_origin': 'machine_inferred', 'routing_only': True, 'source_level': 'B'}		function_fragment;internal_fragment	0.833333	"{""2023"":3}"	FXZZ202301004;FXZZ202310003	A1/A2	pending_human_review
db23a8c3ac7887c0a2f7	判规则	cross_paper_discovery	bounded_chinese_ngram_maximal_repeat	2	2	2;3	"{""1"":0,""2"":1,""3"":1}"	程序审查	{'confidence': 0.1, 'domain': 'unrouted', 'evidence_source': 'keyword', 'evidence_span': '法律方法', 'label_origin': 'machine_inferred', 'routing_only': True, 'source_level': 'B'};{'confidence': 0.68, 'domain': '程序法', 'evidence_source': 'keyword', 'evidence_span': '裁判要点', 'label_origin': 'machine_inferred', 'routing_only': True, 'source_level': 'B'}		internal_fragment	1.166667	"{""2023"":1,""2024"":1}"	FXZZ202302002;FXZZ202401010	A1/A2	pending_human_review
d93affb5edb583afb767	利义务	cross_paper_discovery	bounded_chinese_ngram_maximal_repeat	3	3	2;3	"{""1"":0,""2"":2,""3"":1}"	程序审查	{'confidence': 0.1, 'domain': 'unrouted', 'evidence_source': 'keyword', 'evidence_span': '股权利益', 'label_origin': 'machine_inferred', 'routing_only': True, 'source_level': 'B'}		internal_fragment	1.666667	"{""2023"":1,""2024"":1,""2026"":1}"	FXZZ202302007;FXZZ202406005;FXZZ202607002	A1/A2	pending_human_review
765725e8347ab8cfebc2	利优先	cross_paper_discovery	bounded_chinese_ngram_maximal_repeat	2	2	2;3	"{""1"":0,""2"":1,""3"":1}"		{'confidence': 0.1, 'domain': 'unrouted', 'evidence_source': 'keyword', 'evidence_span': '公共利益', 'label_origin': 'machine_inferred', 'routing_only': True, 'source_level': 'B'}		internal_fragment	1.333334	"{""2024"":2}"	FXZZ202404004;FXZZ202407007	A1/A2	pending_human_review
46cef2f564352705a68d	利影响	cross_paper_discovery	bounded_chinese_ngram_maximal_repeat	3	3	1;2	"{""1"":2,""2"":1,""3"":0}"	程序审查;规范依据	{'confidence': 0.1, 'domain': 'unrouted', 'evidence_source': 'keyword', 'evidence_span': '合目的性改革', 'label_origin': 'machine_inferred', 'routing_only': True, 'source_level': 'B'};{'confidence': 0.68, 'domain': '程序法', 'evidence_source': 'keyword', 'evidence_span': '核准程序', 'label_origin': 'machine_inferred', 'routing_only': True, 'source_level': 'B'}		internal_fragment	1.333333	"{""2023"":3}"	FXZZ202301004;FXZZ202307005;FXZZ202308005	A1/A2	pending_human_review
7385881408e52077e4ea	利用网络	cross_paper_discovery	bounded_chinese_ngram_maximal_repeat	2	2	2;3	"{""1"":0,""2"":1,""3"":1}"		{'confidence': 0.1, 'domain': 'unrouted', 'evidence_source': 'keyword', 'evidence_span': '利益衡量', 'label_origin': 'machine_inferred', 'routing_only': True, 'source_level': 'B'}		internal_fragment	0.875	"{""2023"":2}"	FXZZ202301005;FXZZ202302009	A1/A2	pending_human_review
c3fb5eba564d028222c1	利用行	cross_paper_discovery	bounded_chinese_ngram_maximal_repeat	2	2	1;2;3	"{""1"":3,""2"":4,""3"":2}"		{'confidence': 0.1, 'domain': 'unrouted', 'evidence_source': 'keyword', 'evidence_span': '通信秘密', 'label_origin': 'machine_inferred', 'routing_only': True, 'source_level': 'B'};{'confidence': 0.68, 'domain': '程序法', 'evidence_source': 'keyword', 'evidence_span': '诉讼时效', 'label_origin': 'machine_inferred', 'routing_only': True, 'source_level': 'B'}		internal_fragment	0.814815	"{""2023"":1,""2024"":8}"	FXZZ202302009;FXZZ202404007	A1/A2	pending_human_review
dd3f1b226c515d51b123	利益保护	cross_paper_discovery	bounded_chinese_ngram_maximal_repeat	2	2	2	"{""1"":0,""2"":2,""3"":0}"		{'confidence': 0.1, 'domain': 'unrouted', 'evidence_source': 'keyword', 'evidence_span': '无权代理', 'label_origin': 'machine_inferred', 'routing_only': True, 'source_level': 'B'};{'confidence': 0.66, 'domain': '规范理论', 'evidence_source': 'keyword', 'evidence_span': '保护性规范', 'label_origin': 'machine_inferred', 'routing_only': True, 'source_level': 'B'};{'confidence': 0.68, 'domain': '侵权责任', 'evidence_source': 'keyword', 'evidence_span': '法人单独责任', 'label_origin': 'machine_inferred', 'routing_only': True, 'source_level': 'B'}		internal_fragment;lexical_support	0.875	"{""2024"":2}"	FXZZ202403007;FXZZ202407008	A1/A2	pending_human_review
d6c52e72ccc4b15cb362	利益平衡	cross_paper_discovery	bounded_chinese_ngram_maximal_repeat	2	2	2;3	"{""1"":0,""2"":1,""3"":1}"		{'confidence': 0.1, 'domain': 'unrouted', 'evidence_source': 'keyword', 'evidence_span': '数据财产权', 'label_origin': 'machine_inferred', 'routing_only': True, 'source_level': 'B'};{'confidence': 0.66, 'domain': '比较法', 'evidence_source': 'keyword', 'evidence_span': '国际投资协定', 'label_origin': 'machine_inferred', 'routing_only': True, 'source_level': 'B'}		internal_fragment	1.0	"{""2023"":1,""2024"":1}"	FXZZ202311013;FXZZ202407012	A1/A2	pending_human_review
993576570082853ede96	利益的价值	cross_paper_discovery	bounded_chinese_ngram_maximal_repeat	2	2	2;3	"{""1"":0,""2"":1,""3"":1}"		{'confidence': 0.1, 'domain': 'unrouted', 'evidence_source': 'keyword', 'evidence_span': '补正解释', 'label_origin': 'machine_inferred', 'routing_only': True, 'source_level': 'B'}		internal_fragment	0.8	"{""2023"":1,""2024"":1}"	FXZZ202310005;FXZZ202406006	A1/A2	pending_human_review
ed48ed8ab252f04eb836	利益相关	cross_paper_discovery	bounded_chinese_ngram_maximal_repeat	2	2	2;3	"{""1"":0,""2"":1,""3"":1}"		{'confidence': 0.1, 'domain': 'unrouted', 'evidence_source': 'keyword', 'evidence_span': '“农业面源污染防治—碳汇交易”制度', 'label_origin': 'machine_inferred', 'routing_only': True, 'source_level': 'B'}		internal_fragment	1.0	"{""2023"":1,""2024"":1}"	FXZZ202307011;FXZZ202401013	A1/A2	pending_human_review
d1ede0273a5053faa21b	利益说	cross_paper_discovery	bounded_chinese_ngram_maximal_repeat	2	2	1;2	"{""1"":1,""2"":2,""3"":0}"		{'confidence': 0.1, 'domain': 'unrouted', 'evidence_source': 'keyword', 'evidence_span': '不法原因给付', 'label_origin': 'machine_inferred', 'routing_only': True, 'source_level': 'B'};{'confidence': 0.66, 'domain': '规范理论', 'evidence_source': 'keyword', 'evidence_span': '保护性规范', 'label_origin': 'machine_inferred', 'routing_only': True, 'source_level': 'B'}		internal_fragment	1.111112	"{""2023"":1,""2024"":2}"	FXZZ202311008;FXZZ202407008	A1/A2	pending_human_review
36c9d847e52218afe08e	到积极促进	cross_paper_discovery	bounded_chinese_ngram_maximal_repeat	2	2	2	"{""1"":0,""2"":2,""3"":0}"	权利救济	{'confidence': 0.1, 'domain': 'unrouted', 'evidence_source': 'keyword', 'evidence_span': '提级巡察', 'label_origin': 'machine_inferred', 'routing_only': True, 'source_level': 'B'}		internal_fragment	0.8	"{""2023"":1,""2024"":1}"	FXZZ202305002;FXZZ202412013	A1/A2	pending_human_review
25296814d66591cc6c61	到过错	cross_paper_discovery	bounded_chinese_ngram_maximal_repeat	2	2	1;3	"{""1"":1,""2"":0,""3"":1}"		{'confidence': 0.1, 'domain': 'unrouted', 'evidence_source': 'keyword', 'evidence_span': '因果关系', 'label_origin': 'machine_inferred', 'routing_only': True, 'source_level': 'B'};{'confidence': 0.68, 'domain': '程序法', 'evidence_source': 'keyword', 'evidence_span': '诉讼权利', 'label_origin': 'machine_inferred', 'routing_only': True, 'source_level': 'B'}		internal_fragment	1.333334	"{""2023"":2}"	FXZZ202304008;FXZZ202304009	A1/A2	pending_human_review
2da6c0a3a0b9f5da8e8d	制履行	cross_paper_discovery	bounded_chinese_ngram_maximal_repeat	3	3	1;2;3	"{""1"":3,""2"":1,""3"":1}"	规范依据	{'confidence': 0.1, 'domain': 'unrouted', 'evidence_source': 'keyword', 'evidence_span': '实质等同原则', 'label_origin': 'machine_inferred', 'routing_only': True, 'source_level': 'B'};{'confidence': 0.68, 'domain': '程序法', 'evidence_source': 'keyword', 'evidence_span': '检察公益诉讼谦抑性', 'label_origin': 'machine_inferred', 'routing_only': True, 'source_level': 'B'};{'confidence': 0.72, 'domain': '合同法', 'evidence_source': 'keyword', 'evidence_span': '合同自由', 'label_origin': 'machine_inferred', 'routing_only': True, 'source_level': 'B'}		internal_fragment	1.5	"{""2023"":5}"	FXZZ202305009;FXZZ202306006;FXZZ202309012	A1/A2	pending_human_review
5e7416077f8b91e88013	制度	legal_term	config_legal_term_longest_match	80	80	1;2;3	"{""1"":82,""2"":120,""3"":50}"	制度构建;权利救济;构成要件;比较法;程序审查;规范依据;证据证明	{'confidence': 0.1, 'domain': 'unrouted', 'evidence_source': 'keyword', 'evidence_span': '全面依法治国', 'label_origin': 'machine_inferred', 'routing_only': True, 'source_level': 'B'};{'confidence': 0.66, 'domain': '比较法', 'evidence_source': 'keyword', 'evidence_span': '国际税收协调', 'label_origin': 'machine_inferred', 'routing_only': True, 'source_level': 'B'};{'confidence': 0.66, 'domain': '规范理论', 'evidence_source': 'keyword', 'evidence_span': '规范解构', 'label_origin': 'machine_inferred', 'routing_only': True, 'source_level': 'B'};{'confidence': 0.68, 'domain': '程序法', 'evidence_source': 'keyword', 'evidence_span': '主观程序正义', 'label_origin': 'machine_inferred', 'routing_only': True, 'source_level': 'B'};{'confidence': 0.72, 'domain': '合同法', 'evidence_source': 'keyword', 'evidence_span': '合同解释', 'label_origin': 'machine_inferred', 'routing_only': True, 'source_level': 'B'};{'confidence': 0.76, 'domain': '仲裁法', 'evidence_source': 'keyword', 'evidence_span': '税收仲裁', 'label_origin': 'machine_inferred', 'routing_only': True, 'source_level': 'B'}				"{""2023"":142,""2024"":90,""2026"":20}"	FXZZ202301001;FXZZ202301002;FXZZ202301004;FXZZ202301007;FXZZ202301012;FXZZ202301013;FXZZ202302004;FXZZ202302009;FXZZ202302011;FXZZ202303001;FXZZ202303003;FXZZ202303008;FXZZ202303009;FXZZ202303010;FXZZ202303011;FXZZ202304003;FXZZ202304004;FXZZ202304006;FXZZ202304007;FXZZ202304010;FXZZ202304012;FXZZ202304013;FXZZ202305002;FXZZ202305003;FXZZ202305005;FXZZ202305009;FXZZ202305010;FXZZ202305012;FXZZ202305013;FXZZ202306007;FXZZ202306011;FXZZ202307007;FXZZ202307008;FXZZ202307011;FXZZ202307013;FXZZ202308004;FXZZ202308005;FXZZ202308012;FXZZ202309009;FXZZ202309011;FXZZ202309013;FXZZ202310002;FXZZ202310005;FXZZ202310012;FXZZ202311004;FXZZ202311005;FXZZ202311006;FXZZ202311008;FXZZ202311013;FXZZ202312003;FXZZ202312004;FXZZ202312007;FXZZ202312008;FXZZ202312010;FXZZ202401003;FXZZ202401006;FXZZ202401008;FXZZ202401012;FXZZ202403002;FXZZ202403003;FXZZ202403009;FXZZ202404004;FXZZ202404009;FXZZ202405002;FXZZ202405009;FXZZ202405011;FXZZ202405013;FXZZ202406005;FXZZ202406006;FXZZ202406013;FXZZ202407004;FXZZ202407012;FXZZ202407013;FXZZ202412004;FXZZ202412006;FXZZ202412009;FXZZ202607001;FXZZ202607002;FXZZ202607003;FXZZ202607008	A1/A2	pending_human_review
d920cfdfa02d6c301a7d	制度价值	cross_paper_discovery	bounded_chinese_ngram_maximal_repeat	2	2	1;3	"{""1"":1,""2"":0,""3"":1}"	制度构建	{'confidence': 0.1, 'domain': 'unrouted', 'evidence_source': 'keyword', 'evidence_span': '撤回权', 'label_origin': 'machine_inferred', 'routing_only': True, 'source_level': 'B'};{'confidence': 0.72, 'domain': '合同法', 'evidence_source': 'keyword', 'evidence_span': '解除权', 'label_origin': 'machine_inferred', 'routing_only': True, 'source_level': 'B'}		internal_fragment	1.0	"{""2023"":1,""2024"":1}"	FXZZ202312007;FXZZ202405013	A1/A2	pending_human_review
1fe6fde7b7b4f35929fb	制度体系	cross_paper_discovery	bounded_chinese_ngram_maximal_repeat	2	2	1;3	"{""1"":1,""2"":0,""3"":2}"	制度构建;权利救济;证据证明	{'confidence': 0.1, 'domain': 'unrouted', 'evidence_source': 'keyword', 'evidence_span': '继承取得', 'label_origin': 'machine_inferred', 'routing_only': True, 'source_level': 'B'};{'confidence': 0.68, 'domain': '程序法', 'evidence_source': 'keyword', 'evidence_span': '检察公益诉讼', 'label_origin': 'machine_inferred', 'routing_only': True, 'source_level': 'B'}		generic_container;internal_fragment	0.916667	"{""2024"":1,""2026"":2}"	FXZZ202405009;FXZZ202607003	A1/A2	pending_human_review
95f3d82043043bb38251	制度供给	cross_paper_discovery	bounded_chinese_ngram_maximal_repeat	2	2	2	"{""1"":0,""2"":2,""3"":0}"	制度构建	{'confidence': 0.1, 'domain': 'unrouted', 'evidence_source': 'keyword', 'evidence_span': '专属经济区内平时军事活动', 'label_origin': 'machine_inferred', 'routing_only': True, 'source_level': 'B'}		internal_fragment	1.0	"{""2023"":1,""2024"":1}"	FXZZ202310012;FXZZ202401003	A1/A2	pending_human_review
74ee3b8f62b50b4f9047	制度保障	cross_paper_discovery	bounded_chinese_ngram_maximal_repeat	2	2	2;3	"{""1"":0,""2"":1,""3"":2}"	制度构建;程序审查	{'confidence': 0.1, 'domain': 'unrouted', 'evidence_source': 'keyword', 'evidence_span': '刑法保障', 'label_origin': 'machine_inferred', 'routing_only': True, 'source_level': 'B'}		internal_fragment	0.833333	"{""2023"":3}"	FXZZ202301007;FXZZ202303011	A1/A2	pending_human_review
dae03de581cea22b91a0	制度化	cross_paper_discovery	bounded_chinese_ngram_maximal_repeat	2	2	2	"{""1"":0,""2"":2,""3"":0}"	制度构建	{'confidence': 0.1, 'domain': 'unrouted', 'evidence_source': 'keyword', 'evidence_span': '合目的性改革', 'label_origin': 'machine_inferred', 'routing_only': True, 'source_level': 'B'}		internal_fragment	1.166667	"{""2023"":1,""2024"":1}"	FXZZ202301004;FXZZ202405009	A1/A2	pending_human_review
dc0c9bccdb0ef1147694	制度协	cross_paper_discovery	bounded_chinese_ngram_maximal_repeat	2	2	1;2	"{""1"":1,""2"":1,""3"":0}"	制度构建;程序审查	{'confidence': 0.1, 'domain': 'unrouted', 'evidence_source': 'keyword', 'evidence_span': '法的安定性', 'label_origin': 'machine_inferred', 'routing_only': True, 'source_level': 'B'};{'confidence': 0.68, 'domain': '程序法', 'evidence_source': 'keyword', 'evidence_span': '正当裁判', 'label_origin': 'machine_inferred', 'routing_only': True, 'source_level': 'B'}		internal_fragment	1.333334	"{""2023"":2}"	FXZZ202307013;FXZZ202310002	A1/A2	pending_human_review
63fde495935de6d3c033	制度发展	cross_paper_discovery	bounded_chinese_ngram_maximal_repeat	2	2	2	"{""1"":0,""2"":2,""3"":0}"	制度构建	{'confidence': 0.1, 'domain': 'unrouted', 'evidence_source': 'keyword', 'evidence_span': '“农业面源污染防治—碳汇交易”制度', 'label_origin': 'machine_inferred', 'routing_only': True, 'source_level': 'B'}		internal_fragment	0.875	"{""2023"":1,""2024"":1}"	FXZZ202307011;FXZZ202404004	A1/A2	pending_human_review
24a31e740f2e74b6bbd3	制度变	cross_paper_discovery	bounded_chinese_ngram_maximal_repeat	2	2	1	"{""1"":2,""2"":0,""3"":0}"	制度构建	{'confidence': 0.1, 'domain': 'unrouted', 'evidence_source': 'keyword', 'evidence_span': '税收争议解决', 'label_origin': 'machine_inferred', 'routing_only': True, 'source_level': 'B'};{'confidence': 0.66, 'domain': '比较法', 'evidence_source': 'keyword', 'evidence_span': '国际税收协调', 'label_origin': 'machine_inferred', 'routing_only': True, 'source_level': 'B'};{'confidence': 0.68, 'domain': '程序法', 'evidence_source': 'keyword', 'evidence_span': '相互协商程序', 'label_origin': 'machine_inferred', 'routing_only': True, 'source_level': 'B'};{'confidence': 0.76, 'domain': '仲裁法', 'evidence_source': 'keyword', 'evidence_span': '税收仲裁', 'label_origin': 'machine_inferred', 'routing_only': True, 'source_level': 'B'}		internal_fragment	1.333334	"{""2023"":2}"	FXZZ202304013;FXZZ202310005	A1/A2	pending_human_review
fb0220bb2d469eb1ad2a	制度困境	cross_paper_discovery	bounded_chinese_ngram_maximal_repeat	2	2	1	"{""1"":2,""2"":0,""3"":0}"	制度构建;权利救济	{'confidence': 0.1, 'domain': 'unrouted', 'evidence_source': 'keyword', 'evidence_span': '外在体系', 'label_origin': 'machine_inferred', 'routing_only': True, 'source_level': 'B'};{'confidence': 0.68, 'domain': '程序法', 'evidence_source': 'keyword', 'evidence_span': '消费公益诉讼', 'label_origin': 'machine_inferred', 'routing_only': True, 'source_level': 'B'}		internal_fragment	0.875	"{""2023"":2}"	FXZZ202304010;FXZZ202312008	A1/A2	pending_human_review
fb3bd131bcc5294c6cdc	制度基	cross_paper_discovery	bounded_chinese_ngram_maximal_repeat	3	3	1;2	"{""1"":1,""2"":2,""3"":0}"	制度构建	{'confidence': 0.1, 'domain': 'unrouted', 'evidence_source': 'keyword', 'evidence_span': '平台用工', 'label_origin': 'machine_inferred', 'routing_only': True, 'source_level': 'B'}		internal_fragment	2.0	"{""2023"":2,""2026"":1}"	FXZZ202306011;FXZZ202312004;FXZZ202607001	A1/A2	pending_human_review
33efc1cacf3db3c2f3c6	制度安排	cross_paper_discovery	bounded_chinese_ngram_maximal_repeat	5	5	1;2;3	"{""1"":2,""2"":2,""3"":1}"	制度构建	{'confidence': 0.1, 'domain': 'unrouted', 'evidence_source': 'keyword', 'evidence_span': '罪量要素', 'label_origin': 'machine_inferred', 'routing_only': True, 'source_level': 'B'}		internal_fragment	2.125	"{""2023"":2,""2024"":3}"	FXZZ202304004;FXZZ202305005;FXZZ202406005;FXZZ202406006;FXZZ202406013	A1/A2	pending_human_review
251fccd4a6e02a756db5	制度展	cross_paper_discovery	bounded_chinese_ngram_maximal_repeat	2	2	1	"{""1"":2,""2"":0,""3"":0}"	制度构建	{'confidence': 0.1, 'domain': 'unrouted', 'evidence_source': 'keyword', 'evidence_span': '通信秘密', 'label_origin': 'machine_inferred', 'routing_only': True, 'source_level': 'B'}		internal_fragment	1.333334	"{""2023"":2}"	FXZZ202302009;FXZZ202312003	A1/A2	pending_human_review
2d0a1c0b4184e73bb83e	制度建	cross_paper_discovery	bounded_chinese_ngram_maximal_repeat	5	5	1;2	"{""1"":6,""2"":7,""3"":0}"	制度构建	{'confidence': 0.1, 'domain': 'unrouted', 'evidence_source': 'keyword', 'evidence_span': '法治现代化', 'label_origin': 'machine_inferred', 'routing_only': True, 'source_level': 'B'};{'confidence': 0.68, 'domain': '程序法', 'evidence_source': 'keyword', 'evidence_span': '审查批准', 'label_origin': 'machine_inferred', 'routing_only': True, 'source_level': 'B'}		internal_fragment	2.24359	"{""2023"":13}"	FXZZ202301013;FXZZ202307002;FXZZ202308004;FXZZ202310005;FXZZ202311006	A1/A2	pending_human_review
2a9323ebe56f1abe5ddb	制度建构	cross_paper_discovery	bounded_chinese_ngram_maximal_repeat	2	2	1;2	"{""1"":5,""2"":1,""3"":0}"	制度构建	{'confidence': 0.1, 'domain': 'unrouted', 'evidence_source': 'keyword', 'evidence_span': '补正解释', 'label_origin': 'machine_inferred', 'routing_only': True, 'source_level': 'B'}		internal_fragment;low_wordhood_score	0.791667	"{""2023"":6}"	FXZZ202301013;FXZZ202310005	A1/A2	pending_human_review
11cc58bf79d1bde01d6c	制度建设	cross_paper_discovery	bounded_chinese_ngram_maximal_repeat	3	3	1;2	"{""1"":1,""2"":6,""3"":0}"	制度构建	{'confidence': 0.1, 'domain': 'unrouted', 'evidence_source': 'keyword', 'evidence_span': '法治现代化', 'label_origin': 'machine_inferred', 'routing_only': True, 'source_level': 'B'};{'confidence': 0.68, 'domain': '程序法', 'evidence_source': 'keyword', 'evidence_span': '审查批准', 'label_origin': 'machine_inferred', 'routing_only': True, 'source_level': 'B'}		internal_fragment	1.071429	"{""2023"":7}"	FXZZ202307002;FXZZ202308004;FXZZ202311006	A1/A2	pending_human_review
2b23a9b4d649bc3cc107	制度性	cross_paper_discovery	bounded_chinese_ngram_maximal_repeat	5	5	1;2;3	"{""1"":1,""2"":1,""3"":3}"	制度构建;程序审查	{'confidence': 0.1, 'domain': 'unrouted', 'evidence_source': 'keyword', 'evidence_span': '法律运作', 'label_origin': 'machine_inferred', 'routing_only': True, 'source_level': 'B'};{'confidence': 0.68, 'domain': '程序法', 'evidence_source': 'keyword', 'evidence_span': '外部审查', 'label_origin': 'machine_inferred', 'routing_only': True, 'source_level': 'B'}		internal_fragment	3.000001	"{""2023"":5}"	FXZZ202301002;FXZZ202301007;FXZZ202302004;FXZZ202303010;FXZZ202307007	A1/A2	pending_human_review
cf072947a48cc952222b	制度推动	cross_paper_discovery	bounded_chinese_ngram_maximal_repeat	2	2	1;3	"{""1"":1,""2"":0,""3"":1}"	制度构建	{'confidence': 0.1, 'domain': 'unrouted', 'evidence_source': 'keyword', 'evidence_span': '依宪执政', 'label_origin': 'machine_inferred', 'routing_only': True, 'source_level': 'B'}		internal_fragment	1.0	"{""2023"":1,""2024"":1}"	FXZZ202303001;FXZZ202405002	A1/A2	pending_human_review
3b6f578688ab9017cba4	制度构建	cross_paper_discovery	bounded_chinese_ngram_maximal_repeat	3	3	1;2;3	"{""1"":1,""2"":2,""3"":2}"	制度构建	{'confidence': 0.1, 'domain': 'unrouted', 'evidence_source': 'keyword', 'evidence_span': '分配功能', 'label_origin': 'machine_inferred', 'routing_only': True, 'source_level': 'B'};{'confidence': 0.66, 'domain': '规范理论', 'evidence_source': 'keyword', 'evidence_span': '规范解构', 'label_origin': 'machine_inferred', 'routing_only': True, 'source_level': 'B'}		internal_fragment	1.125	"{""2023"":4,""2024"":1}"	FXZZ202304012;FXZZ202305005;FXZZ202407013	A1/A2	pending_human_review
b6620076e1b18cd5329e	制度框架	cross_paper_discovery	bounded_chinese_ngram_maximal_repeat	2	2	1;3	"{""1"":1,""2"":0,""3"":1}"	制度构建	{'confidence': 0.1, 'domain': 'unrouted', 'evidence_source': 'keyword', 'evidence_span': '法治现代化', 'label_origin': 'machine_inferred', 'routing_only': True, 'source_level': 'B'};{'confidence': 0.66, 'domain': '比较法', 'evidence_source': 'keyword', 'evidence_span': '国际投资协定', 'label_origin': 'machine_inferred', 'routing_only': True, 'source_level': 'B'}		generic_container;internal_fragment	1.0	"{""2023"":1,""2024"":1}"	FXZZ202307002;FXZZ202407012	A1/A2	pending_human_review
272c8b3d752b3cc3e700	制度的价值	cross_paper_discovery	bounded_chinese_ngram_maximal_repeat	3	3	1;2	"{""1"":2,""2"":1,""3"":0}"	制度构建	{'confidence': 0.1, 'domain': 'unrouted', 'evidence_source': 'keyword', 'evidence_span': '决定善意性', 'label_origin': 'machine_inferred', 'routing_only': True, 'source_level': 'B'};{'confidence': 0.72, 'domain': '合同法', 'evidence_source': 'keyword', 'evidence_span': '合同解除', 'label_origin': 'machine_inferred', 'routing_only': True, 'source_level': 'B'}		internal_fragment	1.2	"{""2024"":3}"	FXZZ202404009;FXZZ202405009;FXZZ202405013	A1/A2	pending_human_review
80c11200bde2c586f5bc	制度的体系	cross_paper_discovery	bounded_chinese_ngram_maximal_repeat	2	2	1;2	"{""1"":1,""2"":1,""3"":0}"	制度构建;权利救济;证据证明	{'confidence': 0.1, 'domain': 'unrouted', 'evidence_source': 'keyword', 'evidence_span': '继承取得', 'label_origin': 'machine_inferred', 'routing_only': True, 'source_level': 'B'};{'confidence': 0.68, 'domain': '程序法', 'evidence_source': 'keyword', 'evidence_span': '检察公益诉讼', 'label_origin': 'machine_inferred', 'routing_only': True, 'source_level': 'B'}		generic_container;internal_fragment	0.8	"{""2024"":1,""2026"":1}"	FXZZ202405009;FXZZ202607003	A1/A2	pending_human_review
fcd9b6b3dd5d1de10d25	制度的双	cross_paper_discovery	bounded_chinese_ngram_maximal_repeat	2	2	1	"{""1"":2,""2"":0,""3"":0}"	制度构建	{'confidence': 0.1, 'domain': 'unrouted', 'evidence_source': 'keyword', 'evidence_span': '辅助性原则', 'label_origin': 'machine_inferred', 'routing_only': True, 'source_level': 'B'}		internal_fragment	1.0	"{""2023"":1,""2024"":1}"	FXZZ202312004;FXZZ202401006	A1/A2	pending_human_review
5aee389ceac8d7b50709	制度的失	cross_paper_discovery	bounded_chinese_ngram_maximal_repeat	2	2	2	"{""1"":0,""2"":2,""3"":0}"	制度构建	{'confidence': 0.1, 'domain': 'unrouted', 'evidence_source': 'keyword', 'evidence_span': '专属经济区内平时军事活动', 'label_origin': 'machine_inferred', 'routing_only': True, 'source_level': 'B'}		internal_fragment	1.0	"{""2023"":1,""2024"":1}"	FXZZ202310012;FXZZ202401006	A1/A2	pending_human_review
17358459118aea9f2955	制度的完	cross_paper_discovery	bounded_chinese_ngram_maximal_repeat	4	4	1;2	"{""1"":3,""2"":1,""3"":0}"	制度构建;权利救济;证据证明	{'confidence': 0.1, 'domain': 'unrouted', 'evidence_source': 'keyword', 'evidence_span': '依宪执政', 'label_origin': 'machine_inferred', 'routing_only': True, 'source_level': 'B'}		internal_fragment	1.75	"{""2023"":2,""2024"":2}"	FXZZ202303001;FXZZ202312010;FXZZ202405013;FXZZ202412004	A1/A2	pending_human_review
7aeb04d5616eb5147c8d	制度的完善	cross_paper_discovery	bounded_chinese_ngram_maximal_repeat	3	3	1	"{""1"":3,""2"":0,""3"":0}"	制度构建;权利救济;证据证明	{'confidence': 0.1, 'domain': 'unrouted', 'evidence_source': 'keyword', 'evidence_span': '法律治理', 'label_origin': 'machine_inferred', 'routing_only': True, 'source_level': 'B'}		internal_fragment	1.1	"{""2023"":1,""2024"":2}"	FXZZ202312010;FXZZ202405013;FXZZ202412004	A1/A2	pending_human_review
a00c4f9ed3cd3260848e	制度的实	cross_paper_discovery	bounded_chinese_ngram_maximal_repeat	2	2	1;2	"{""1"":1,""2"":1,""3"":0}"	制度构建	{'confidence': 0.1, 'domain': 'unrouted', 'evidence_source': 'keyword', 'evidence_span': '法律治理', 'label_origin': 'machine_inferred', 'routing_only': True, 'source_level': 'B'};{'confidence': 0.72, 'domain': '合同法', 'evidence_source': 'keyword', 'evidence_span': '可诉请履行性', 'label_origin': 'machine_inferred', 'routing_only': True, 'source_level': 'B'}		internal_fragment	1.0	"{""2023"":1,""2024"":1}"	FXZZ202312010;FXZZ202412009	A1/A2	pending_human_review
5f53fc54239ec8e6a84d	制度的改革	cross_paper_discovery	bounded_chinese_ngram_maximal_repeat	2	2	1;2	"{""1"":2,""2"":1,""3"":0}"	制度构建	{'confidence': 0.1, 'domain': 'unrouted', 'evidence_source': 'keyword', 'evidence_span': '账外暗中', 'label_origin': 'machine_inferred', 'routing_only': True, 'source_level': 'B'}		internal_fragment;low_wordhood_score	0.666667	"{""2024"":3}"	FXZZ202405011;FXZZ202405013	A1/A2	pending_human_review
f5110787394150450c66	制度的规	cross_paper_discovery	bounded_chinese_ngram_maximal_repeat	2	2	1;2	"{""1"":1,""2"":1,""3"":0}"	制度构建	{'confidence': 0.1, 'domain': 'unrouted', 'evidence_source': 'keyword', 'evidence_span': '劳动法', 'label_origin': 'machine_inferred', 'routing_only': True, 'source_level': 'B'}		internal_fragment	1.0	"{""2023"":2}"	FXZZ202303011;FXZZ202312004	A1/A2	pending_human_review
cac3bbcb1f8be2726255	制度的设	cross_paper_discovery	bounded_chinese_ngram_maximal_repeat	2	2	1;2	"{""1"":1,""2"":1,""3"":0}"	制度构建;比较法	{'confidence': 0.1, 'domain': 'unrouted', 'evidence_source': 'keyword', 'evidence_span': '双边冲突规则', 'label_origin': 'machine_inferred', 'routing_only': True, 'source_level': 'B'};{'confidence': 0.66, 'domain': '比较法', 'evidence_source': 'keyword', 'evidence_span': '域外适用', 'label_origin': 'machine_inferred', 'routing_only': True, 'source_level': 'B'};{'confidence': 0.68, 'domain': '程序法', 'evidence_source': 'keyword', 'evidence_span': '程序问题', 'label_origin': 'machine_inferred', 'routing_only': True, 'source_level': 'B'}		internal_fragment	1.0	"{""2023"":1,""2024"":1}"	FXZZ202308012;FXZZ202401012	A1/A2	pending_human_review
eb8c03aa57ac47dd6d8b	制度的配套	cross_paper_discovery	bounded_chinese_ngram_maximal_repeat	2	2	2	"{""1"":0,""2"":2,""3"":0}"	制度构建	{'confidence': 0.1, 'domain': 'unrouted', 'evidence_source': 'keyword', 'evidence_span': '分配功能', 'label_origin': 'machine_inferred', 'routing_only': True, 'source_level': 'B'};{'confidence': 0.66, 'domain': '比较法', 'evidence_source': 'keyword', 'evidence_span': '国际税收协调', 'label_origin': 'machine_inferred', 'routing_only': True, 'source_level': 'B'};{'confidence': 0.66, 'domain': '规范理论', 'evidence_source': 'keyword', 'evidence_span': '规范解构', 'label_origin': 'machine_inferred', 'routing_only': True, 'source_level': 'B'};{'confidence': 0.68, 'domain': '程序法', 'evidence_source': 'keyword', 'evidence_span': '相互协商程序', 'label_origin': 'machine_inferred', 'routing_only': True, 'source_level': 'B'};{'confidence': 0.76, 'domain': '仲裁法', 'evidence_source': 'keyword', 'evidence_span': '税收仲裁', 'label_origin': 'machine_inferred', 'routing_only': True, 'source_level': 'B'}		internal_fragment	0.8	"{""2023"":2}"	FXZZ202304012;FXZZ202304013	A1/A2	pending_human_review
d3b7ff182c6ecd186277	制度竞争	cross_paper_discovery	bounded_chinese_ngram_maximal_repeat	2	2	2	"{""1"":0,""2"":2,""3"":0}"	制度构建;权利救济;证据证明	{'confidence': 0.1, 'domain': 'unrouted', 'evidence_source': 'keyword', 'evidence_span': '双边冲突规则', 'label_origin': 'machine_inferred', 'routing_only': True, 'source_level': 'B'};{'confidence': 0.68, 'domain': '程序法', 'evidence_source': 'keyword', 'evidence_span': '程序问题', 'label_origin': 'machine_inferred', 'routing_only': True, 'source_level': 'B'}		internal_fragment	1.0	"{""2023"":1,""2024"":1}"	FXZZ202308012;FXZZ202412004	A1/A2	pending_human_review
4c7eae69510f86dcfdda	制度自	cross_paper_discovery	bounded_chinese_ngram_maximal_repeat	2	2	1;2	"{""1"":1,""2"":1,""3"":0}"	制度构建	{'confidence': 0.1, 'domain': 'unrouted', 'evidence_source': 'keyword', 'evidence_span': '税收公平', 'label_origin': 'machine_inferred', 'routing_only': True, 'source_level': 'B'}		internal_fragment	1.333334	"{""2023"":1,""2024"":1}"	FXZZ202305012;FXZZ202401002	A1/A2	pending_human_review
3ed5dc7f3f0273a7d109	制度衔接	cross_paper_discovery	bounded_chinese_ngram_maximal_repeat	2	2	2	"{""1"":0,""2"":2,""3"":0}"	制度构建	{'confidence': 0.1, 'domain': 'unrouted', 'evidence_source': 'keyword', 'evidence_span': '全面依法治国', 'label_origin': 'machine_inferred', 'routing_only': True, 'source_level': 'B'};{'confidence': 0.68, 'domain': '程序法', 'evidence_source': 'keyword', 'evidence_span': '主观程序正义', 'label_origin': 'machine_inferred', 'routing_only': True, 'source_level': 'B'}		internal_fragment	1.0	"{""2023"":2}"	FXZZ202301001;FXZZ202304004	A1/A2	pending_human_review
23fe90c04e58d85760a8	制度规	cross_paper_discovery	bounded_chinese_ngram_maximal_repeat	3	3	2;3	"{""1"":0,""2"":2,""3"":1}"	制度构建;规范依据	{'confidence': 0.1, 'domain': 'unrouted', 'evidence_source': 'keyword', 'evidence_span': '合目的性改革', 'label_origin': 'machine_inferred', 'routing_only': True, 'source_level': 'B'}		internal_fragment	1.833333	"{""2023"":2,""2024"":1}"	FXZZ202301004;FXZZ202312004;FXZZ202412006	A1/A2	pending_human_review
d96b2321bb54be5366c2	制度规范	cross_paper_discovery	bounded_chinese_ngram_maximal_repeat	2	2	2	"{""1"":0,""2"":2,""3"":0}"	制度构建;规范依据	{'confidence': 0.1, 'domain': 'unrouted', 'evidence_source': 'keyword', 'evidence_span': '合目的性改革', 'label_origin': 'machine_inferred', 'routing_only': True, 'source_level': 'B'}		internal_fragment	1.0	"{""2023"":2}"	FXZZ202301004;FXZZ202312004	A1/A2	pending_human_review
1943f9b14c909df2af6f	制度设计	cross_paper_discovery	bounded_chinese_ngram_maximal_repeat	4	4	1;2	"{""1"":2,""2"":7,""3"":0}"	制度构建;比较法	{'confidence': 0.1, 'domain': 'unrouted', 'evidence_source': 'keyword', 'evidence_span': '合目的性改革', 'label_origin': 'machine_inferred', 'routing_only': True, 'source_level': 'B'};{'confidence': 0.66, 'domain': '比较法', 'evidence_source': 'keyword', 'evidence_span': '域外适用', 'label_origin': 'machine_inferred', 'routing_only': True, 'source_level': 'B'};{'confidence': 0.68, 'domain': '程序法', 'evidence_source': 'keyword', 'evidence_span': '程序问题', 'label_origin': 'machine_inferred', 'routing_only': True, 'source_level': 'B'}		internal_fragment	1.555556	"{""2023"":6,""2024"":3}"	FXZZ202301004;FXZZ202308012;FXZZ202401006;FXZZ202401012	A1/A2	pending_human_review
4d38c31cc87b4961a572	制度逻辑	cross_paper_discovery	bounded_chinese_ngram_maximal_repeat	3	3	1;2	"{""1"":2,""2"":1,""3"":0}"	制度构建;程序审查	{'confidence': 0.1, 'domain': 'unrouted', 'evidence_source': 'keyword', 'evidence_span': '提级巡察', 'label_origin': 'machine_inferred', 'routing_only': True, 'source_level': 'B'}		generic_container;internal_fragment	1.125	"{""2023"":1,""2024"":1,""2026"":1}"	FXZZ202305002;FXZZ202406005;FXZZ202607001	A1/A2	pending_human_review
7316351b3c08a04653cc	制度重构	cross_paper_discovery	bounded_chinese_ngram_maximal_repeat	2	2	1	"{""1"":2,""2"":0,""3"":0}"	制度构建	{'confidence': 0.1, 'domain': 'unrouted', 'evidence_source': 'keyword', 'evidence_span': '破产别除权', 'label_origin': 'machine_inferred', 'routing_only': True, 'source_level': 'B'}			1.0	"{""2023"":2}"	FXZZ202305013;FXZZ202307008	A1/A2	pending_human_review
c66096caac2dbd2ee89d	制措施	cross_paper_discovery	bounded_chinese_ngram_maximal_repeat	2	2	1;2	"{""1"":3,""2"":9,""3"":0}"		{'confidence': 0.1, 'domain': 'unrouted', 'evidence_source': 'keyword', 'evidence_span': '实质违法性', 'label_origin': 'machine_inferred', 'routing_only': True, 'source_level': 'B'}		internal_fragment	0.944445	"{""2024"":12}"	FXZZ202412006;FXZZ202412011	A1/A2	pending_human_review
68bd0418da724b44543b	制机制	cross_paper_discovery	bounded_chinese_ngram_maximal_repeat	5	5	1;3	"{""1"":4,""2"":0,""3"":2}"	程序审查	{'confidence': 0.1, 'domain': 'unrouted', 'evidence_source': 'keyword', 'evidence_span': '交互型研究范式', 'label_origin': 'machine_inferred', 'routing_only': True, 'source_level': 'B'};{'confidence': 0.66, 'domain': '比较法', 'evidence_source': 'keyword', 'evidence_span': '国际投资协定', 'label_origin': 'machine_inferred', 'routing_only': True, 'source_level': 'B'}		generic_container;internal_fragment	2.638889	"{""2023"":5,""2024"":1}"	FXZZ202302001;FXZZ202305003;FXZZ202306001;FXZZ202310005;FXZZ202407012	A1/A2	pending_human_review
36c18c5ebb0131a41b67	制机能	cross_paper_discovery	bounded_chinese_ngram_maximal_repeat	2	2	2	"{""1"":0,""2"":2,""3"":0}"		{'confidence': 0.1, 'domain': 'unrouted', 'evidence_source': 'keyword', 'evidence_span': '犯罪故意', 'label_origin': 'machine_inferred', 'routing_only': True, 'source_level': 'B'};{'confidence': 0.66, 'domain': '规范理论', 'evidence_source': 'keyword', 'evidence_span': '行为规范', 'label_origin': 'machine_inferred', 'routing_only': True, 'source_level': 'B'};{'confidence': 0.68, 'domain': '程序法', 'evidence_source': 'keyword', 'evidence_span': '裁判规范', 'label_origin': 'machine_inferred', 'routing_only': True, 'source_level': 'B'}		internal_fragment	1.166667	"{""2023"":2}"	FXZZ202303005;FXZZ202311008	A1/A2	pending_human_review
83b0570ece36b93be389	制模式	cross_paper_discovery	bounded_chinese_ngram_maximal_repeat	3	3	1;2;3	"{""1"":3,""2"":2,""3"":3}"	规范依据	{'confidence': 0.1, 'domain': 'unrouted', 'evidence_source': 'keyword', 'evidence_span': '竞争中性', 'label_origin': 'machine_inferred', 'routing_only': True, 'source_level': 'B'};{'confidence': 0.68, 'domain': '程序法', 'evidence_source': 'keyword', 'evidence_span': '外部审查', 'label_origin': 'machine_inferred', 'routing_only': True, 'source_level': 'B'}		generic_container;internal_fragment	1.555556	"{""2023"":8}"	FXZZ202303010;FXZZ202307008;FXZZ202312006	A1/A2	pending_human_review
3ad9127060664d44c2a8	制的关	cross_paper_discovery	bounded_chinese_ngram_maximal_repeat	2	2	2	"{""1"":0,""2"":2,""3"":0}"	制度构建	{'confidence': 0.1, 'domain': 'unrouted', 'evidence_source': 'keyword', 'evidence_span': '幅度刑量刑', 'label_origin': 'machine_inferred', 'routing_only': True, 'source_level': 'B'}		internal_fragment	1.333334	"{""2024"":2}"	FXZZ202401006;FXZZ202403006	A1/A2	pending_human_review
dba161c0e96e8a5cfc6e	制的法	cross_paper_discovery	bounded_chinese_ngram_maximal_repeat	2	2	1;2	"{""1"":2,""2"":1,""3"":0}"		{'confidence': 0.1, 'domain': 'unrouted', 'evidence_source': 'keyword', 'evidence_span': '罪量要素', 'label_origin': 'machine_inferred', 'routing_only': True, 'source_level': 'B'};{'confidence': 0.68, 'domain': '程序法', 'evidence_source': 'keyword', 'evidence_span': '《刑事诉讼法》修改', 'label_origin': 'machine_inferred', 'routing_only': True, 'source_level': 'B'}		internal_fragment	1.111112	"{""2023"":2,""2024"":1}"	FXZZ202304004;FXZZ202412010	A1/A2	pending_human_review
e615dd203e8110dffea7	制的立法	cross_paper_discovery	bounded_chinese_ngram_maximal_repeat	2	2	1;2;3	"{""1"":1,""2"":1,""3"":1}"		{'confidence': 0.1, 'domain': 'unrouted', 'evidence_source': 'keyword', 'evidence_span': '集体行动困境', 'label_origin': 'machine_inferred', 'routing_only': True, 'source_level': 'B'};{'confidence': 0.68, 'domain': '程序法', 'evidence_source': 'keyword', 'evidence_span': '检察公益诉讼谦抑性', 'label_origin': 'machine_inferred', 'routing_only': True, 'source_level': 'B'}		internal_fragment	0.916667	"{""2023"":2,""2024"":1}"	FXZZ202309012;FXZZ202401005	A1/A2	pending_human_review
1b9c71c6fe4dcad739fd	制程序	cross_paper_discovery	bounded_chinese_ngram_maximal_repeat	2	2	2	"{""1"":0,""2"":2,""3"":0}"	程序审查	{'confidence': 0.1, 'domain': 'unrouted', 'evidence_source': 'keyword', 'evidence_span': '法的安定性', 'label_origin': 'machine_inferred', 'routing_only': True, 'source_level': 'B'};{'confidence': 0.68, 'domain': '程序法', 'evidence_source': 'keyword', 'evidence_span': '正当裁判', 'label_origin': 'machine_inferred', 'routing_only': True, 'source_level': 'B'}		internal_fragment	1.333334	"{""2023"":2}"	FXZZ202310002;FXZZ202310005	A1/A2	pending_human_review
59cb9bb6d2fe68ca3007	制统一	cross_paper_discovery	bounded_chinese_ngram_maximal_repeat	5	5	1;2;3	"{""1"":1,""2"":3,""3"":1}"	权利救济;程序审查;规范依据	{'confidence': 0.1, 'domain': 'unrouted', 'evidence_source': 'keyword', 'evidence_span': '合目的性改革', 'label_origin': 'machine_inferred', 'routing_only': True, 'source_level': 'B'};{'confidence': 0.68, 'domain': '程序法', 'evidence_source': 'keyword', 'evidence_span': '核准程序', 'label_origin': 'machine_inferred', 'routing_only': True, 'source_level': 'B'}		internal_fragment	2.666667	"{""2023"":3,""2024"":2}"	FXZZ202301004;FXZZ202307005;FXZZ202308005;FXZZ202405011;FXZZ202406002	A1/A2	pending_human_review
a2a836ef1cde3669164d	制规则	cross_paper_discovery	bounded_chinese_ngram_maximal_repeat	2	2	1	"{""1"":3,""2"":0,""3"":0}"	比较法	{'confidence': 0.1, 'domain': 'unrouted', 'evidence_source': 'keyword', 'evidence_span': '企业合规', 'label_origin': 'machine_inferred', 'routing_only': True, 'source_level': 'B'};{'confidence': 0.66, 'domain': '规范理论', 'evidence_source': 'keyword', 'evidence_span': '保护性规范', 'label_origin': 'machine_inferred', 'routing_only': True, 'source_level': 'B'}		internal_fragment	1.111112	"{""2023"":1,""2024"":2}"	FXZZ202307010;FXZZ202407008	A1/A2	pending_human_review
b7566d1d992edb639642	制路径	cross_paper_discovery	bounded_chinese_ngram_maximal_repeat	3	3	1;2	"{""1"":5,""2"":2,""3"":0}"		{'confidence': 0.1, 'domain': 'unrouted', 'evidence_source': 'keyword', 'evidence_span': '信息自决', 'label_origin': 'machine_inferred', 'routing_only': True, 'source_level': 'B'};{'confidence': 0.66, 'domain': '比较法', 'evidence_source': 'keyword', 'evidence_span': '国际高标准经贸规则', 'label_origin': 'machine_inferred', 'routing_only': True, 'source_level': 'B'};{'confidence': 0.72, 'domain': '合同法', 'evidence_source': 'keyword', 'evidence_span': '合同自由', 'label_origin': 'machine_inferred', 'routing_only': True, 'source_level': 'B'}		generic_container;internal_fragment	1.428571	"{""2023"":5,""2024"":2}"	FXZZ202306006;FXZZ202406012;FXZZ202412005	A1/A2	pending_human_review
3077719e0009972ed1fd	制适用	cross_paper_discovery	bounded_chinese_ngram_maximal_repeat	2	2	2;3	"{""1"":0,""2"":1,""3"":1}"		{'confidence': 0.1, 'domain': 'unrouted', 'evidence_source': 'keyword', 'evidence_span': '适度干预', 'label_origin': 'machine_inferred', 'routing_only': True, 'source_level': 'B'};{'confidence': 0.66, 'domain': '比较法', 'evidence_source': 'keyword', 'evidence_span': '国际高标准经贸规则', 'label_origin': 'machine_inferred', 'routing_only': True, 'source_level': 'B'}		internal_fragment	1.333334	"{""2023"":1,""2024"":1}"	FXZZ202301012;FXZZ202406012	A1/A2	pending_human_review
87ac33cab3b98c9785c8	前置法	cross_paper_discovery	bounded_chinese_ngram_maximal_repeat	6	6	2;3	"{""1"":0,""2"":5,""3"":1}"		{'confidence': 0.1, 'domain': 'unrouted', 'evidence_source': 'keyword', 'evidence_span': '利益平衡', 'label_origin': 'machine_inferred', 'routing_only': True, 'source_level': 'B'};{'confidence': 0.66, 'domain': '规范理论', 'evidence_source': 'keyword', 'evidence_span': '规范保护目的', 'label_origin': 'machine_inferred', 'routing_only': True, 'source_level': 'B'};{'confidence': 0.72, 'domain': '合同法', 'evidence_source': 'keyword', 'evidence_span': '合同解释', 'label_origin': 'machine_inferred', 'routing_only': True, 'source_level': 'B'}		internal_fragment	3.666667	"{""2023"":3,""2024"":3}"	FXZZ202304006;FXZZ202305013;FXZZ202308006;FXZZ202403006;FXZZ202407006;FXZZ202412008	A1/A2	pending_human_review
7ed62ae3a79383a01808	剥削性滥用	cross_paper_discovery	bounded_chinese_ngram_maximal_repeat	2	2	1;2;3	"{""1"":4,""2"":5,""3"":4}"		{'confidence': 0.1, 'domain': 'unrouted', 'evidence_source': 'keyword', 'evidence_span': '执行依据', 'label_origin': 'machine_inferred', 'routing_only': True, 'source_level': 'B'}		internal_fragment;low_wordhood_score	0.569231	"{""2023"":1,""2024"":12}"	FXZZ202308009;FXZZ202406011	A1/A2	pending_human_review
b581607db1103977819f	功能发挥	cross_paper_discovery	bounded_chinese_ngram_maximal_repeat	2	2	2;3	"{""1"":0,""2"":1,""3"":1}"		{'confidence': 0.1, 'domain': 'unrouted', 'evidence_source': 'keyword', 'evidence_span': '刑法保障', 'label_origin': 'machine_inferred', 'routing_only': True, 'source_level': 'B'};{'confidence': 0.66, 'domain': '规范理论', 'evidence_source': 'keyword', 'evidence_span': '规范保护目的', 'label_origin': 'machine_inferred', 'routing_only': True, 'source_level': 'B'}		internal_fragment	1.0	"{""2023"":2}"	FXZZ202301007;FXZZ202308006	A1/A2	pending_human_review
027aeb0726614fbb350c	功能定	cross_paper_discovery	bounded_chinese_ngram_maximal_repeat	8	8	1;2;3	"{""1"":3,""2"":4,""3"":3}"	程序审查	{'confidence': 0.1, 'domain': 'unrouted', 'evidence_source': 'keyword', 'evidence_span': '适度干预', 'label_origin': 'machine_inferred', 'routing_only': True, 'source_level': 'B'};{'confidence': 0.68, 'domain': '程序法', 'evidence_source': 'keyword', 'evidence_span': '特别程序', 'label_origin': 'machine_inferred', 'routing_only': True, 'source_level': 'B'}		internal_fragment	3.866667	"{""2023"":6,""2024"":4}"	FXZZ202301012;FXZZ202308005;FXZZ202310013;FXZZ202311011;FXZZ202311013;FXZZ202401006;FXZZ202406004;FXZZ202406013	A1/A2	pending_human_review
53045c57cdad6320396f	功能定位	cross_paper_discovery	bounded_chinese_ngram_maximal_repeat	7	7	1;2;3	"{""1"":3,""2"":3,""3"":3}"	程序审查	{'confidence': 0.1, 'domain': 'unrouted', 'evidence_source': 'keyword', 'evidence_span': '适度干预', 'label_origin': 'machine_inferred', 'routing_only': True, 'source_level': 'B'};{'confidence': 0.68, 'domain': '程序法', 'evidence_source': 'keyword', 'evidence_span': '特别程序', 'label_origin': 'machine_inferred', 'routing_only': True, 'source_level': 'B'}		internal_fragment	2.819444	"{""2023"":6,""2024"":3}"	FXZZ202301012;FXZZ202308005;FXZZ202310013;FXZZ202311011;FXZZ202311013;FXZZ202406004;FXZZ202406013	A1/A2	pending_human_review
69a658ba7520ecddef40	功能层面	cross_paper_discovery	bounded_chinese_ngram_maximal_repeat	2	2	2;3	"{""1"":0,""2"":1,""3"":1}"		{'confidence': 0.1, 'domain': 'unrouted', 'evidence_source': 'keyword', 'evidence_span': '适度干预', 'label_origin': 'machine_inferred', 'routing_only': True, 'source_level': 'B'}		low_wordhood_score	0.75	"{""2023"":1,""2024"":1}"	FXZZ202301012;FXZZ202406011	A1/A2	pending_human_review
296213afeb70154e41f8	功能性	cross_paper_discovery	bounded_chinese_ngram_maximal_repeat	2	2	2	"{""1"":0,""2"":2,""3"":0}"	权利救济	{'confidence': 0.1, 'domain': 'unrouted', 'evidence_source': 'keyword', 'evidence_span': '女性劳动权益保障', 'label_origin': 'machine_inferred', 'routing_only': True, 'source_level': 'B'}		internal_fragment	1.333334	"{""2023"":2}"	FXZZ202304011;FXZZ202312002	A1/A2	pending_human_review
e44a46333e30bcd4e4ac	功能的实	cross_paper_discovery	bounded_chinese_ngram_maximal_repeat	3	3	1;2	"{""1"":1,""2"":2,""3"":0}"	规范依据	{'confidence': 0.1, 'domain': 'unrouted', 'evidence_source': 'keyword', 'evidence_span': '女性劳动权益保障', 'label_origin': 'machine_inferred', 'routing_only': True, 'source_level': 'B'}		internal_fragment	1.375	"{""2023"":2,""2024"":1}"	FXZZ202304011;FXZZ202311004;FXZZ202406009	A1/A2	pending_human_review
55057f349f0bcc3131ce	功能的实现	cross_paper_discovery	bounded_chinese_ngram_maximal_repeat	2	2	2	"{""1"":0,""2"":2,""3"":0}"	规范依据	{'confidence': 0.1, 'domain': 'unrouted', 'evidence_source': 'keyword', 'evidence_span': '立法技术', 'label_origin': 'machine_inferred', 'routing_only': True, 'source_level': 'B'}		internal_fragment	0.8	"{""2023"":1,""2024"":1}"	FXZZ202311004;FXZZ202406009	A1/A2	pending_human_review
5c10c7f8c5e1d0fc258e	加害行	cross_paper_discovery	bounded_chinese_ngram_maximal_repeat	2	2	2	"{""1"":0,""2"":2,""3"":0}"		{'confidence': 0.1, 'domain': 'unrouted', 'evidence_source': 'keyword', 'evidence_span': '法律定义', 'label_origin': 'machine_inferred', 'routing_only': True, 'source_level': 'B'};{'confidence': 0.66, 'domain': '规范理论', 'evidence_source': 'keyword', 'evidence_span': '规范目的', 'label_origin': 'machine_inferred', 'routing_only': True, 'source_level': 'B'};{'confidence': 0.68, 'domain': '程序法', 'evidence_source': 'keyword', 'evidence_span': '诉讼权利', 'label_origin': 'machine_inferred', 'routing_only': True, 'source_level': 'B'}		internal_fragment	1.000001	"{""2023"":2}"	FXZZ202304009;FXZZ202308008	A1/A2	pending_human_review
3919b23bd346572ecc51	务提供	cross_paper_discovery	bounded_chinese_ngram_maximal_repeat	3	3	1;2;3	"{""1"":7,""2"":5,""3"":2}"	程序审查	{'confidence': 0.1, 'domain': 'unrouted', 'evidence_source': 'keyword', 'evidence_span': '隐私权', 'label_origin': 'machine_inferred', 'routing_only': True, 'source_level': 'B'}		internal_fragment	1.142857	"{""2023"":5,""2024"":9}"	FXZZ202301011;FXZZ202305006;FXZZ202407009	A1/A2	pending_human_review
3eb77624382339bdaf92	务范围	cross_paper_discovery	bounded_chinese_ngram_maximal_repeat	2	2	2;3	"{""1"":0,""2"":1,""3"":3}"		{'confidence': 0.1, 'domain': 'unrouted', 'evidence_source': 'keyword', 'evidence_span': '法律治理', 'label_origin': 'machine_inferred', 'routing_only': True, 'source_level': 'B'};{'confidence': 0.68, 'domain': '程序法', 'evidence_source': 'keyword', 'evidence_span': '《刑事诉讼法》修改', 'label_origin': 'machine_inferred', 'routing_only': True, 'source_level': 'B'}		internal_fragment	1.166667	"{""2023"":1,""2024"":3}"	FXZZ202312010;FXZZ202412010	A1/A2	pending_human_review
dba2550ebf65dba2f172	动态性	cross_paper_discovery	bounded_chinese_ngram_maximal_repeat	2	2	2;3	"{""1"":0,""2"":1,""3"":1}"		{'confidence': 0.1, 'domain': 'unrouted', 'evidence_source': 'keyword', 'evidence_span': '科技宪法', 'label_origin': 'machine_inferred', 'routing_only': True, 'source_level': 'B'}		internal_fragment	1.333334	"{""2023"":2}"	FXZZ202302004;FXZZ202308003	A1/A2	pending_human_review
7fc900ef37fb0ffb74dd	动逻辑	cross_paper_discovery	bounded_chinese_ngram_maximal_repeat	3	3	2	"{""1"":0,""2"":3,""3"":0}"	程序审查	{'confidence': 0.1, 'domain': 'unrouted', 'evidence_source': 'keyword', 'evidence_span': '“农业面源污染防治—碳汇交易”制度', 'label_origin': 'machine_inferred', 'routing_only': True, 'source_level': 'B'};{'confidence': 0.68, 'domain': '程序法', 'evidence_source': 'keyword', 'evidence_span': '正当裁判', 'label_origin': 'machine_inferred', 'routing_only': True, 'source_level': 'B'}		generic_container;internal_fragment	1.666667	"{""2023"":3}"	FXZZ202307011;FXZZ202308005;FXZZ202310002	A1/A2	pending_human_review
04197216a137816e3ccd	劳动关系	cross_paper_discovery	bounded_chinese_ngram_maximal_repeat	2	2	2;3	"{""1"":0,""2"":1,""3"":2}"	制度构建	{'confidence': 0.1, 'domain': 'unrouted', 'evidence_source': 'keyword', 'evidence_span': '实质违法性', 'label_origin': 'machine_inferred', 'routing_only': True, 'source_level': 'B'}		internal_fragment	0.916667	"{""2023"":2,""2024"":1}"	FXZZ202305013;FXZZ202412006	A1/A2	pending_human_review
154da0f3d8606b85dfbb	劳动合同	cross_paper_discovery	bounded_chinese_ngram_maximal_repeat	3	3	2;3	"{""1"":0,""2"":3,""3"":3}"	比较法	{'confidence': 0.1, 'domain': 'unrouted', 'evidence_source': 'keyword', 'evidence_span': '劳动法', 'label_origin': 'machine_inferred', 'routing_only': True, 'source_level': 'B'};{'confidence': 0.66, 'domain': '比较法', 'evidence_source': 'keyword', 'evidence_span': '域外适用', 'label_origin': 'machine_inferred', 'routing_only': True, 'source_level': 'B'}		internal_fragment	1.178571	"{""2023"":1,""2024"":5}"	FXZZ202303011;FXZZ202401012;FXZZ202404012	A1/A2	pending_human_review
acd7422da661039a0934	劳动合同转	cross_paper_discovery	bounded_chinese_ngram_maximal_repeat	2	2	3	"{""1"":0,""2"":0,""3"":2}"		{'confidence': 0.1, 'domain': 'unrouted', 'evidence_source': 'keyword', 'evidence_span': '劳动法', 'label_origin': 'machine_inferred', 'routing_only': True, 'source_level': 'B'}		internal_fragment	0.8	"{""2023"":1,""2024"":1}"	FXZZ202303011;FXZZ202404012	A1/A2	pending_human_review
587b69ac2b2135e1eb39	劳动权	cross_paper_discovery	bounded_chinese_ngram_maximal_repeat	2	2	1;2;3	"{""1"":1,""2"":1,""3"":1}"	制度构建	{'confidence': 0.1, 'domain': 'unrouted', 'evidence_source': 'keyword', 'evidence_span': '分配功能', 'label_origin': 'machine_inferred', 'routing_only': True, 'source_level': 'B'};{'confidence': 0.66, 'domain': '规范理论', 'evidence_source': 'keyword', 'evidence_span': '规范解构', 'label_origin': 'machine_inferred', 'routing_only': True, 'source_level': 'B'}		internal_fragment	1.111112	"{""2023"":2,""2024"":1}"	FXZZ202304012;FXZZ202412006	A1/A2	pending_human_review
8b591968862a740884a7	劳动法	cross_paper_discovery	bounded_chinese_ngram_maximal_repeat	4	4	1;2	"{""1"":9,""2"":19,""3"":0}"	制度构建;比较法;规范依据	{'confidence': 0.1, 'domain': 'unrouted', 'evidence_source': 'keyword', 'evidence_span': '多元共治', 'label_origin': 'machine_inferred', 'routing_only': True, 'source_level': 'B'};{'confidence': 0.66, 'domain': '比较法', 'evidence_source': 'keyword', 'evidence_span': '域外适用', 'label_origin': 'machine_inferred', 'routing_only': True, 'source_level': 'B'}		internal_fragment	1.849462	"{""2023"":12,""2024"":16}"	FXZZ202307013;FXZZ202311012;FXZZ202401012;FXZZ202403012	A1/A2	pending_human_review
9cbd5b83bce941b8b5dc	劳动法典	cross_paper_discovery	bounded_chinese_ngram_maximal_repeat	2	2	1;2	"{""1"":4,""2"":8,""3"":0}"	制度构建;比较法;规范依据	{'confidence': 0.1, 'domain': 'unrouted', 'evidence_source': 'keyword', 'evidence_span': '合法利益', 'label_origin': 'machine_inferred', 'routing_only': True, 'source_level': 'B'};{'confidence': 0.66, 'domain': '比较法', 'evidence_source': 'keyword', 'evidence_span': '域外适用', 'label_origin': 'machine_inferred', 'routing_only': True, 'source_level': 'B'}		low_wordhood_score	0.75	"{""2023"":5,""2024"":7}"	FXZZ202307013;FXZZ202401012	A1/A2	pending_human_review
66c601b8725689d48811	劳动者	cross_paper_discovery	bounded_chinese_ngram_maximal_repeat	4	4	1;2;3	"{""1"":1,""2"":2,""3"":4}"		{'confidence': 0.1, 'domain': 'unrouted', 'evidence_source': 'keyword', 'evidence_span': '劳动法', 'label_origin': 'machine_inferred', 'routing_only': True, 'source_level': 'B'}		internal_fragment	2.47619	"{""2023"":4,""2024"":3}"	FXZZ202303011;FXZZ202305013;FXZZ202404012;FXZZ202412006	A1/A2	pending_human_review
d9509ebaaf3c0830c949	化与认定	cross_paper_discovery	bounded_chinese_ngram_maximal_repeat	2	2	3	"{""1"":0,""2"":0,""3"":2}"		{'confidence': 0.1, 'domain': 'unrouted', 'evidence_source': 'keyword', 'evidence_span': '透明度', 'label_origin': 'machine_inferred', 'routing_only': True, 'source_level': 'B'};{'confidence': 0.66, 'domain': '比较法', 'evidence_source': 'keyword', 'evidence_span': '国际经贸合作', 'label_origin': 'machine_inferred', 'routing_only': True, 'source_level': 'B'}		internal_fragment	1.0	"{""2023"":1,""2024"":1}"	FXZZ202302012;FXZZ202407007	A1/A2	pending_human_review
cde6d1f9d33b9923af31	化中国	cross_paper_discovery	bounded_chinese_ngram_maximal_repeat	2	2	2;3	"{""1"":0,""2"":1,""3"":1}"	比较法	{'confidence': 0.1, 'domain': 'unrouted', 'evidence_source': 'keyword', 'evidence_span': '法律方法论', 'label_origin': 'machine_inferred', 'routing_only': True, 'source_level': 'B'}		internal_fragment	1.333334	"{""2024"":2}"	FXZZ202401013;FXZZ202405002	A1/A2	pending_human_review
99b10a041dacc8526fa9	化刑法	cross_paper_discovery	bounded_chinese_ngram_maximal_repeat	2	2	2;3	"{""1"":0,""2"":1,""3"":1}"		{'confidence': 0.1, 'domain': 'unrouted', 'evidence_source': 'keyword', 'evidence_span': '刑法保障', 'label_origin': 'machine_inferred', 'routing_only': True, 'source_level': 'B'}		internal_fragment	1.333334	"{""2023"":1,""2024"":1}"	FXZZ202301007;FXZZ202406006	A1/A2	pending_human_review
dc4f23b61851aae18e53	化创新	cross_paper_discovery	bounded_chinese_ngram_maximal_repeat	2	2	1;2	"{""1"":2,""2"":1,""3"":0}"		{'confidence': 0.1, 'domain': 'unrouted', 'evidence_source': 'keyword', 'evidence_span': '数字正义', 'label_origin': 'machine_inferred', 'routing_only': True, 'source_level': 'B'}		internal_fragment	1.111112	"{""2024"":3}"	FXZZ202401002;FXZZ202401004	A1/A2	pending_human_review
c3ee843bd1ebdb80c42b	化功能	cross_paper_discovery	bounded_chinese_ngram_maximal_repeat	2	2	1;2	"{""1"":2,""2"":1,""3"":0}"		{'confidence': 0.1, 'domain': 'unrouted', 'evidence_source': 'keyword', 'evidence_span': '女性劳动权益保障', 'label_origin': 'machine_inferred', 'routing_only': True, 'source_level': 'B'}		internal_fragment	1.111112	"{""2023"":3}"	FXZZ202304011;FXZZ202307003	A1/A2	pending_human_review
b3379bc6d76c89ef4189	化原则	cross_paper_discovery	bounded_chinese_ngram_maximal_repeat	3	3	2;3	"{""1"":0,""2"":1,""3"":2}"		{'confidence': 0.1, 'domain': 'unrouted', 'evidence_source': 'keyword', 'evidence_span': '简约性原则', 'label_origin': 'machine_inferred', 'routing_only': True, 'source_level': 'B'}		internal_fragment	1.5	"{""2023"":3}"	FXZZ202306010;FXZZ202311008;FXZZ202312004	A1/A2	pending_human_review
2a689996eb92fce4867c	化发展	cross_paper_discovery	bounded_chinese_ngram_maximal_repeat	3	3	2	"{""1"":0,""2"":4,""3"":0}"		{'confidence': 0.1, 'domain': 'unrouted', 'evidence_source': 'keyword', 'evidence_span': '数据自决权', 'label_origin': 'machine_inferred', 'routing_only': True, 'source_level': 'B'};{'confidence': 0.68, 'domain': '程序法', 'evidence_source': 'keyword', 'evidence_span': '正当裁判', 'label_origin': 'machine_inferred', 'routing_only': True, 'source_level': 'B'}		internal_fragment	1.625	"{""2023"":4}"	FXZZ202301003;FXZZ202310002;FXZZ202311003	A1/A2	pending_human_review
236dc2ede75c57f42952	化建设	cross_paper_discovery	bounded_chinese_ngram_maximal_repeat	3	3	2	"{""1"":0,""2"":3,""3"":0}"		{'confidence': 0.1, 'domain': 'unrouted', 'evidence_source': 'keyword', 'evidence_span': '系统司法观', 'label_origin': 'machine_inferred', 'routing_only': True, 'source_level': 'B'}		internal_fragment	1.666667	"{""2023"":2,""2024"":1}"	FXZZ202308002;FXZZ202309011;FXZZ202401002	A1/A2	pending_human_review
20f0fce4ca73f5fd8722	化思维	cross_paper_discovery	bounded_chinese_ngram_maximal_repeat	2	2	1;3	"{""1"":1,""2"":0,""3"":1}"	程序审查	{'confidence': 0.1, 'domain': 'unrouted', 'evidence_source': 'keyword', 'evidence_span': '简约性原则', 'label_origin': 'machine_inferred', 'routing_only': True, 'source_level': 'B'}		internal_fragment	1.333334	"{""2023"":2}"	FXZZ202306010;FXZZ202308003	A1/A2	pending_human_review
b731ce476ab8a87af23c	化方法	cross_paper_discovery	bounded_chinese_ngram_maximal_repeat	2	2	1;3	"{""1"":1,""2"":0,""3"":1}"		{'confidence': 0.1, 'domain': 'unrouted', 'evidence_source': 'keyword', 'evidence_span': '法律治理', 'label_origin': 'machine_inferred', 'routing_only': True, 'source_level': 'B'}		internal_fragment	1.333334	"{""2023"":1,""2024"":1}"	FXZZ202312010;FXZZ202401004	A1/A2	pending_human_review
9c7003e2944b36d6b1d9	化机制	cross_paper_discovery	bounded_chinese_ngram_maximal_repeat	2	2	2	"{""1"":0,""2"":2,""3"":0}"	程序审查	{'confidence': 0.1, 'domain': 'unrouted', 'evidence_source': 'keyword', 'evidence_span': '体系解释', 'label_origin': 'machine_inferred', 'routing_only': True, 'source_level': 'B'};{'confidence': 0.66, 'domain': '规范理论', 'evidence_source': 'keyword', 'evidence_span': '规范保护目的', 'label_origin': 'machine_inferred', 'routing_only': True, 'source_level': 'B'}		generic_container;internal_fragment	1.333334	"{""2023"":2}"	FXZZ202308006;FXZZ202310005	A1/A2	pending_human_review
6f3bfc17f0d1d4cf1108	化构造	cross_paper_discovery	bounded_chinese_ngram_maximal_repeat	2	2	1;2	"{""1"":1,""2"":1,""3"":0}"	制度构建;权利救济;证据证明	{'confidence': 0.1, 'domain': 'unrouted', 'evidence_source': 'keyword', 'evidence_span': '女性劳动权益保障', 'label_origin': 'machine_inferred', 'routing_only': True, 'source_level': 'B'};{'confidence': 0.68, 'domain': '程序法', 'evidence_source': 'keyword', 'evidence_span': '检察公益诉讼', 'label_origin': 'machine_inferred', 'routing_only': True, 'source_level': 'B'}		internal_fragment	1.333334	"{""2023"":1,""2026"":1}"	FXZZ202304011;FXZZ202607003	A1/A2	pending_human_review
706171dc803447ddddea	化环境	cross_paper_discovery	bounded_chinese_ngram_maximal_repeat	2	2	1;2	"{""1"":1,""2"":1,""3"":0}"	制度构建	{'confidence': 0.1, 'domain': 'unrouted', 'evidence_source': 'keyword', 'evidence_span': '依宪执政', 'label_origin': 'machine_inferred', 'routing_only': True, 'source_level': 'B'};{'confidence': 0.66, 'domain': '规范理论', 'evidence_source': 'keyword', 'evidence_span': '规范保护目的', 'label_origin': 'machine_inferred', 'routing_only': True, 'source_level': 'B'}		internal_fragment	1.333334	"{""2023"":2}"	FXZZ202303001;FXZZ202308006	A1/A2	pending_human_review
30871be381cf631b7e00	化的全	cross_paper_discovery	bounded_chinese_ngram_maximal_repeat	2	2	1;2	"{""1"":1,""2"":1,""3"":0}"		{'confidence': 0.1, 'domain': 'unrouted', 'evidence_source': 'keyword', 'evidence_span': '重大创新', 'label_origin': 'machine_inferred', 'routing_only': True, 'source_level': 'B'}		internal_fragment	1.333334	"{""2023"":1,""2024"":1}"	FXZZ202306001;FXZZ202412004	A1/A2	pending_human_review
27ebd2755a70b5e44c13	化竞争	cross_paper_discovery	bounded_chinese_ngram_maximal_repeat	2	2	2	"{""1"":0,""2"":2,""3"":0}"	制度构建	{'confidence': 0.1, 'domain': 'unrouted', 'evidence_source': 'keyword', 'evidence_span': '竞争中性', 'label_origin': 'machine_inferred', 'routing_only': True, 'source_level': 'B'};{'confidence': 0.68, 'domain': '程序法', 'evidence_source': 'keyword', 'evidence_span': '外部审查', 'label_origin': 'machine_inferred', 'routing_only': True, 'source_level': 'B'}		internal_fragment	1.333334	"{""2023"":2}"	FXZZ202303010;FXZZ202310012	A1/A2	pending_human_review
da89c5cb4da99a088465	化规范	cross_paper_discovery	bounded_chinese_ngram_maximal_repeat	2	2	2	"{""1"":0,""2"":2,""3"":0}"	制度构建;权利救济;规范依据	{'confidence': 0.1, 'domain': 'unrouted', 'evidence_source': 'keyword', 'evidence_span': '数据自决权', 'label_origin': 'machine_inferred', 'routing_only': True, 'source_level': 'B'};{'confidence': 0.68, 'domain': '程序法', 'evidence_source': 'keyword', 'evidence_span': '正当裁判', 'label_origin': 'machine_inferred', 'routing_only': True, 'source_level': 'B'}		internal_fragment	1.333334	"{""2023"":2}"	FXZZ202301003;FXZZ202310002	A1/A2	pending_human_review
c6d32e5b2f2dcd449e46	化调整	cross_paper_discovery	bounded_chinese_ngram_maximal_repeat	2	2	1;3	"{""1"":1,""2"":0,""3"":1}"	规范依据	{'confidence': 0.1, 'domain': 'unrouted', 'evidence_source': 'keyword', 'evidence_span': '简约性原则', 'label_origin': 'machine_inferred', 'routing_only': True, 'source_level': 'B'};{'confidence': 0.66, 'domain': '比较法', 'evidence_source': 'keyword', 'evidence_span': '国际投资协定', 'label_origin': 'machine_inferred', 'routing_only': True, 'source_level': 'B'}		internal_fragment	1.166667	"{""2023"":1,""2024"":1}"	FXZZ202306010;FXZZ202407012	A1/A2	pending_human_review
db282d0db8622a1742cc	化进路	cross_paper_discovery	bounded_chinese_ngram_maximal_repeat	2	2	1	"{""1"":2,""2"":0,""3"":0}"	制度构建;权利救济;程序审查;证据证明	{'confidence': 0.1, 'domain': 'unrouted', 'evidence_source': 'keyword', 'evidence_span': '违法相对性', 'label_origin': 'machine_inferred', 'routing_only': True, 'source_level': 'B'};{'confidence': 0.68, 'domain': '程序法', 'evidence_source': 'keyword', 'evidence_span': '检察公益诉讼', 'label_origin': 'machine_inferred', 'routing_only': True, 'source_level': 'B'}		internal_fragment	1.166667	"{""2024"":1,""2026"":1}"	FXZZ202407005;FXZZ202607003	A1/A2	pending_human_review
9203768c9ae178d74c21	区分合	cross_paper_discovery	bounded_chinese_ngram_maximal_repeat	2	2	2;3	"{""1"":0,""2"":1,""3"":1}"		{'confidence': 0.1, 'domain': 'unrouted', 'evidence_source': 'keyword', 'evidence_span': '全国性专属立法事项', 'label_origin': 'machine_inferred', 'routing_only': True, 'source_level': 'B'};{'confidence': 0.68, 'domain': '程序法', 'evidence_source': 'keyword', 'evidence_span': '备案审查', 'label_origin': 'machine_inferred', 'routing_only': True, 'source_level': 'B'}		internal_fragment	1.333334	"{""2024"":2}"	FXZZ202407004;FXZZ202412013	A1/A2	pending_human_review
350f7ee652efaa739a8f	区分性	cross_paper_discovery	bounded_chinese_ngram_maximal_repeat	2	2	2;3	"{""1"":0,""2"":1,""3"":1}"		{'confidence': 0.1, 'domain': 'unrouted', 'evidence_source': 'keyword', 'evidence_span': '共同行为', 'label_origin': 'machine_inferred', 'routing_only': True, 'source_level': 'B'};{'confidence': 0.68, 'domain': '侵权责任', 'evidence_source': 'keyword', 'evidence_span': '司法责任制', 'label_origin': 'machine_inferred', 'routing_only': True, 'source_level': 'B'}		internal_fragment	1.333334	"{""2023"":1,""2024"":1}"	FXZZ202302011;FXZZ202403010	A1/A2	pending_human_review
04853a50583a4ece75f9	区分行	cross_paper_discovery	bounded_chinese_ngram_maximal_repeat	2	2	1;2	"{""1"":1,""2"":1,""3"":0}"	规范依据	{'confidence': 0.1, 'domain': 'unrouted', 'evidence_source': 'keyword', 'evidence_span': '利益平衡', 'label_origin': 'machine_inferred', 'routing_only': True, 'source_level': 'B'};{'confidence': 0.72, 'domain': '合同法', 'evidence_source': 'keyword', 'evidence_span': '合同解释', 'label_origin': 'machine_inferred', 'routing_only': True, 'source_level': 'B'}		internal_fragment	1.333334	"{""2023"":1,""2024"":1}"	FXZZ202304006;FXZZ202406002	A1/A2	pending_human_review
27db7ff4ce05e22e2934	华人民共和国	cross_paper_discovery	bounded_chinese_ngram_maximal_repeat	2	2	2;3	"{""1"":0,""2"":1,""3"":1}"		{'confidence': 0.1, 'domain': 'unrouted', 'evidence_source': 'keyword', 'evidence_span': '民事代理', 'label_origin': 'machine_inferred', 'routing_only': True, 'source_level': 'B'}		internal_fragment;low_wordhood_score	0.583333	"{""2023"":1,""2026"":1}"	FXZZ202307007;FXZZ202607005	A1/A2	pending_human_review
8c90096f884a397795bb	华优秀传统	cross_paper_discovery	bounded_chinese_ngram_maximal_repeat	4	4	1;2;3	"{""1"":2,""2"":3,""3"":1}"		{'confidence': 0.1, 'domain': 'unrouted', 'evidence_source': 'keyword', 'evidence_span': '数字正义', 'label_origin': 'machine_inferred', 'routing_only': True, 'source_level': 'B'}		internal_fragment	1.0	"{""2024"":4,""2025"":1,""2026"":1}"	FXZZ202401002;FXZZ202405002;FXZZ202501004;FXZZ202607001	A1/A2	pending_human_review
fd18400f84ef64dbe49e	华优秀传统文化	cross_paper_discovery	bounded_chinese_ngram_maximal_repeat	3	3	1;2;3	"{""1"":1,""2"":1,""3"":1}"		{'confidence': 0.1, 'domain': 'unrouted', 'evidence_source': 'keyword', 'evidence_span': '法律方法论', 'label_origin': 'machine_inferred', 'routing_only': True, 'source_level': 'B'}		internal_fragment;low_wordhood_score	0.642856	"{""2024"":1,""2025"":1,""2026"":1}"	FXZZ202405002;FXZZ202501004;FXZZ202607001	A1/A2	pending_human_review
f0952fc1770d3743c8be	单位犯罪	cross_paper_discovery	bounded_chinese_ngram_maximal_repeat	2	2	2	"{""1"":0,""2"":2,""3"":0}"		{'confidence': 0.1, 'domain': 'unrouted', 'evidence_source': 'keyword', 'evidence_span': '立法技术', 'label_origin': 'machine_inferred', 'routing_only': True, 'source_level': 'B'}		internal_fragment	1.0	"{""2023"":1,""2026"":1}"	FXZZ202301006;FXZZ202607005	A1/A2	pending_human_review
ebedbd0f84e55bc5b147	单位行	cross_paper_discovery	bounded_chinese_ngram_maximal_repeat	2	2	2;3	"{""1"":0,""2"":5,""3"":1}"	制度构建	{'confidence': 0.1, 'domain': 'unrouted', 'evidence_source': 'keyword', 'evidence_span': '罪量要素', 'label_origin': 'machine_inferred', 'routing_only': True, 'source_level': 'B'}		internal_fragment	0.944445	"{""2023"":6}"	FXZZ202304004;FXZZ202312006	A1/A2	pending_human_review
d42665b6ab2c1584f1f0	单制度	cross_paper_discovery	bounded_chinese_ngram_maximal_repeat	2	2	1;2	"{""1"":3,""2"":7,""3"":0}"	制度构建	{'confidence': 0.1, 'domain': 'unrouted', 'evidence_source': 'keyword', 'evidence_span': '幅度刑量刑', 'label_origin': 'machine_inferred', 'routing_only': True, 'source_level': 'B'}		internal_fragment	0.933334	"{""2024"":10}"	FXZZ202401006;FXZZ202406013	A1/A2	pending_human_review
8aa2c5df25e2924d6177	单罚制	cross_paper_discovery	bounded_chinese_ngram_maximal_repeat	2	2	3	"{""1"":0,""2"":0,""3"":2}"		{'confidence': 0.1, 'domain': 'unrouted', 'evidence_source': 'keyword', 'evidence_span': '关联型合规', 'label_origin': 'machine_inferred', 'routing_only': True, 'source_level': 'B'};{'confidence': 0.68, 'domain': '程序法', 'evidence_source': 'keyword', 'evidence_span': '备案审查', 'label_origin': 'machine_inferred', 'routing_only': True, 'source_level': 'B'}			1.333334	"{""2023"":1,""2024"":1}"	FXZZ202312006;FXZZ202407004	A1/A2	pending_human_review
00d29fe584ef6927691f	历史变	cross_paper_discovery	bounded_chinese_ngram_maximal_repeat	2	2	2	"{""1"":0,""2"":2,""3"":0}"	构成要件;比较法	{'confidence': 0.1, 'domain': 'unrouted', 'evidence_source': 'keyword', 'evidence_span': '追认', 'label_origin': 'machine_inferred', 'routing_only': True, 'source_level': 'B'};{'confidence': 0.68, 'domain': '侵权责任', 'evidence_source': 'keyword', 'evidence_span': '监护人责任', 'label_origin': 'machine_inferred', 'routing_only': True, 'source_level': 'B'}		internal_fragment	1.166667	"{""2023"":1,""2024"":1}"	FXZZ202310007;FXZZ202403004	A1/A2	pending_human_review
ebb21df8b3155d1819b8	历史坐标	cross_paper_discovery	bounded_chinese_ngram_maximal_repeat	2	2	2	"{""1"":0,""2"":2,""3"":0}"		{'confidence': 0.1, 'domain': 'unrouted', 'evidence_source': 'keyword', 'evidence_span': '社会自治', 'label_origin': 'machine_inferred', 'routing_only': True, 'source_level': 'B'}		internal_fragment	1.0	"{""2023"":2}"	FXZZ202311005;FXZZ202311007	A1/A2	pending_human_review
1db21073df017f00862d	历史逻辑	cross_paper_discovery	bounded_chinese_ngram_maximal_repeat	3	3	1;2	"{""1"":2,""2"":2,""3"":0}"		{'confidence': 0.1, 'domain': 'unrouted', 'evidence_source': 'keyword', 'evidence_span': '刑法处罚早期化', 'label_origin': 'machine_inferred', 'routing_only': True, 'source_level': 'B'}		generic_container;internal_fragment	1.21875	"{""2023"":1,""2024"":2,""2026"":1}"	FXZZ202308005;FXZZ202403012;FXZZ202607001	A1/A2	pending_human_review
7219f150df08b61719b0	原则上不应	cross_paper_discovery	bounded_chinese_ngram_maximal_repeat	2	2	1;2	"{""1"":1,""2"":1,""3"":0}"	构成要件;证据证明	{'confidence': 0.1, 'domain': 'unrouted', 'evidence_source': 'keyword', 'evidence_span': '法律适用法', 'label_origin': 'machine_inferred', 'routing_only': True, 'source_level': 'B'};{'confidence': 0.66, 'domain': '比较法', 'evidence_source': 'keyword', 'evidence_span': '域外适用', 'label_origin': 'machine_inferred', 'routing_only': True, 'source_level': 'B'};{'confidence': 0.72, 'domain': '合同法', 'evidence_source': 'keyword', 'evidence_span': '合同解除', 'label_origin': 'machine_inferred', 'routing_only': True, 'source_level': 'B'}		internal_fragment	0.8	"{""2024"":2}"	FXZZ202401011;FXZZ202404009	A1/A2	pending_human_review
6a51d6e01ea21d91faaa	原则作	cross_paper_discovery	bounded_chinese_ngram_maximal_repeat	3	3	1;2;3	"{""1"":1,""2"":2,""3"":1}"	比较法;程序审查	{'confidence': 0.1, 'domain': 'unrouted', 'evidence_source': 'keyword', 'evidence_span': '除名之诉', 'label_origin': 'machine_inferred', 'routing_only': True, 'source_level': 'B'};{'confidence': 0.66, 'domain': '比较法', 'evidence_source': 'keyword', 'evidence_span': '域外适用', 'label_origin': 'machine_inferred', 'routing_only': True, 'source_level': 'B'}		internal_fragment	1.5	"{""2023"":3,""2024"":1}"	FXZZ202303007;FXZZ202308013;FXZZ202401012	A1/A2	pending_human_review
b4634c48b91968d25a99	原则的例	cross_paper_discovery	bounded_chinese_ngram_maximal_repeat	2	2	1;3	"{""1"":2,""2"":0,""3"":1}"	程序审查	{'confidence': 0.1, 'domain': 'unrouted', 'evidence_source': 'keyword', 'evidence_span': '劳动法', 'label_origin': 'machine_inferred', 'routing_only': True, 'source_level': 'B'}		internal_fragment;low_wordhood_score	0.75	"{""2023"":3}"	FXZZ202303011;FXZZ202308013	A1/A2	pending_human_review
1c2f22b870a69593b653	原则的关系	cross_paper_discovery	bounded_chinese_ngram_maximal_repeat	2	2	1	"{""1"":2,""2"":0,""3"":0}"		{'confidence': 0.1, 'domain': 'unrouted', 'evidence_source': 'keyword', 'evidence_span': '实质等同原则', 'label_origin': 'machine_inferred', 'routing_only': True, 'source_level': 'B'}		internal_fragment;low_wordhood_score	0.7	"{""2023"":1,""2024"":1}"	FXZZ202305009;FXZZ202406003	A1/A2	pending_human_review
78bf2f1aa03f052a1dbe	参照适用	cross_paper_discovery	bounded_chinese_ngram_maximal_repeat	2	2	2	"{""1"":0,""2"":2,""3"":0}"	规范依据	{'confidence': 0.1, 'domain': 'unrouted', 'evidence_source': 'keyword', 'evidence_span': '最底限度标准', 'label_origin': 'machine_inferred', 'routing_only': True, 'source_level': 'B'}		lexical_support	1.0	"{""2023"":1,""2024"":1}"	FXZZ202310009;FXZZ202403008	A1/A2	pending_human_review
42df23b8e0678537e46d	双罚制	cross_paper_discovery	bounded_chinese_ngram_maximal_repeat	3	3	1;2;3	"{""1"":4,""2"":6,""3"":2}"	制度构建;规范依据	{'confidence': 0.1, 'domain': 'unrouted', 'evidence_source': 'keyword', 'evidence_span': '罪量要素', 'label_origin': 'machine_inferred', 'routing_only': True, 'source_level': 'B'};{'confidence': 0.68, 'domain': '程序法', 'evidence_source': 'keyword', 'evidence_span': '备案审查', 'label_origin': 'machine_inferred', 'routing_only': True, 'source_level': 'B'}			1.458333	"{""2023"":11,""2024"":1}"	FXZZ202304004;FXZZ202312006;FXZZ202407004	A1/A2	pending_human_review
2ee3f12836d9356a3589	双重法律	cross_paper_discovery	bounded_chinese_ngram_maximal_repeat	2	2	1;2	"{""1"":1,""2"":1,""3"":0}"		{'confidence': 0.1, 'domain': 'unrouted', 'evidence_source': 'keyword', 'evidence_span': '劳动法', 'label_origin': 'machine_inferred', 'routing_only': True, 'source_level': 'B'}		internal_fragment	1.0	"{""2023"":2}"	FXZZ202303011;FXZZ202310005	A1/A2	pending_human_review
2ed1248603cbb1ac5b80	反不正当竞争	cross_paper_discovery	bounded_chinese_ngram_maximal_repeat	2	2	1;3	"{""1"":5,""2"":0,""3"":1}"		{'confidence': 0.1, 'domain': 'unrouted', 'evidence_source': 'keyword', 'evidence_span': '适度干预', 'label_origin': 'machine_inferred', 'routing_only': True, 'source_level': 'B'};{'confidence': 0.68, 'domain': '程序法', 'evidence_source': 'keyword', 'evidence_span': '程序正当原则', 'label_origin': 'machine_inferred', 'routing_only': True, 'source_level': 'B'}		internal_fragment;low_wordhood_score	0.444444	"{""2023"":5,""2024"":1}"	FXZZ202301012;FXZZ202405012	A1/A2	pending_human_review
312a32c7e5571c56e7ff	发展方	cross_paper_discovery	bounded_chinese_ngram_maximal_repeat	2	2	1	"{""1"":2,""2"":0,""3"":0}"		{'confidence': 0.1, 'domain': 'unrouted', 'evidence_source': 'keyword', 'evidence_span': '罪名体系', 'label_origin': 'machine_inferred', 'routing_only': True, 'source_level': 'B'}		internal_fragment	1.166667	"{""2023"":2}"	FXZZ202302006;FXZZ202311002	A1/A2	pending_human_review
910737e14a9eee0389d5	发展权	cross_paper_discovery	bounded_chinese_ngram_maximal_repeat	3	3	1;2;3	"{""1"":3,""2"":5,""3"":4}"		{'confidence': 0.1, 'domain': 'unrouted', 'evidence_source': 'keyword', 'evidence_span': '信用规制', 'label_origin': 'machine_inferred', 'routing_only': True, 'source_level': 'B'}		internal_fragment	1.5	"{""2023"":2,""2024"":10}"	FXZZ202305013;FXZZ202401005;FXZZ202412002	A1/A2	pending_human_review
6004f20e5663c9299630	发生时	cross_paper_discovery	bounded_chinese_ngram_maximal_repeat	2	2	1;2	"{""1"":2,""2"":1,""3"":0}"		{'confidence': 0.1, 'domain': 'unrouted', 'evidence_source': 'keyword', 'evidence_span': '实质等同原则', 'label_origin': 'machine_inferred', 'routing_only': True, 'source_level': 'B'}		internal_fragment	1.111112	"{""2023"":1,""2024"":2}"	FXZZ202305009;FXZZ202406009	A1/A2	pending_human_review
c2e18ad0f996c318e005	取向的法	cross_paper_discovery	bounded_chinese_ngram_maximal_repeat	2	2	1;2	"{""1"":1,""2"":1,""3"":0}"	制度构建	{'confidence': 0.1, 'domain': 'unrouted', 'evidence_source': 'keyword', 'evidence_span': '科技宪法', 'label_origin': 'machine_inferred', 'routing_only': True, 'source_level': 'B'}		internal_fragment	1.0	"{""2023"":1,""2024"":1}"	FXZZ202302004;FXZZ202405013	A1/A2	pending_human_review
d419262edeb66605b851	取程序	cross_paper_discovery	bounded_chinese_ngram_maximal_repeat	2	2	3	"{""1"":0,""2"":0,""3"":2}"	权利救济;程序审查;证据证明	{'confidence': 0.1, 'domain': 'unrouted', 'evidence_source': 'keyword', 'evidence_span': '不足禁止', 'label_origin': 'machine_inferred', 'routing_only': True, 'source_level': 'B'};{'confidence': 0.68, 'domain': '程序法', 'evidence_source': 'keyword', 'evidence_span': '检察公益诉讼', 'label_origin': 'machine_inferred', 'routing_only': True, 'source_level': 'B'}		internal_fragment	1.333334	"{""2024"":1,""2026"":1}"	FXZZ202412005;FXZZ202607003	A1/A2	pending_human_review
47c27749a583c03eec30	取证措施	cross_paper_discovery	bounded_chinese_ngram_maximal_repeat	2	2	3	"{""1"":0,""2"":0,""3"":2}"		{'confidence': 0.1, 'domain': 'unrouted', 'evidence_source': 'keyword', 'evidence_span': '分层治理', 'label_origin': 'machine_inferred', 'routing_only': True, 'source_level': 'B'};{'confidence': 0.68, 'domain': '程序法', 'evidence_source': 'keyword', 'evidence_span': '检察公益诉讼', 'label_origin': 'machine_inferred', 'routing_only': True, 'source_level': 'B'}		internal_fragment	1.0	"{""2024"":1,""2026"":1}"	FXZZ202412004;FXZZ202607003	A1/A2	pending_human_review
021d48179cefa82b9eb2	受益人	cross_paper_discovery	bounded_chinese_ngram_maximal_repeat	2	2	2;3	"{""1"":0,""2"":2,""3"":2}"		{'confidence': 0.1, 'domain': 'unrouted', 'evidence_source': 'keyword', 'evidence_span': '股权利益', 'label_origin': 'machine_inferred', 'routing_only': True, 'source_level': 'B'}		internal_fragment	1.166667	"{""2023"":4}"	FXZZ202302007;FXZZ202303008	A1/A2	pending_human_review
60eb10b19faaf64738aa	另辟蹊径	cross_paper_discovery	bounded_chinese_ngram_maximal_repeat	2	2	2;3	"{""1"":0,""2"":1,""3"":1}"	程序审查	{'confidence': 0.1, 'domain': 'unrouted', 'evidence_source': 'keyword', 'evidence_span': '证据调查', 'label_origin': 'machine_inferred', 'routing_only': True, 'source_level': 'B'};{'confidence': 0.68, 'domain': '程序法', 'evidence_source': 'keyword', 'evidence_span': '诉讼要件', 'label_origin': 'machine_inferred', 'routing_only': True, 'source_level': 'B'}			0.875	"{""2023"":1,""2024"":1}"	FXZZ202308013;FXZZ202401010	A1/A2	pending_human_review
c05b565f5d61167da768	可持续	cross_paper_discovery	bounded_chinese_ngram_maximal_repeat	2	2	1;2;3	"{""1"":5,""2"":3,""3"":1}"		{'confidence': 0.1, 'domain': 'unrouted', 'evidence_source': 'keyword', 'evidence_span': '法律方法论', 'label_origin': 'machine_inferred', 'routing_only': True, 'source_level': 'B'};{'confidence': 0.66, 'domain': '比较法', 'evidence_source': 'keyword', 'evidence_span': '国际投资协定', 'label_origin': 'machine_inferred', 'routing_only': True, 'source_level': 'B'}		internal_fragment	0.851852	"{""2024"":9}"	FXZZ202405002;FXZZ202407012	A1/A2	pending_human_review
a78b631f91ba3d3afcea	可撤销	cross_paper_discovery	bounded_chinese_ngram_maximal_repeat	2	2	2;3	"{""1"":0,""2"":2,""3"":2}"		{'confidence': 0.1, 'domain': 'unrouted', 'evidence_source': 'keyword', 'evidence_span': '司法酌减', 'label_origin': 'machine_inferred', 'routing_only': True, 'source_level': 'B'};{'confidence': 0.72, 'domain': '合同法', 'evidence_source': 'keyword', 'evidence_span': '违约金', 'label_origin': 'machine_inferred', 'routing_only': True, 'source_level': 'B'}			1.166667	"{""2023"":1,""2026"":3}"	FXZZ202309008;FXZZ202607007	A1/A2	pending_human_review
8209c64e344d9f2c0b4e	可能性	cross_paper_discovery	bounded_chinese_ngram_maximal_repeat	8	8	1;2;3	"{""1"":4,""2"":5,""3"":4}"	制度构建;规范依据	{'confidence': 0.1, 'domain': 'unrouted', 'evidence_source': 'keyword', 'evidence_span': '交互型研究范式', 'label_origin': 'machine_inferred', 'routing_only': True, 'source_level': 'B'};{'confidence': 0.66, 'domain': '规范理论', 'evidence_source': 'keyword', 'evidence_span': '规范保护目的', 'label_origin': 'machine_inferred', 'routing_only': True, 'source_level': 'B'}		internal_fragment	3.428572	"{""2023"":12,""2026"":1}"	FXZZ202302001;FXZZ202303008;FXZZ202305005;FXZZ202305006;FXZZ202306003;FXZZ202306004;FXZZ202311012;FXZZ202607002	A1/A2	pending_human_review
f6b09d49bcd69ae73bdf	可行性	cross_paper_discovery	bounded_chinese_ngram_maximal_repeat	4	4	1;2	"{""1"":3,""2"":2,""3"":0}"		{'confidence': 0.1, 'domain': 'unrouted', 'evidence_source': 'keyword', 'evidence_span': '一体化处罚观', 'label_origin': 'machine_inferred', 'routing_only': True, 'source_level': 'B'};{'confidence': 0.68, 'domain': '程序法', 'evidence_source': 'keyword', 'evidence_span': '逮捕程序正当化', 'label_origin': 'machine_inferred', 'routing_only': True, 'source_level': 'B'}		internal_fragment	1.866666	"{""2023"":3,""2024"":2}"	FXZZ202302010;FXZZ202306008;FXZZ202405008;FXZZ202407013	A1/A2	pending_human_review
205f099648137b6c42db	可采性	cross_paper_discovery	bounded_chinese_ngram_maximal_repeat	2	2	2;3	"{""1"":0,""2"":1,""3"":1}"	程序审查;证据证明	{'confidence': 0.1, 'domain': 'unrouted', 'evidence_source': 'keyword', 'evidence_span': '惩罚机制', 'label_origin': 'machine_inferred', 'routing_only': True, 'source_level': 'B'};{'confidence': 0.68, 'domain': '程序法', 'evidence_source': 'keyword', 'evidence_span': '司法审查', 'label_origin': 'machine_inferred', 'routing_only': True, 'source_level': 'B'}		internal_fragment	1.333334	"{""2023"":2}"	FXZZ202309011;FXZZ202310010	A1/A2	pending_human_review
fa21035b15a27f57736e	司法主	cross_paper_discovery	bounded_chinese_ngram_maximal_repeat	3	3	2;3	"{""1"":0,""2"":2,""3"":1}"	制度构建	{'confidence': 0.1, 'domain': 'unrouted', 'evidence_source': 'keyword', 'evidence_span': '双边冲突规则', 'label_origin': 'machine_inferred', 'routing_only': True, 'source_level': 'B'};{'confidence': 0.68, 'domain': '程序法', 'evidence_source': 'keyword', 'evidence_span': '程序问题', 'label_origin': 'machine_inferred', 'routing_only': True, 'source_level': 'B'}		internal_fragment	1.833333	"{""2023"":2,""2024"":1}"	FXZZ202308012;FXZZ202310010;FXZZ202405011	A1/A2	pending_human_review
10269790dc41d556c31a	司法主体	cross_paper_discovery	bounded_chinese_ngram_maximal_repeat	2	2	2	"{""1"":0,""2"":2,""3"":0}"	制度构建	{'confidence': 0.1, 'domain': 'unrouted', 'evidence_source': 'keyword', 'evidence_span': '双边冲突规则', 'label_origin': 'machine_inferred', 'routing_only': True, 'source_level': 'B'};{'confidence': 0.68, 'domain': '程序法', 'evidence_source': 'keyword', 'evidence_span': '程序问题', 'label_origin': 'machine_inferred', 'routing_only': True, 'source_level': 'B'}		internal_fragment	1.0	"{""2023"":1,""2024"":1}"	FXZZ202308012;FXZZ202405011	A1/A2	pending_human_review
6abd10d2d3f87122aa90	司法作为一	cross_paper_discovery	bounded_chinese_ngram_maximal_repeat	2	2	1;2	"{""1"":1,""2"":1,""3"":0}"	研究结论	{'confidence': 0.1, 'domain': 'unrouted', 'evidence_source': 'keyword', 'evidence_span': '法人作品', 'label_origin': 'machine_inferred', 'routing_only': True, 'source_level': 'B'};{'confidence': 0.68, 'domain': '程序法', 'evidence_source': 'keyword', 'evidence_span': '程序问题', 'label_origin': 'machine_inferred', 'routing_only': True, 'source_level': 'B'}		internal_fragment	0.8	"{""2023"":2}"	FXZZ202305007;FXZZ202308012	A1/A2	pending_human_review
a05e5acc4faecb26d86c	司法合作	cross_paper_discovery	bounded_chinese_ngram_maximal_repeat	2	2	2;3	"{""1"":0,""2"":1,""3"":1}"		{'confidence': 0.1, 'domain': 'unrouted', 'evidence_source': 'keyword', 'evidence_span': '疏明', 'label_origin': 'machine_inferred', 'routing_only': True, 'source_level': 'B'};{'confidence': 0.68, 'domain': '程序法', 'evidence_source': 'keyword', 'evidence_span': '司法审查', 'label_origin': 'machine_inferred', 'routing_only': True, 'source_level': 'B'}		internal_fragment	1.0	"{""2023"":1,""2026"":1}"	FXZZ202310010;FXZZ202607005	A1/A2	pending_human_review
5637ae79ff3cfa36a3be	司法实	cross_paper_discovery	bounded_chinese_ngram_maximal_repeat	9	9	1;2;3	"{""1"":2,""2"":6,""3"":1}"	证据证明	{'confidence': 0.1, 'domain': 'unrouted', 'evidence_source': 'keyword', 'evidence_span': '通信秘密', 'label_origin': 'machine_inferred', 'routing_only': True, 'source_level': 'B'};{'confidence': 0.66, 'domain': '比较法', 'evidence_source': 'keyword', 'evidence_span': '域外适用', 'label_origin': 'machine_inferred', 'routing_only': True, 'source_level': 'B'}		internal_fragment	4.333333	"{""2023"":7,""2024"":2}"	FXZZ202302009;FXZZ202304008;FXZZ202305005;FXZZ202307004;FXZZ202307011;FXZZ202308005;FXZZ202309009;FXZZ202401011;FXZZ202405007	A1/A2	pending_human_review
4844e754bb10a0496027	司法实践	cross_paper_discovery	bounded_chinese_ngram_maximal_repeat	8	8	1;2	"{""1"":2,""2"":6,""3"":0}"	证据证明	{'confidence': 0.1, 'domain': 'unrouted', 'evidence_source': 'keyword', 'evidence_span': '因果关系', 'label_origin': 'machine_inferred', 'routing_only': True, 'source_level': 'B'};{'confidence': 0.66, 'domain': '比较法', 'evidence_source': 'keyword', 'evidence_span': '域外适用', 'label_origin': 'machine_inferred', 'routing_only': True, 'source_level': 'B'}		internal_fragment	3.0	"{""2023"":6,""2024"":2}"	FXZZ202304008;FXZZ202305005;FXZZ202307004;FXZZ202307011;FXZZ202308005;FXZZ202309009;FXZZ202401011;FXZZ202405007	A1/A2	pending_human_review
bfe26d5349189d2747a1	司法审查	cross_paper_discovery	bounded_chinese_ngram_maximal_repeat	4	4	1;2;3	"{""1"":2,""2"":4,""3"":2}"	权利救济;程序审查;规范依据	{'confidence': 0.1, 'domain': 'unrouted', 'evidence_source': 'keyword', 'evidence_span': '除名之诉', 'label_origin': 'machine_inferred', 'routing_only': True, 'source_level': 'B'}		internal_fragment	1.4375	"{""2023"":8}"	FXZZ202303007;FXZZ202309005;FXZZ202309009;FXZZ202310011	A1/A2	pending_human_review
eed9e5ded29303b91c8b	司法救济	cross_paper_discovery	bounded_chinese_ngram_maximal_repeat	4	4	1;2;3	"{""1"":3,""2"":4,""3"":1}"	权利救济;程序审查	{'confidence': 0.1, 'domain': 'unrouted', 'evidence_source': 'keyword', 'evidence_span': '默会正义', 'label_origin': 'machine_inferred', 'routing_only': True, 'source_level': 'B'};{'confidence': 0.68, 'domain': '程序法', 'evidence_source': 'keyword', 'evidence_span': '程序正当原则', 'label_origin': 'machine_inferred', 'routing_only': True, 'source_level': 'B'}		internal_fragment;lexical_support	1.9375	"{""2023"":6,""2024"":2}"	FXZZ202303002;FXZZ202305002;FXZZ202309003;FXZZ202412013	A1/A2	pending_human_review
286d8e984a4378a87596	司法机	cross_paper_discovery	bounded_chinese_ngram_maximal_repeat	4	4	1;2;3	"{""1"":1,""2"":1,""3"":2}"		{'confidence': 0.1, 'domain': 'unrouted', 'evidence_source': 'keyword', 'evidence_span': '立法法', 'label_origin': 'machine_inferred', 'routing_only': True, 'source_level': 'B'}		internal_fragment	2.333333	"{""2023"":1,""2024"":3}"	FXZZ202307004;FXZZ202406006;FXZZ202407007;FXZZ202412005	A1/A2	pending_human_review
ed84cf32d1f2b106db4c	司法机关	cross_paper_discovery	bounded_chinese_ngram_maximal_repeat	3	3	1;3	"{""1"":1,""2"":0,""3"":2}"		{'confidence': 0.1, 'domain': 'unrouted', 'evidence_source': 'keyword', 'evidence_span': '立法法', 'label_origin': 'machine_inferred', 'routing_only': True, 'source_level': 'B'}		internal_fragment	1.5	"{""2023"":1,""2024"":2}"	FXZZ202307004;FXZZ202407007;FXZZ202412005	A1/A2	pending_human_review
f1bae6c7423c50b21d26	司法权	cross_paper_discovery	bounded_chinese_ngram_maximal_repeat	3	3	2;3	"{""1"":0,""2"":2,""3"":1}"	权利救济;比较法	{'confidence': 0.1, 'domain': 'unrouted', 'evidence_source': 'keyword', 'evidence_span': '犯罪情节', 'label_origin': 'machine_inferred', 'routing_only': True, 'source_level': 'B'};{'confidence': 0.68, 'domain': '程序法', 'evidence_source': 'keyword', 'evidence_span': '核准程序', 'label_origin': 'machine_inferred', 'routing_only': True, 'source_level': 'B'}		internal_fragment	1.833333	"{""2023"":2,""2026"":1}"	FXZZ202307005;FXZZ202311004;FXZZ202607005	A1/A2	pending_human_review
c447c009b7f33e83e358	司法模式	cross_paper_discovery	bounded_chinese_ngram_maximal_repeat	3	3	1;2	"{""1"":2,""2"":1,""3"":0}"		{'confidence': 0.1, 'domain': 'unrouted', 'evidence_source': 'keyword', 'evidence_span': '最底限度标准', 'label_origin': 'machine_inferred', 'routing_only': True, 'source_level': 'B'}		generic_container;internal_fragment	1.375	"{""2023"":2,""2025"":1}"	FXZZ202310009;FXZZ202312002;FXZZ202501001	A1/A2	pending_human_review
4ef1bfbed1913cc675dd	司法正义	cross_paper_discovery	bounded_chinese_ngram_maximal_repeat	2	2	1;2	"{""1"":1,""2"":2,""3"":0}"		{'confidence': 0.1, 'domain': 'unrouted', 'evidence_source': 'keyword', 'evidence_span': '默会正义', 'label_origin': 'machine_inferred', 'routing_only': True, 'source_level': 'B'};{'confidence': 0.68, 'domain': '程序法', 'evidence_source': 'keyword', 'evidence_span': '程序问题', 'label_origin': 'machine_inferred', 'routing_only': True, 'source_level': 'B'}		internal_fragment	1.0	"{""2023"":3}"	FXZZ202303002;FXZZ202308012	A1/A2	pending_human_review
c5b15910deb8a6feeb17	司法理念	cross_paper_discovery	bounded_chinese_ngram_maximal_repeat	3	3	2;3	"{""1"":0,""2"":1,""3"":2}"	程序审查	{'confidence': 0.1, 'domain': 'unrouted', 'evidence_source': 'keyword', 'evidence_span': '刑法保障', 'label_origin': 'machine_inferred', 'routing_only': True, 'source_level': 'B'}		internal_fragment	1.5	"{""2023"":2,""2024"":1}"	FXZZ202301007;FXZZ202308013;FXZZ202406006	A1/A2	pending_human_review
8f4ea3171c5a338b2b27	司法解	cross_paper_discovery	bounded_chinese_ngram_maximal_repeat	8	8	1;2;3	"{""1"":5,""2"":12,""3"":2}"	构成要件;程序审查;规范依据	{'confidence': 0.1, 'domain': 'unrouted', 'evidence_source': 'keyword', 'evidence_span': '外在体系', 'label_origin': 'machine_inferred', 'routing_only': True, 'source_level': 'B'}		internal_fragment	3.238096	"{""2023"":3,""2024"":15,""2025"":1}"	FXZZ202304010;FXZZ202309006;FXZZ202312006;FXZZ202404002;FXZZ202405007;FXZZ202406006;FXZZ202407007;FXZZ202501001	A1/A2	pending_human_review
5f0a3438141548b019db	司法解释	legal_pattern	config_legal_pattern	2	2	1;2	"{""1"":4,""2"":8,""3"":0}"	程序审查;规范依据	{'confidence': 0.1, 'domain': 'unrouted', 'evidence_source': 'keyword', 'evidence_span': '外在体系', 'label_origin': 'machine_inferred', 'routing_only': True, 'source_level': 'B'}				"{""2023"":1,""2024"":11}"	FXZZ202304010;FXZZ202404002	A1/A2	pending_human_review
9959bc49a9e6fd198f88	司法解释	cross_paper_discovery	bounded_chinese_ngram_maximal_repeat	7	7	1;2;3	"{""1"":4,""2"":12,""3"":2}"	构成要件;程序审查;规范依据	{'confidence': 0.1, 'domain': 'unrouted', 'evidence_source': 'keyword', 'evidence_span': '外在体系', 'label_origin': 'machine_inferred', 'routing_only': True, 'source_level': 'B'}		internal_fragment;lexical_support	2.31875	"{""2023"":3,""2024"":15}"	FXZZ202304010;FXZZ202309006;FXZZ202312006;FXZZ202404002;FXZZ202405007;FXZZ202406006;FXZZ202407007	A1/A2	pending_human_review
a55fecd0193b7de06dc1	司法认定	cross_paper_discovery	bounded_chinese_ngram_maximal_repeat	3	3	1;2	"{""1"":1,""2"":2,""3"":0}"		{'confidence': 0.1, 'domain': 'unrouted', 'evidence_source': 'keyword', 'evidence_span': '利益平衡', 'label_origin': 'machine_inferred', 'routing_only': True, 'source_level': 'B'};{'confidence': 0.72, 'domain': '合同法', 'evidence_source': 'keyword', 'evidence_span': '合同解释', 'label_origin': 'machine_inferred', 'routing_only': True, 'source_level': 'B'}		internal_fragment	1.375	"{""2023"":3}"	FXZZ202304006;FXZZ202308007;FXZZ202309006	A1/A2	pending_human_review
6a590736732ad8ad26dd	司法资	cross_paper_discovery	bounded_chinese_ngram_maximal_repeat	2	2	2	"{""1"":0,""2"":3,""3"":0}"	制度构建	{'confidence': 0.1, 'domain': 'unrouted', 'evidence_source': 'keyword', 'evidence_span': '双边冲突规则', 'label_origin': 'machine_inferred', 'routing_only': True, 'source_level': 'B'};{'confidence': 0.68, 'domain': '程序法', 'evidence_source': 'keyword', 'evidence_span': '程序问题', 'label_origin': 'machine_inferred', 'routing_only': True, 'source_level': 'B'}		internal_fragment	1.222223	"{""2023"":3}"	FXZZ202308012;FXZZ202311011	A1/A2	pending_human_review
4adaceb5c5eae8bbf2ab	司法适用	cross_paper_discovery	bounded_chinese_ngram_maximal_repeat	5	5	1;2	"{""1"":5,""2"":1,""3"":0}"	制度构建;规范依据	{'confidence': 0.1, 'domain': 'unrouted', 'evidence_source': 'keyword', 'evidence_span': '从宽处罚', 'label_origin': 'machine_inferred', 'routing_only': True, 'source_level': 'B'};{'confidence': 0.68, 'domain': '程序法', 'evidence_source': 'keyword', 'evidence_span': '审查认证规则', 'label_origin': 'machine_inferred', 'routing_only': True, 'source_level': 'B'}		internal_fragment	2.1875	"{""2023"":5,""2024"":1}"	FXZZ202305006;FXZZ202306007;FXZZ202308007;FXZZ202309010;FXZZ202401008	A1/A2	pending_human_review
d0d41e79e60b33252455	合同	legal_term	config_legal_term_longest_match	18	18	1;2;3	"{""1"":18,""2"":41,""3"":7}"	制度构建;比较法;规范依据	{'confidence': 0.1, 'domain': 'unrouted', 'evidence_source': 'keyword', 'evidence_span': '通信秘密', 'label_origin': 'machine_inferred', 'routing_only': True, 'source_level': 'B'};{'confidence': 0.66, 'domain': '比较法', 'evidence_source': 'keyword', 'evidence_span': '域外适用', 'label_origin': 'machine_inferred', 'routing_only': True, 'source_level': 'B'};{'confidence': 0.68, 'domain': '侵权责任', 'evidence_source': 'keyword', 'evidence_span': '定金责任', 'label_origin': 'machine_inferred', 'routing_only': True, 'source_level': 'B'};{'confidence': 0.72, 'domain': '合同法', 'evidence_source': 'keyword', 'evidence_span': '违约定金', 'label_origin': 'machine_inferred', 'routing_only': True, 'source_level': 'B'}				"{""2023"":47,""2024"":17,""2026"":2}"	FXZZ202302009;FXZZ202303006;FXZZ202303011;FXZZ202305009;FXZZ202306005;FXZZ202306006;FXZZ202307013;FXZZ202310009;FXZZ202311010;FXZZ202312007;FXZZ202401012;FXZZ202404009;FXZZ202404010;FXZZ202404012;FXZZ202405009;FXZZ202407006;FXZZ202607006;FXZZ202607007	A1/A2	pending_human_review
0a18bc2c98568e19eae7	合同关系	cross_paper_discovery	bounded_chinese_ngram_maximal_repeat	2	2	2;3	"{""1"":0,""2"":1,""3"":1}"		{'confidence': 0.1, 'domain': 'unrouted', 'evidence_source': 'keyword', 'evidence_span': '通信秘密', 'label_origin': 'machine_inferred', 'routing_only': True, 'source_level': 'B'};{'confidence': 0.72, 'domain': '合同法', 'evidence_source': 'keyword', 'evidence_span': '解除权', 'label_origin': 'machine_inferred', 'routing_only': True, 'source_level': 'B'}		internal_fragment	1.0	"{""2023"":2}"	FXZZ202302009;FXZZ202312007	A1/A2	pending_human_review
6afe6540d1bf10f39305	合同履行	cross_paper_discovery	bounded_chinese_ngram_maximal_repeat	2	2	1	"{""1"":2,""2"":0,""3"":0}"		{'confidence': 0.1, 'domain': 'unrouted', 'evidence_source': 'keyword', 'evidence_span': '事实问题清单', 'label_origin': 'machine_inferred', 'routing_only': True, 'source_level': 'B'};{'confidence': 0.72, 'domain': '合同法', 'evidence_source': 'keyword', 'evidence_span': '解除权', 'label_origin': 'machine_inferred', 'routing_only': True, 'source_level': 'B'}		internal_fragment	1.0	"{""2023"":2}"	FXZZ202311010;FXZZ202312007	A1/A2	pending_human_review
034f8d3ed2a1ee095e83	合同法	cross_paper_discovery	bounded_chinese_ngram_maximal_repeat	4	4	1;2;3	"{""1"":2,""2"":8,""3"":1}"	比较法;规范依据	{'confidence': 0.1, 'domain': 'unrouted', 'evidence_source': 'keyword', 'evidence_span': '通信秘密', 'label_origin': 'machine_inferred', 'routing_only': True, 'source_level': 'B'};{'confidence': 0.66, 'domain': '比较法', 'evidence_source': 'keyword', 'evidence_span': '域外适用', 'label_origin': 'machine_inferred', 'routing_only': True, 'source_level': 'B'};{'confidence': 0.72, 'domain': '合同法', 'evidence_source': 'keyword', 'evidence_span': '合同自由', 'label_origin': 'machine_inferred', 'routing_only': True, 'source_level': 'B'}		internal_fragment	2.181818	"{""2023"":9,""2024"":2}"	FXZZ202302009;FXZZ202306006;FXZZ202310009;FXZZ202401012	A1/A2	pending_human_review
0b3b49c889e0b09d7903	合同解	cross_paper_discovery	bounded_chinese_ngram_maximal_repeat	5	5	1;2;3	"{""1"":2,""2"":2,""3"":2}"		{'confidence': 0.1, 'domain': 'unrouted', 'evidence_source': 'keyword', 'evidence_span': '实质等同原则', 'label_origin': 'machine_inferred', 'routing_only': True, 'source_level': 'B'};{'confidence': 0.72, 'domain': '合同法', 'evidence_source': 'keyword', 'evidence_span': '解除权', 'label_origin': 'machine_inferred', 'routing_only': True, 'source_level': 'B'}		internal_fragment	2.638889	"{""2023"":3,""2024"":2,""2026"":1}"	FXZZ202305009;FXZZ202312007;FXZZ202404010;FXZZ202404012;FXZZ202607007	A1/A2	pending_human_review
85553c0a6979818f6ab6	合同解除	cross_paper_discovery	bounded_chinese_ngram_maximal_repeat	4	4	1;2;3	"{""1"":2,""2"":2,""3"":1}"		{'confidence': 0.1, 'domain': 'unrouted', 'evidence_source': 'keyword', 'evidence_span': '实质等同原则', 'label_origin': 'machine_inferred', 'routing_only': True, 'source_level': 'B'};{'confidence': 0.72, 'domain': '合同法', 'evidence_source': 'keyword', 'evidence_span': '解除权', 'label_origin': 'machine_inferred', 'routing_only': True, 'source_level': 'B'}		internal_fragment	1.7	"{""2023"":3,""2024"":1,""2026"":1}"	FXZZ202305009;FXZZ202312007;FXZZ202404010;FXZZ202607007	A1/A2	pending_human_review
218ac26da95829c63a7e	合同解除权	cross_paper_discovery	bounded_chinese_ngram_maximal_repeat	2	2	1	"{""1"":2,""2"":0,""3"":0}"		{'confidence': 0.1, 'domain': 'unrouted', 'evidence_source': 'keyword', 'evidence_span': '撤回权', 'label_origin': 'machine_inferred', 'routing_only': True, 'source_level': 'B'};{'confidence': 0.72, 'domain': '合同法', 'evidence_source': 'keyword', 'evidence_span': '解除权', 'label_origin': 'machine_inferred', 'routing_only': True, 'source_level': 'B'}		internal_fragment;low_wordhood_score	0.7	"{""2023"":1,""2024"":1}"	FXZZ202312007;FXZZ202404010	A1/A2	pending_human_review
ea3f9261cc2b2710392f	合地方	cross_paper_discovery	bounded_chinese_ngram_maximal_repeat	2	2	2	"{""1"":0,""2"":2,""3"":0}"		{'confidence': 0.1, 'domain': 'unrouted', 'evidence_source': 'keyword', 'evidence_span': '刑法处罚早期化', 'label_origin': 'machine_inferred', 'routing_only': True, 'source_level': 'B'}		internal_fragment	1.333334	"{""2023"":1,""2024"":1}"	FXZZ202308005;FXZZ202405002	A1/A2	pending_human_review
e5102f801f90bae5edc4	合宪性	cross_paper_discovery	bounded_chinese_ngram_maximal_repeat	3	3	1;2	"{""1"":2,""2"":2,""3"":0}"	程序审查	{'confidence': 0.1, 'domain': 'unrouted', 'evidence_source': 'keyword', 'evidence_span': '依宪执政', 'label_origin': 'machine_inferred', 'routing_only': True, 'source_level': 'B'};{'confidence': 0.68, 'domain': '程序法', 'evidence_source': 'keyword', 'evidence_span': '核准程序', 'label_origin': 'machine_inferred', 'routing_only': True, 'source_level': 'B'}		internal_fragment	1.75	"{""2023"":4}"	FXZZ202303001;FXZZ202307005;FXZZ202308004	A1/A2	pending_human_review
0547875e98e226bd1259	合法性	cross_paper_discovery	bounded_chinese_ngram_maximal_repeat	13	13	1;2;3	"{""1"":6,""2"":18,""3"":4}"	程序审查;规范依据;证据证明	{'confidence': 0.1, 'domain': 'unrouted', 'evidence_source': 'keyword', 'evidence_span': '合目的性改革', 'label_origin': 'machine_inferred', 'routing_only': True, 'source_level': 'B'};{'confidence': 0.68, 'domain': '程序法', 'evidence_source': 'keyword', 'evidence_span': '程序正当原则', 'label_origin': 'machine_inferred', 'routing_only': True, 'source_level': 'B'};{'confidence': 0.72, 'domain': '合同法', 'evidence_source': 'keyword', 'evidence_span': '合同自由', 'label_origin': 'machine_inferred', 'routing_only': True, 'source_level': 'B'}		internal_fragment	6.113095	"{""2023"":11,""2024"":17}"	FXZZ202301004;FXZZ202306006;FXZZ202307010;FXZZ202308005;FXZZ202309003;FXZZ202310010;FXZZ202311013;FXZZ202312008;FXZZ202406004;FXZZ202407005;FXZZ202407006;FXZZ202412005;FXZZ202412008	A1/A2	pending_human_review
6d7ad8a8a2f745de4b55	合法性判断	cross_paper_discovery	bounded_chinese_ngram_maximal_repeat	2	2	1;2;3	"{""1"":4,""2"":8,""3"":2}"	程序审查	{'confidence': 0.1, 'domain': 'unrouted', 'evidence_source': 'keyword', 'evidence_span': '合目的性改革', 'label_origin': 'machine_inferred', 'routing_only': True, 'source_level': 'B'}		internal_fragment;low_wordhood_score	0.514286	"{""2023"":1,""2024"":13}"	FXZZ202301004;FXZZ202407005	A1/A2	pending_human_review
c0cd16433621c5b5ccb2	合法性基础	cross_paper_discovery	bounded_chinese_ngram_maximal_repeat	2	2	2	"{""1"":0,""2"":2,""3"":0}"		{'confidence': 0.1, 'domain': 'unrouted', 'evidence_source': 'keyword', 'evidence_span': '信息自决', 'label_origin': 'machine_inferred', 'routing_only': True, 'source_level': 'B'};{'confidence': 0.68, 'domain': '程序法', 'evidence_source': 'keyword', 'evidence_span': '消费公益诉讼', 'label_origin': 'machine_inferred', 'routing_only': True, 'source_level': 'B'};{'confidence': 0.72, 'domain': '合同法', 'evidence_source': 'keyword', 'evidence_span': '合同自由', 'label_origin': 'machine_inferred', 'routing_only': True, 'source_level': 'B'}		internal_fragment	0.8	"{""2023"":2}"	FXZZ202306006;FXZZ202312008	A1/A2	pending_human_review
8b8c941b5351e6104bdb	合理性	cross_paper_discovery	bounded_chinese_ngram_maximal_repeat	11	11	1;2;3	"{""1"":4,""2"":9,""3"":3}"		{'confidence': 0.1, 'domain': 'unrouted', 'evidence_source': 'keyword', 'evidence_span': '特定化', 'label_origin': 'machine_inferred', 'routing_only': True, 'source_level': 'B'};{'confidence': 0.66, 'domain': '规范理论', 'evidence_source': 'keyword', 'evidence_span': '保护性规范', 'label_origin': 'machine_inferred', 'routing_only': True, 'source_level': 'B'};{'confidence': 0.68, 'domain': '侵权责任', 'evidence_source': 'keyword', 'evidence_span': '无权代理人责任', 'label_origin': 'machine_inferred', 'routing_only': True, 'source_level': 'B'};{'confidence': 0.68, 'domain': '程序法', 'evidence_source': 'keyword', 'evidence_span': '诉讼时效', 'label_origin': 'machine_inferred', 'routing_only': True, 'source_level': 'B'}		internal_fragment	5.385417	"{""2023"":5,""2024"":11}"	FXZZ202301008;FXZZ202301010;FXZZ202307011;FXZZ202309009;FXZZ202311013;FXZZ202403004;FXZZ202404007;FXZZ202404010;FXZZ202406009;FXZZ202407008;FXZZ202412008	A1/A2	pending_human_review
aa69417a3a76d287c970	合目的性	cross_paper_discovery	bounded_chinese_ngram_maximal_repeat	3	3	1;2;3	"{""1"":1,""2"":2,""3"":1}"	制度构建;规范依据	{'confidence': 0.1, 'domain': 'unrouted', 'evidence_source': 'keyword', 'evidence_span': '合目的性改革', 'label_origin': 'machine_inferred', 'routing_only': True, 'source_level': 'B'};{'confidence': 0.68, 'domain': '程序法', 'evidence_source': 'keyword', 'evidence_span': '保证债务诉讼时效', 'label_origin': 'machine_inferred', 'routing_only': True, 'source_level': 'B'};{'confidence': 0.72, 'domain': '合同法', 'evidence_source': 'keyword', 'evidence_span': '可诉请履行性', 'label_origin': 'machine_inferred', 'routing_only': True, 'source_level': 'B'}		internal_fragment	1.3125	"{""2023"":2,""2024"":2}"	FXZZ202301004;FXZZ202401008;FXZZ202412009	A1/A2	pending_human_review
3d3421159e77847b2319	合行政	cross_paper_discovery	bounded_chinese_ngram_maximal_repeat	3	3	2;3	"{""1"":0,""2"":2,""3"":1}"	权利救济	{'confidence': 0.1, 'domain': 'unrouted', 'evidence_source': 'keyword', 'evidence_span': '风险防范', 'label_origin': 'machine_inferred', 'routing_only': True, 'source_level': 'B'};{'confidence': 0.68, 'domain': '程序法', 'evidence_source': 'keyword', 'evidence_span': '备案审查', 'label_origin': 'machine_inferred', 'routing_only': True, 'source_level': 'B'}		internal_fragment	2.0	"{""2023"":1,""2024"":2}"	FXZZ202310004;FXZZ202407004;FXZZ202412004	A1/A2	pending_human_review
3b57c6ade824f1e231fd	合议庭	cross_paper_discovery	bounded_chinese_ngram_maximal_repeat	2	2	1;2	"{""1"":4,""2"":8,""3"":0}"		{'confidence': 0.1, 'domain': 'unrouted', 'evidence_source': 'keyword', 'evidence_span': '可携带权', 'label_origin': 'machine_inferred', 'routing_only': True, 'source_level': 'B'}		internal_fragment	0.833334	"{""2023"":12}"	FXZZ202311011;FXZZ202312009	A1/A2	pending_human_review
e2c8b18bce584711494c	同的规	cross_paper_discovery	bounded_chinese_ngram_maximal_repeat	3	3	2;3	"{""1"":0,""2"":2,""3"":1}"	规范依据	{'confidence': 0.1, 'domain': 'unrouted', 'evidence_source': 'keyword', 'evidence_span': '整全性', 'label_origin': 'machine_inferred', 'routing_only': True, 'source_level': 'B'};{'confidence': 0.68, 'domain': '程序法', 'evidence_source': 'keyword', 'evidence_span': '保证债务诉讼时效', 'label_origin': 'machine_inferred', 'routing_only': True, 'source_level': 'B'}		internal_fragment	1.666667	"{""2023"":1,""2024"":2}"	FXZZ202309004;FXZZ202401008;FXZZ202405009	A1/A2	pending_human_review
519bd1788ff50103e034	同的规范	cross_paper_discovery	bounded_chinese_ngram_maximal_repeat	2	2	2;3	"{""1"":0,""2"":1,""3"":1}"	规范依据	{'confidence': 0.1, 'domain': 'unrouted', 'evidence_source': 'keyword', 'evidence_span': '整全性', 'label_origin': 'machine_inferred', 'routing_only': True, 'source_level': 'B'};{'confidence': 0.68, 'domain': '程序法', 'evidence_source': 'keyword', 'evidence_span': '保证债务诉讼时效', 'label_origin': 'machine_inferred', 'routing_only': True, 'source_level': 'B'}		internal_fragment	0.875	"{""2023"":1,""2024"":1}"	FXZZ202309004;FXZZ202401008	A1/A2	pending_human_review
937a92b7c7d0722536c3	同质化	cross_paper_discovery	bounded_chinese_ngram_maximal_repeat	2	2	2	"{""1"":0,""2"":2,""3"":0}"	制度构建;权利救济;证据证明	{'confidence': 0.1, 'domain': 'unrouted', 'evidence_source': 'keyword', 'evidence_span': '无因管理', 'label_origin': 'machine_inferred', 'routing_only': True, 'source_level': 'B'};{'confidence': 0.68, 'domain': '程序法', 'evidence_source': 'keyword', 'evidence_span': '公益诉讼', 'label_origin': 'machine_inferred', 'routing_only': True, 'source_level': 'B'};{'confidence': 0.72, 'domain': '合同法', 'evidence_source': 'keyword', 'evidence_span': '行政代履行', 'label_origin': 'machine_inferred', 'routing_only': True, 'source_level': 'B'}		internal_fragment	1.333334	"{""2024"":2}"	FXZZ202407010;FXZZ202412004	A1/A2	pending_human_review
428fefcb9261dbf88e9a	同质性	cross_paper_discovery	bounded_chinese_ngram_maximal_repeat	2	2	3	"{""1"":0,""2"":0,""3"":2}"		{'confidence': 0.1, 'domain': 'unrouted', 'evidence_source': 'keyword', 'evidence_span': '法条竞合', 'label_origin': 'machine_inferred', 'routing_only': True, 'source_level': 'B'}		internal_fragment	1.333334	"{""2023"":1,""2024"":1}"	FXZZ202303004;FXZZ202403004	A1/A2	pending_human_review
391057b6f33edc1cdde7	名适用	cross_paper_discovery	bounded_chinese_ngram_maximal_repeat	3	3	2;3	"{""1"":0,""2"":2,""3"":1}"		{'confidence': 0.1, 'domain': 'unrouted', 'evidence_source': 'keyword', 'evidence_span': '药品犯罪圈', 'label_origin': 'machine_inferred', 'routing_only': True, 'source_level': 'B'};{'confidence': 0.68, 'domain': '程序法', 'evidence_source': 'keyword', 'evidence_span': '诉讼时效', 'label_origin': 'machine_inferred', 'routing_only': True, 'source_level': 'B'};{'confidence': 0.72, 'domain': '合同法', 'evidence_source': 'keyword', 'evidence_span': '违约方申请解除', 'label_origin': 'machine_inferred', 'routing_only': True, 'source_level': 'B'}		internal_fragment	1.833333	"{""2023"":2,""2024"":1}"	FXZZ202302005;FXZZ202305008;FXZZ202404007	A1/A2	pending_human_review
7103d360c9a4724c2fda	否定论	cross_paper_discovery	bounded_chinese_ngram_maximal_repeat	2	2	1;2;3	"{""1"":1,""2"":2,""3"":1}"		{'confidence': 0.1, 'domain': 'unrouted', 'evidence_source': 'keyword', 'evidence_span': '代位', 'label_origin': 'machine_inferred', 'routing_only': True, 'source_level': 'B'}		internal_fragment	1.333334	"{""2023"":4}"	FXZZ202302008;FXZZ202308013	A1/A2	pending_human_review
7f93206bf292c406fd72	否构成	cross_paper_discovery	bounded_chinese_ngram_maximal_repeat	3	3	1;2;3	"{""1"":1,""2"":1,""3"":3}"		{'confidence': 0.1, 'domain': 'unrouted', 'evidence_source': 'keyword', 'evidence_span': '消费者权益保护法', 'label_origin': 'machine_inferred', 'routing_only': True, 'source_level': 'B'};{'confidence': 0.72, 'domain': '合同法', 'evidence_source': 'keyword', 'evidence_span': '合同解除', 'label_origin': 'machine_inferred', 'routing_only': True, 'source_level': 'B'}		internal_fragment	1.4	"{""2023"":1,""2024"":4}"	FXZZ202306012;FXZZ202403006;FXZZ202404009	A1/A2	pending_human_review
8d31f5d353f9233ad89b	否适当	cross_paper_discovery	bounded_chinese_ngram_maximal_repeat	2	2	2;3	"{""1"":0,""2"":2,""3"":2}"		{'confidence': 0.1, 'domain': 'unrouted', 'evidence_source': 'keyword', 'evidence_span': '罪量要素', 'label_origin': 'machine_inferred', 'routing_only': True, 'source_level': 'B'}		internal_fragment	0.916667	"{""2023"":4}"	FXZZ202304004;FXZZ202312009	A1/A2	pending_human_review
efe8db856ba471df97a4	否适用	cross_paper_discovery	bounded_chinese_ngram_maximal_repeat	2	2	2	"{""1"":0,""2"":4,""3"":0}"		{'confidence': 0.1, 'domain': 'unrouted', 'evidence_source': 'keyword', 'evidence_span': '不合理的对待', 'label_origin': 'machine_inferred', 'routing_only': True, 'source_level': 'B'};{'confidence': 0.66, 'domain': '规范理论', 'evidence_source': 'keyword', 'evidence_span': '规范自身平等', 'label_origin': 'machine_inferred', 'routing_only': True, 'source_level': 'B'}		internal_fragment	1.083334	"{""2023"":4}"	FXZZ202302003;FXZZ202306011	A1/A2	pending_human_review
c0bbfed34a472686035a	否需要	cross_paper_discovery	bounded_chinese_ngram_maximal_repeat	2	2	2;3	"{""1"":0,""2"":1,""3"":1}"	比较法	{'confidence': 0.1, 'domain': 'unrouted', 'evidence_source': 'keyword', 'evidence_span': '罪量要素', 'label_origin': 'machine_inferred', 'routing_only': True, 'source_level': 'B'};{'confidence': 0.66, 'domain': '比较法', 'evidence_source': 'keyword', 'evidence_span': '域外适用', 'label_origin': 'machine_inferred', 'routing_only': True, 'source_level': 'B'}		internal_fragment	1.166667	"{""2023"":1,""2024"":1}"	FXZZ202304004;FXZZ202401012	A1/A2	pending_human_review
b7cda12c1908adb43ae4	告知承诺制	cross_paper_discovery	bounded_chinese_ngram_maximal_repeat	2	2	1;2;3	"{""1"":3,""2"":6,""3"":1}"	制度构建;程序审查	{'confidence': 0.1, 'domain': 'unrouted', 'evidence_source': 'keyword', 'evidence_span': '补正解释', 'label_origin': 'machine_inferred', 'routing_only': True, 'source_level': 'B'}		internal_fragment;low_wordhood_score	0.6	"{""2023"":3,""2024"":7}"	FXZZ202310005;FXZZ202406005	A1/A2	pending_human_review
fdcc5d0617d6840451bd	品犯罪保护	cross_paper_discovery	bounded_chinese_ngram_maximal_repeat	2	2	2;3	"{""1"":0,""2"":2,""3"":1}"		{'confidence': 0.1, 'domain': 'unrouted', 'evidence_source': 'keyword', 'evidence_span': '药品犯罪圈', 'label_origin': 'machine_inferred', 'routing_only': True, 'source_level': 'B'}		internal_fragment;low_wordhood_score	0.666667	"{""2023"":2,""2024"":1}"	FXZZ202302005;FXZZ202404006	A1/A2	pending_human_review
5f2b8d758cd318fa1a13	哲学基础	cross_paper_discovery	bounded_chinese_ngram_maximal_repeat	2	2	2;3	"{""1"":0,""2"":1,""3"":1}"		{'confidence': 0.1, 'domain': 'unrouted', 'evidence_source': 'keyword', 'evidence_span': '法律方法论', 'label_origin': 'machine_inferred', 'routing_only': True, 'source_level': 'B'};{'confidence': 0.66, 'domain': '比较法', 'evidence_source': 'keyword', 'evidence_span': '国际高标准经贸规则', 'label_origin': 'machine_inferred', 'routing_only': True, 'source_level': 'B'}			1.0	"{""2024"":2}"	FXZZ202405002;FXZZ202406012	A1/A2	pending_human_review
0a46877c916daf1255ad	商业化	cross_paper_discovery	bounded_chinese_ngram_maximal_repeat	2	2	2;3	"{""1"":0,""2"":1,""3"":2}"		{'confidence': 0.1, 'domain': 'unrouted', 'evidence_source': 'keyword', 'evidence_span': '信息自决', 'label_origin': 'machine_inferred', 'routing_only': True, 'source_level': 'B'};{'confidence': 0.72, 'domain': '合同法', 'evidence_source': 'keyword', 'evidence_span': '合同自由', 'label_origin': 'machine_inferred', 'routing_only': True, 'source_level': 'B'}		internal_fragment	1.111112	"{""2023"":3}"	FXZZ202301013;FXZZ202306006	A1/A2	pending_human_review
c9f2d29235c588b182ce	因分析	cross_paper_discovery	bounded_chinese_ngram_maximal_repeat	2	2	1	"{""1"":2,""2"":0,""3"":0}"	程序审查	{'confidence': 0.1, 'domain': 'unrouted', 'evidence_source': 'keyword', 'evidence_span': '“四类案件”', 'label_origin': 'machine_inferred', 'routing_only': True, 'source_level': 'B'};{'confidence': 0.68, 'domain': '侵权责任', 'evidence_source': 'keyword', 'evidence_span': '司法责任制', 'label_origin': 'machine_inferred', 'routing_only': True, 'source_level': 'B'}		internal_fragment	1.166667	"{""2024"":2}"	FXZZ202403010;FXZZ202407005	A1/A2	pending_human_review
741a39b709b012aa3070	因果关系	cross_paper_discovery	bounded_chinese_ngram_maximal_repeat	6	6	2;3	"{""1"":0,""2"":6,""3"":5}"	构成要件;法律后果	{'confidence': 0.1, 'domain': 'unrouted', 'evidence_source': 'keyword', 'evidence_span': '共同行为', 'label_origin': 'machine_inferred', 'routing_only': True, 'source_level': 'B'};{'confidence': 0.66, 'domain': '规范理论', 'evidence_source': 'keyword', 'evidence_span': '规范保护目的', 'label_origin': 'machine_inferred', 'routing_only': True, 'source_level': 'B'};{'confidence': 0.68, 'domain': '程序法', 'evidence_source': 'keyword', 'evidence_span': '诉讼权利', 'label_origin': 'machine_inferred', 'routing_only': True, 'source_level': 'B'}		internal_fragment	2.25	"{""2023"":11}"	FXZZ202302011;FXZZ202303008;FXZZ202304009;FXZZ202306003;FXZZ202307006;FXZZ202308008	A1/A2	pending_human_review
8af3a3a4f3da88f07958	因果关系的判断	cross_paper_discovery	bounded_chinese_ngram_maximal_repeat	2	2	2	"{""1"":0,""2"":2,""3"":0}"	法律后果	{'confidence': 0.1, 'domain': 'unrouted', 'evidence_source': 'keyword', 'evidence_span': '法律定义', 'label_origin': 'machine_inferred', 'routing_only': True, 'source_level': 'B'};{'confidence': 0.66, 'domain': '规范理论', 'evidence_source': 'keyword', 'evidence_span': '规范目的', 'label_origin': 'machine_inferred', 'routing_only': True, 'source_level': 'B'};{'confidence': 0.68, 'domain': '程序法', 'evidence_source': 'keyword', 'evidence_span': '诉讼权利', 'label_origin': 'machine_inferred', 'routing_only': True, 'source_level': 'B'}		low_wordhood_score	0.5	"{""2023"":2}"	FXZZ202304009;FXZZ202308008	A1/A2	pending_human_review
f0a9081e20635426ae76	困境的破解	cross_paper_discovery	bounded_chinese_ngram_maximal_repeat	2	2	1	"{""1"":2,""2"":0,""3"":0}"		{'confidence': 0.1, 'domain': 'unrouted', 'evidence_source': 'keyword', 'evidence_span': '合并规则', 'label_origin': 'machine_inferred', 'routing_only': True, 'source_level': 'B'}		internal_fragment	0.8	"{""2023"":2}"	FXZZ202306007;FXZZ202310004	A1/A2	pending_human_review
ccd1321a08ee4310e399	国人权发展	cross_paper_discovery	bounded_chinese_ngram_maximal_repeat	2	2	1;2	"{""1"":4,""2"":1,""3"":0}"		{'confidence': 0.1, 'domain': 'unrouted', 'evidence_source': 'keyword', 'evidence_span': '提级巡察', 'label_origin': 'machine_inferred', 'routing_only': True, 'source_level': 'B'}		internal_fragment;low_wordhood_score	0.56	"{""2023"":4,""2024"":1}"	FXZZ202305002;FXZZ202401002	A1/A2	pending_human_review
ab5ac923dcf6663caa17	国传统	cross_paper_discovery	bounded_chinese_ngram_maximal_repeat	3	3	1;2	"{""1"":1,""2"":5,""3"":0}"	构成要件	{'confidence': 0.1, 'domain': 'unrouted', 'evidence_source': 'keyword', 'evidence_span': '不合理的对待', 'label_origin': 'machine_inferred', 'routing_only': True, 'source_level': 'B'};{'confidence': 0.66, 'domain': '规范理论', 'evidence_source': 'keyword', 'evidence_span': '规范自身平等', 'label_origin': 'machine_inferred', 'routing_only': True, 'source_level': 'B'};{'confidence': 0.68, 'domain': '侵权责任', 'evidence_source': 'keyword', 'evidence_span': '监护人责任', 'label_origin': 'machine_inferred', 'routing_only': True, 'source_level': 'B'}		internal_fragment	1.5	"{""2023"":6}"	FXZZ202302003;FXZZ202307003;FXZZ202310007	A1/A2	pending_human_review
4daf3c38abc6b6012a73	国内法	cross_paper_discovery	bounded_chinese_ngram_maximal_repeat	5	5	1;2;3	"{""1"":1,""2"":2,""3"":2}"	比较法	{'confidence': 0.1, 'domain': 'unrouted', 'evidence_source': 'keyword', 'evidence_span': '透明度', 'label_origin': 'machine_inferred', 'routing_only': True, 'source_level': 'B'};{'confidence': 0.66, 'domain': '比较法', 'evidence_source': 'keyword', 'evidence_span': '国际经贸合作', 'label_origin': 'machine_inferred', 'routing_only': True, 'source_level': 'B'};{'confidence': 0.68, 'domain': '侵权责任', 'evidence_source': 'keyword', 'evidence_span': '企业社会责任', 'label_origin': 'machine_inferred', 'routing_only': True, 'source_level': 'B'}		internal_fragment	3.333334	"{""2023"":4,""2024"":1}"	FXZZ202302012;FXZZ202303012;FXZZ202311009;FXZZ202312011;FXZZ202405002	A1/A2	pending_human_review
b71ed621bb2e91aabbd5	国刑事	cross_paper_discovery	bounded_chinese_ngram_maximal_repeat	3	3	1;2	"{""1"":4,""2"":7,""3"":0}"	制度构建	{'confidence': 0.1, 'domain': 'unrouted', 'evidence_source': 'keyword', 'evidence_span': '可携带权', 'label_origin': 'machine_inferred', 'routing_only': True, 'source_level': 'B'}		internal_fragment	1.227273	"{""2023"":1,""2024"":10}"	FXZZ202311011;FXZZ202405011;FXZZ202412011	A1/A2	pending_human_review
d858df5bbe966ab7a266	国刑法	cross_paper_discovery	bounded_chinese_ngram_maximal_repeat	4	4	1;2;3	"{""1"":1,""2"":1,""3"":2}"		{'confidence': 0.1, 'domain': 'unrouted', 'evidence_source': 'keyword', 'evidence_span': '承继的共犯', 'label_origin': 'machine_inferred', 'routing_only': True, 'source_level': 'B'};{'confidence': 0.68, 'domain': '程序法', 'evidence_source': 'keyword', 'evidence_span': '诉讼时效', 'label_origin': 'machine_inferred', 'routing_only': True, 'source_level': 'B'}		internal_fragment	2.0	"{""2023"":2,""2024"":1,""2026"":1}"	FXZZ202309006;FXZZ202311007;FXZZ202404007;FXZZ202607005	A1/A2	pending_human_review
d71de2eb7ca5cf3df512	国务院	cross_paper_discovery	bounded_chinese_ngram_maximal_repeat	3	3	2;3	"{""1"":0,""2"":2,""3"":1}"		{'confidence': 0.1, 'domain': 'unrouted', 'evidence_source': 'keyword', 'evidence_span': '药品犯罪圈', 'label_origin': 'machine_inferred', 'routing_only': True, 'source_level': 'B'};{'confidence': 0.68, 'domain': '程序法', 'evidence_source': 'keyword', 'evidence_span': '程序正当原则', 'label_origin': 'machine_inferred', 'routing_only': True, 'source_level': 'B'}		internal_fragment	2.0	"{""2023"":3}"	FXZZ202302005;FXZZ202304003;FXZZ202309003	A1/A2	pending_human_review
466f42cbb8fcb33cbda3	国化时代化	cross_paper_discovery	bounded_chinese_ngram_maximal_repeat	2	2	1;2	"{""1"":1,""2"":2,""3"":0}"		{'confidence': 0.1, 'domain': 'unrouted', 'evidence_source': 'keyword', 'evidence_span': '数字正义', 'label_origin': 'machine_inferred', 'routing_only': True, 'source_level': 'B'}		internal_fragment;low_wordhood_score	0.666667	"{""2024"":2,""2026"":1}"	FXZZ202401002;FXZZ202607001	A1/A2	pending_human_review
c905b44b6e79afaccf2b	国司法	cross_paper_discovery	bounded_chinese_ngram_maximal_repeat	3	3	1;2;3	"{""1"":3,""2"":1,""3"":1}"	证据证明	{'confidence': 0.1, 'domain': 'unrouted', 'evidence_source': 'keyword', 'evidence_span': '疏明', 'label_origin': 'machine_inferred', 'routing_only': True, 'source_level': 'B'};{'confidence': 0.66, 'domain': '比较法', 'evidence_source': 'keyword', 'evidence_span': '域外适用', 'label_origin': 'machine_inferred', 'routing_only': True, 'source_level': 'B'};{'confidence': 0.68, 'domain': '程序法', 'evidence_source': 'keyword', 'evidence_span': '司法审查', 'label_origin': 'machine_inferred', 'routing_only': True, 'source_level': 'B'}		internal_fragment	1.8	"{""2023"":1,""2024"":1,""2025"":3}"	FXZZ202310010;FXZZ202401011;FXZZ202501001	A1/A2	pending_human_review
5a69b3fa70340c02f624	国宪法	cross_paper_discovery	bounded_chinese_ngram_maximal_repeat	3	3	2;3	"{""1"":0,""2"":2,""3"":1}"	程序审查	{'confidence': 0.1, 'domain': 'unrouted', 'evidence_source': 'keyword', 'evidence_span': '数据自决权', 'label_origin': 'machine_inferred', 'routing_only': True, 'source_level': 'B'}		internal_fragment	1.666667	"{""2023"":2,""2024"":1}"	FXZZ202301003;FXZZ202303001;FXZZ202401005	A1/A2	pending_human_review
bfec1858e493ff706a51	国家建	cross_paper_discovery	bounded_chinese_ngram_maximal_repeat	2	2	2	"{""1"":0,""2"":2,""3"":0}"		{'confidence': 0.1, 'domain': 'unrouted', 'evidence_source': 'keyword', 'evidence_span': '中央与地方关系', 'label_origin': 'machine_inferred', 'routing_only': True, 'source_level': 'B'}		internal_fragment	1.333334	"{""2023"":1,""2026"":1}"	FXZZ202304002;FXZZ202607001	A1/A2	pending_human_review
44935581b0f867e303fa	国家机关	cross_paper_discovery	bounded_chinese_ngram_maximal_repeat	4	4	1;2	"{""1"":3,""2"":5,""3"":0}"		{'confidence': 0.1, 'domain': 'unrouted', 'evidence_source': 'keyword', 'evidence_span': '城市规划', 'label_origin': 'machine_inferred', 'routing_only': True, 'source_level': 'B'};{'confidence': 0.68, 'domain': '程序法', 'evidence_source': 'keyword', 'evidence_span': '核准程序', 'label_origin': 'machine_inferred', 'routing_only': True, 'source_level': 'B'}		internal_fragment	1.625	"{""2023"":8}"	FXZZ202305003;FXZZ202307005;FXZZ202308004;FXZZ202309004	A1/A2	pending_human_review
a37730c43266011c9277	国家权力	cross_paper_discovery	bounded_chinese_ngram_maximal_repeat	2	2	2	"{""1"":0,""2"":2,""3"":0}"	规范依据	{'confidence': 0.1, 'domain': 'unrouted', 'evidence_source': 'keyword', 'evidence_span': '合目的性改革', 'label_origin': 'machine_inferred', 'routing_only': True, 'source_level': 'B'}		internal_fragment	1.0	"{""2023"":2}"	FXZZ202301004;FXZZ202302004	A1/A2	pending_human_review
1cb3d06c56f536981805	国家治理	cross_paper_discovery	bounded_chinese_ngram_maximal_repeat	2	2	1;2	"{""1"":1,""2"":1,""3"":0}"		{'confidence': 0.1, 'domain': 'unrouted', 'evidence_source': 'keyword', 'evidence_span': '重大创新', 'label_origin': 'machine_inferred', 'routing_only': True, 'source_level': 'B'}		internal_fragment	0.875	"{""2023"":1,""2024"":1}"	FXZZ202306001;FXZZ202404003	A1/A2	pending_human_review
6a5f3ef2445708eba2d2	国家法	cross_paper_discovery	bounded_chinese_ngram_maximal_repeat	2	2	2	"{""1"":0,""2"":2,""3"":0}"	程序审查	{'confidence': 0.1, 'domain': 'unrouted', 'evidence_source': 'keyword', 'evidence_span': '刑法处罚早期化', 'label_origin': 'machine_inferred', 'routing_only': True, 'source_level': 'B'}		internal_fragment	1.333334	"{""2023"":2}"	FXZZ202308005;FXZZ202311007	A1/A2	pending_human_review
a69ca7d3525df2c56708	国建设	cross_paper_discovery	bounded_chinese_ngram_maximal_repeat	2	2	1;2	"{""1"":1,""2"":1,""3"":0}"		{'confidence': 0.1, 'domain': 'unrouted', 'evidence_source': 'keyword', 'evidence_span': '重大创新', 'label_origin': 'machine_inferred', 'routing_only': True, 'source_level': 'B'}		internal_fragment	1.333334	"{""2023"":1,""2024"":1}"	FXZZ202306001;FXZZ202401002	A1/A2	pending_human_review
7bfe5197c230b0d12901	国式法治现代化	cross_paper_discovery	bounded_chinese_ngram_maximal_repeat	2	2	2	"{""1"":0,""2"":2,""3"":0}"		{'confidence': 0.1, 'domain': 'unrouted', 'evidence_source': 'keyword', 'evidence_span': '系统司法观', 'label_origin': 'machine_inferred', 'routing_only': True, 'source_level': 'B'}		internal_fragment;low_wordhood_score	0.5	"{""2023"":1,""2024"":1}"	FXZZ202308002;FXZZ202401002	A1/A2	pending_human_review
3ba70c356cdafa5ab4c5	国数字	cross_paper_discovery	bounded_chinese_ngram_maximal_repeat	2	2	1;2	"{""1"":1,""2"":5,""3"":0}"		{'confidence': 0.1, 'domain': 'unrouted', 'evidence_source': 'keyword', 'evidence_span': '负面清单', 'label_origin': 'machine_inferred', 'routing_only': True, 'source_level': 'B'}		internal_fragment	0.888889	"{""2024"":6}"	FXZZ202403003;FXZZ202407013	A1/A2	pending_human_review
877b008804d51c1a8e50	国民法	cross_paper_discovery	bounded_chinese_ngram_maximal_repeat	2	2	1;2	"{""1"":3,""2"":1,""3"":0}"		{'confidence': 0.1, 'domain': 'unrouted', 'evidence_source': 'keyword', 'evidence_span': '立法法', 'label_origin': 'machine_inferred', 'routing_only': True, 'source_level': 'B'};{'confidence': 0.68, 'domain': '程序法', 'evidence_source': 'keyword', 'evidence_span': '审查认证规则', 'label_origin': 'machine_inferred', 'routing_only': True, 'source_level': 'B'}		internal_fragment	1.000001	"{""2023"":4}"	FXZZ202307004;FXZZ202309010	A1/A2	pending_human_review
e5fd24721b260175b127	国法律	cross_paper_discovery	bounded_chinese_ngram_maximal_repeat	3	3	2;3	"{""1"":0,""2"":2,""3"":1}"	比较法	{'confidence': 0.1, 'domain': 'unrouted', 'evidence_source': 'keyword', 'evidence_span': '收养秩序', 'label_origin': 'machine_inferred', 'routing_only': True, 'source_level': 'B'};{'confidence': 0.68, 'domain': '程序法', 'evidence_source': 'keyword', 'evidence_span': '司法审查', 'label_origin': 'machine_inferred', 'routing_only': True, 'source_level': 'B'}		internal_fragment	1.666667	"{""2023"":2,""2026"":1}"	FXZZ202307003;FXZZ202310010;FXZZ202607005	A1/A2	pending_human_review
ce645e8ee44426acb210	国特色	cross_paper_discovery	bounded_chinese_ngram_maximal_repeat	7	7	1;2;3	"{""1"":3,""2"":10,""3"":2}"	制度构建	{'confidence': 0.1, 'domain': 'unrouted', 'evidence_source': 'keyword', 'evidence_span': '依宪执政', 'label_origin': 'machine_inferred', 'routing_only': True, 'source_level': 'B'};{'confidence': 0.68, 'domain': '程序法', 'evidence_source': 'keyword', 'evidence_span': '程序问题', 'label_origin': 'machine_inferred', 'routing_only': True, 'source_level': 'B'}		internal_fragment	2.722222	"{""2023"":6,""2024"":9}"	FXZZ202303001;FXZZ202306001;FXZZ202307007;FXZZ202308012;FXZZ202401002;FXZZ202405002;FXZZ202406013	A1/A2	pending_human_review
67cc1b2b2661a62b2cde	国特色社会主义	cross_paper_discovery	bounded_chinese_ngram_maximal_repeat	4	4	1;2	"{""1"":3,""2"":8,""3"":0}"	制度构建	{'confidence': 0.1, 'domain': 'unrouted', 'evidence_source': 'keyword', 'evidence_span': '依宪执政', 'label_origin': 'machine_inferred', 'routing_only': True, 'source_level': 'B'};{'confidence': 0.68, 'domain': '程序法', 'evidence_source': 'keyword', 'evidence_span': '程序问题', 'label_origin': 'machine_inferred', 'routing_only': True, 'source_level': 'B'}		internal_fragment;low_wordhood_score	0.701299	"{""2023"":4,""2024"":7}"	FXZZ202303001;FXZZ202306001;FXZZ202308012;FXZZ202401002	A1/A2	pending_human_review
2b20ec6e87e65cccd5ed	国特色社会主义法治体系	cross_paper_discovery	bounded_chinese_ngram_maximal_repeat	2	2	1	"{""1"":2,""2"":0,""3"":0}"	制度构建	{'confidence': 0.1, 'domain': 'unrouted', 'evidence_source': 'keyword', 'evidence_span': '重大创新', 'label_origin': 'machine_inferred', 'routing_only': True, 'source_level': 'B'}		generic_container;internal_fragment;low_wordhood_score	0.318182	"{""2023"":1,""2024"":1}"	FXZZ202306001;FXZZ202401002	A1/A2	pending_human_review
40e6799b042623be0abc	国的立	cross_paper_discovery	bounded_chinese_ngram_maximal_repeat	2	2	2;3	"{""1"":0,""2"":1,""3"":1}"		{'confidence': 0.1, 'domain': 'unrouted', 'evidence_source': 'keyword', 'evidence_span': '透明度', 'label_origin': 'machine_inferred', 'routing_only': True, 'source_level': 'B'};{'confidence': 0.66, 'domain': '比较法', 'evidence_source': 'keyword', 'evidence_span': '国际经贸合作', 'label_origin': 'machine_inferred', 'routing_only': True, 'source_level': 'B'};{'confidence': 0.68, 'domain': '侵权责任', 'evidence_source': 'keyword', 'evidence_span': '企业社会责任', 'label_origin': 'machine_inferred', 'routing_only': True, 'source_level': 'B'}		internal_fragment	1.333334	"{""2023"":2}"	FXZZ202302012;FXZZ202303012	A1/A2	pending_human_review
c70a2887bf72f270bfa2	国统一	cross_paper_discovery	bounded_chinese_ngram_maximal_repeat	2	2	1;2	"{""1"":1,""2"":1,""3"":0}"		{'confidence': 0.1, 'domain': 'unrouted', 'evidence_source': 'keyword', 'evidence_span': '特定化', 'label_origin': 'machine_inferred', 'routing_only': True, 'source_level': 'B'};{'confidence': 0.68, 'domain': '程序法', 'evidence_source': 'keyword', 'evidence_span': '外部审查', 'label_origin': 'machine_inferred', 'routing_only': True, 'source_level': 'B'}		internal_fragment	1.333334	"{""2023"":2}"	FXZZ202301008;FXZZ202303010	A1/A2	pending_human_review
35ffc2822c1df3c3a77c	国行政	cross_paper_discovery	bounded_chinese_ngram_maximal_repeat	3	3	1;3	"{""1"":3,""2"":0,""3"":1}"		{'confidence': 0.1, 'domain': 'unrouted', 'evidence_source': 'keyword', 'evidence_span': '竞争中性', 'label_origin': 'machine_inferred', 'routing_only': True, 'source_level': 'B'};{'confidence': 0.68, 'domain': '程序法', 'evidence_source': 'keyword', 'evidence_span': '外部审查', 'label_origin': 'machine_inferred', 'routing_only': True, 'source_level': 'B'}		internal_fragment	1.625	"{""2023"":3,""2024"":1}"	FXZZ202303010;FXZZ202311005;FXZZ202407004	A1/A2	pending_human_review
1b47efa6b67cb0829e5c	国际刑事	cross_paper_discovery	bounded_chinese_ngram_maximal_repeat	2	2	2;3	"{""1"":0,""2"":1,""3"":1}"		{'confidence': 0.1, 'domain': 'unrouted', 'evidence_source': 'keyword', 'evidence_span': '疏明', 'label_origin': 'machine_inferred', 'routing_only': True, 'source_level': 'B'};{'confidence': 0.68, 'domain': '程序法', 'evidence_source': 'keyword', 'evidence_span': '司法审查', 'label_origin': 'machine_inferred', 'routing_only': True, 'source_level': 'B'}		internal_fragment	1.0	"{""2023"":1,""2026"":1}"	FXZZ202310010;FXZZ202607005	A1/A2	pending_human_review
321ef157bd0b8563fa15	国际投资仲裁	cross_paper_discovery	bounded_chinese_ngram_maximal_repeat	2	2	1;2	"{""1"":1,""2"":1,""3"":0}"		{'confidence': 0.1, 'domain': 'unrouted', 'evidence_source': 'keyword', 'evidence_span': '投资争端解决', 'label_origin': 'machine_inferred', 'routing_only': True, 'source_level': 'B'};{'confidence': 0.66, 'domain': '比较法', 'evidence_source': 'keyword', 'evidence_span': '国际投资条约', 'label_origin': 'machine_inferred', 'routing_only': True, 'source_level': 'B'};{'confidence': 0.68, 'domain': '侵权责任', 'evidence_source': 'keyword', 'evidence_span': '企业社会责任', 'label_origin': 'machine_inferred', 'routing_only': True, 'source_level': 'B'}		internal_fragment;lexical_support;low_wordhood_score	0.583333	"{""2023"":1,""2024"":1}"	FXZZ202303012;FXZZ202407013	A1/A2	pending_human_review
6771f258996e2fa2ea1d	国际投资仲裁	legal_pattern	config_legal_pattern	2	2	1;2	"{""1"":1,""2"":1,""3"":0}"		{'confidence': 0.1, 'domain': 'unrouted', 'evidence_source': 'keyword', 'evidence_span': '投资争端解决', 'label_origin': 'machine_inferred', 'routing_only': True, 'source_level': 'B'};{'confidence': 0.66, 'domain': '比较法', 'evidence_source': 'keyword', 'evidence_span': '国际投资条约', 'label_origin': 'machine_inferred', 'routing_only': True, 'source_level': 'B'};{'confidence': 0.68, 'domain': '侵权责任', 'evidence_source': 'keyword', 'evidence_span': '企业社会责任', 'label_origin': 'machine_inferred', 'routing_only': True, 'source_level': 'B'}				"{""2023"":1,""2024"":1}"	FXZZ202303012;FXZZ202407013	A1/A2	pending_human_review
1a790e1a517a51573544	国际法	cross_paper_discovery	bounded_chinese_ngram_maximal_repeat	5	5	1;2	"{""1"":3,""2"":3,""3"":0}"	规范依据	{'confidence': 0.1, 'domain': 'unrouted', 'evidence_source': 'keyword', 'evidence_span': '透明度', 'label_origin': 'machine_inferred', 'routing_only': True, 'source_level': 'B'};{'confidence': 0.66, 'domain': '比较法', 'evidence_source': 'keyword', 'evidence_span': '国际经贸合作', 'label_origin': 'machine_inferred', 'routing_only': True, 'source_level': 'B'};{'confidence': 0.68, 'domain': '侵权责任', 'evidence_source': 'keyword', 'evidence_span': '损害赔偿', 'label_origin': 'machine_inferred', 'routing_only': True, 'source_level': 'B'};{'confidence': 0.68, 'domain': '程序法', 'evidence_source': 'keyword', 'evidence_span': '司法审查', 'label_origin': 'machine_inferred', 'routing_only': True, 'source_level': 'B'}		internal_fragment	2.777778	"{""2023"":6}"	FXZZ202302012;FXZZ202302013;FXZZ202310010;FXZZ202310013;FXZZ202312011	A1/A2	pending_human_review
e14927420983e92d2c19	地方性	cross_paper_discovery	bounded_chinese_ngram_maximal_repeat	4	4	1;2;3	"{""1"":8,""2"":4,""3"":2}"	制度构建;研究结论;程序审查	{'confidence': 0.1, 'domain': 'unrouted', 'evidence_source': 'keyword', 'evidence_span': '刑法处罚早期化', 'label_origin': 'machine_inferred', 'routing_only': True, 'source_level': 'B'}		internal_fragment	1.809523	"{""2023"":4,""2024"":10}"	FXZZ202308005;FXZZ202403004;FXZZ202404003;FXZZ202407005	A1/A2	pending_human_review
91fec87e80275b8bf7fd	地方性法规	cross_paper_discovery	bounded_chinese_ngram_maximal_repeat	2	2	1;2	"{""1"":8,""2"":1,""3"":0}"	制度构建;研究结论;程序审查	{'confidence': 0.1, 'domain': 'unrouted', 'evidence_source': 'keyword', 'evidence_span': '刑法处罚早期化', 'label_origin': 'machine_inferred', 'routing_only': True, 'source_level': 'B'}		internal_fragment;low_wordhood_score	0.555556	"{""2023"":4,""2024"":5}"	FXZZ202308005;FXZZ202403004	A1/A2	pending_human_review
759c54ec9b9b6d45ce94	地方执行性法规	cross_paper_discovery	bounded_chinese_ngram_maximal_repeat	2	2	1;2;3	"{""1"":4,""2"":2,""3"":2}"	程序审查	{'confidence': 0.1, 'domain': 'unrouted', 'evidence_source': 'keyword', 'evidence_span': '不当联结禁止', 'label_origin': 'machine_inferred', 'routing_only': True, 'source_level': 'B'}		internal_fragment;low_wordhood_score	0.375	"{""2024"":8}"	FXZZ202403004;FXZZ202407005	A1/A2	pending_human_review
cb33cf18bec0c1e2fe01	地方特色	cross_paper_discovery	bounded_chinese_ngram_maximal_repeat	2	2	2	"{""1"":0,""2"":2,""3"":0}"		{'confidence': 0.1, 'domain': 'unrouted', 'evidence_source': 'keyword', 'evidence_span': '刑法处罚早期化', 'label_origin': 'machine_inferred', 'routing_only': True, 'source_level': 'B'}		internal_fragment	1.0	"{""2023"":2}"	FXZZ202308005;FXZZ202311002	A1/A2	pending_human_review
4958dc20fcef13219db2	地方立法	cross_paper_discovery	bounded_chinese_ngram_maximal_repeat	5	5	1;2;3	"{""1"":5,""2"":7,""3"":3}"	程序审查;规范依据	{'confidence': 0.1, 'domain': 'unrouted', 'evidence_source': 'keyword', 'evidence_span': '功能定位', 'label_origin': 'machine_inferred', 'routing_only': True, 'source_level': 'B'};{'confidence': 0.68, 'domain': '程序法', 'evidence_source': 'keyword', 'evidence_span': '审查批准', 'label_origin': 'machine_inferred', 'routing_only': True, 'source_level': 'B'}		internal_fragment	1.958333	"{""2023"":3,""2024"":12}"	FXZZ202308004;FXZZ202308005;FXZZ202404003;FXZZ202406002;FXZZ202407005	A1/A2	pending_human_review
bb9fe214c103cf3e45c3	地立法	cross_paper_discovery	bounded_chinese_ngram_maximal_repeat	2	2	1;2;3	"{""1"":4,""2"":9,""3"":4}"		{'confidence': 0.1, 'domain': 'unrouted', 'evidence_source': 'keyword', 'evidence_span': '主体间互动', 'label_origin': 'machine_inferred', 'routing_only': True, 'source_level': 'B'}		internal_fragment;low_wordhood_score	0.764706	"{""2023"":1,""2024"":16}"	FXZZ202311007;FXZZ202404003	A1/A2	pending_human_review
4d60d680eab703f422be	场景与法	cross_paper_discovery	bounded_chinese_ngram_maximal_repeat	2	2	1	"{""1"":2,""2"":0,""3"":0}"	规范依据	{'confidence': 0.1, 'domain': 'unrouted', 'evidence_source': 'keyword', 'evidence_span': '数据财产权', 'label_origin': 'machine_inferred', 'routing_only': True, 'source_level': 'B'};{'confidence': 0.66, 'domain': '比较法', 'evidence_source': 'keyword', 'evidence_span': '国际投资协定', 'label_origin': 'machine_inferred', 'routing_only': True, 'source_level': 'B'};{'confidence': 0.72, 'domain': '合同法', 'evidence_source': 'keyword', 'evidence_span': '违约金调整', 'label_origin': 'machine_inferred', 'routing_only': True, 'source_level': 'B'}		internal_fragment	1.0	"{""2024"":1,""2026"":1}"	FXZZ202407012;FXZZ202607006	A1/A2	pending_human_review
da906cf1ffdb10813472	均衡性	cross_paper_discovery	bounded_chinese_ngram_maximal_repeat	2	2	2;3	"{""1"":0,""2"":1,""3"":3}"		{'confidence': 0.1, 'domain': 'unrouted', 'evidence_source': 'keyword', 'evidence_span': '不合理的对待', 'label_origin': 'machine_inferred', 'routing_only': True, 'source_level': 'B'};{'confidence': 0.66, 'domain': '规范理论', 'evidence_source': 'keyword', 'evidence_span': '规范自身平等', 'label_origin': 'machine_inferred', 'routing_only': True, 'source_level': 'B'}			0.916667	"{""2023"":4}"	FXZZ202302003;FXZZ202309004	A1/A2	pending_human_review
ad69bc4d6e1c151409e4	垄断协议	cross_paper_discovery	bounded_chinese_ngram_maximal_repeat	3	3	1;2;3	"{""1"":1,""2"":6,""3"":8}"	制度构建	{'confidence': 0.1, 'domain': 'unrouted', 'evidence_source': 'keyword', 'evidence_span': '共同行为', 'label_origin': 'machine_inferred', 'routing_only': True, 'source_level': 'B'}		internal_fragment	1.171875	"{""2023"":15}"	FXZZ202302011;FXZZ202307014;FXZZ202308009	A1/A2	pending_human_review
665aa9e4b0d11f94975d	型个人	cross_paper_discovery	bounded_chinese_ngram_maximal_repeat	2	2	1	"{""1"":2,""2"":0,""3"":0}"	规范依据	{'confidence': 0.1, 'domain': 'unrouted', 'evidence_source': 'keyword', 'evidence_span': '法律定义', 'label_origin': 'machine_inferred', 'routing_only': True, 'source_level': 'B'};{'confidence': 0.68, 'domain': '程序法', 'evidence_source': 'keyword', 'evidence_span': '诉讼权利', 'label_origin': 'machine_inferred', 'routing_only': True, 'source_level': 'B'}		internal_fragment	1.333334	"{""2023"":1,""2024"":1}"	FXZZ202304009;FXZZ202404005	A1/A2	pending_human_review
5e085ceff44b8bf26393	型公司	cross_paper_discovery	bounded_chinese_ngram_maximal_repeat	2	2	1;2	"{""1"":5,""2"":10,""3"":0}"	制度构建	{'confidence': 0.1, 'domain': 'unrouted', 'evidence_source': 'keyword', 'evidence_span': '双边冲突规则', 'label_origin': 'machine_inferred', 'routing_only': True, 'source_level': 'B'};{'confidence': 0.68, 'domain': '程序法', 'evidence_source': 'keyword', 'evidence_span': '程序问题', 'label_origin': 'machine_inferred', 'routing_only': True, 'source_level': 'B'}		internal_fragment;low_wordhood_score	0.784314	"{""2023"":14,""2024"":1}"	FXZZ202308012;FXZZ202403009	A1/A2	pending_human_review
550df45b937bf1ff79d7	型特征	cross_paper_discovery	bounded_chinese_ngram_maximal_repeat	3	3	1;2;3	"{""1"":1,""2"":1,""3"":1}"	法律后果	{'confidence': 0.1, 'domain': 'unrouted', 'evidence_source': 'keyword', 'evidence_span': '法条竞合', 'label_origin': 'machine_inferred', 'routing_only': True, 'source_level': 'B'}		internal_fragment	1.833333	"{""2023"":2,""2024"":1}"	FXZZ202303004;FXZZ202311013;FXZZ202403005	A1/A2	pending_human_review
84a9853087c05c365ef2	域外考察	cross_paper_discovery	bounded_chinese_ngram_maximal_repeat	2	2	1;2	"{""1"":1,""2"":1,""3"":0}"	比较法;证据证明	{'confidence': 0.1, 'domain': 'unrouted', 'evidence_source': 'keyword', 'evidence_span': '疏明', 'label_origin': 'machine_inferred', 'routing_only': True, 'source_level': 'B'};{'confidence': 0.68, 'domain': '程序法', 'evidence_source': 'keyword', 'evidence_span': '司法审查', 'label_origin': 'machine_inferred', 'routing_only': True, 'source_level': 'B'}		internal_fragment;low_wordhood_score	0.75	"{""2023"":1,""2024"":1}"	FXZZ202310010;FXZZ202412008	A1/A2	pending_human_review
c71fd62d83eebd688908	域外适用	cross_paper_discovery	bounded_chinese_ngram_maximal_repeat	4	4	1;2;3	"{""1"":5,""2"":9,""3"":3}"	制度构建;比较法	{'confidence': 0.1, 'domain': 'unrouted', 'evidence_source': 'keyword', 'evidence_span': '体系效应', 'label_origin': 'machine_inferred', 'routing_only': True, 'source_level': 'B'};{'confidence': 0.66, 'domain': '比较法', 'evidence_source': 'keyword', 'evidence_span': '国际民事管辖权', 'label_origin': 'machine_inferred', 'routing_only': True, 'source_level': 'B'}		internal_fragment	1.382353	"{""2023"":1,""2024"":15,""2026"":1}"	FXZZ202312011;FXZZ202401012;FXZZ202401013;FXZZ202607005	A1/A2	pending_human_review
c57c06ffc30d300b5dda	域外适用条款	cross_paper_discovery	bounded_chinese_ngram_maximal_repeat	2	2	2	"{""1"":0,""2"":2,""3"":0}"	比较法	{'confidence': 0.1, 'domain': 'unrouted', 'evidence_source': 'keyword', 'evidence_span': '体系效应', 'label_origin': 'machine_inferred', 'routing_only': True, 'source_level': 'B'};{'confidence': 0.66, 'domain': '比较法', 'evidence_source': 'keyword', 'evidence_span': '国际民事管辖权', 'label_origin': 'machine_inferred', 'routing_only': True, 'source_level': 'B'}		internal_fragment;low_wordhood_score	0.666666	"{""2023"":1,""2024"":1}"	FXZZ202312011;FXZZ202401012	A1/A2	pending_human_review
c7ac2c6532b538c4fc6d	培育公	cross_paper_discovery	bounded_chinese_ngram_maximal_repeat	2	2	2	"{""1"":0,""2"":2,""3"":0}"		{'confidence': 0.1, 'domain': 'unrouted', 'evidence_source': 'keyword', 'evidence_span': '犯罪故意', 'label_origin': 'machine_inferred', 'routing_only': True, 'source_level': 'B'};{'confidence': 0.66, 'domain': '规范理论', 'evidence_source': 'keyword', 'evidence_span': '行为规范', 'label_origin': 'machine_inferred', 'routing_only': True, 'source_level': 'B'};{'confidence': 0.68, 'domain': '程序法', 'evidence_source': 'keyword', 'evidence_span': '裁判规范', 'label_origin': 'machine_inferred', 'routing_only': True, 'source_level': 'B'}		internal_fragment	1.333334	"{""2023"":2}"	FXZZ202303005;FXZZ202308012	A1/A2	pending_human_review
d7568ee40495c3ce8df8	基于价值	cross_paper_discovery	bounded_chinese_ngram_maximal_repeat	2	2	2	"{""1"":0,""2"":2,""3"":0}"		{'confidence': 0.1, 'domain': 'unrouted', 'evidence_source': 'keyword', 'evidence_span': '司法酌减', 'label_origin': 'machine_inferred', 'routing_only': True, 'source_level': 'B'};{'confidence': 0.72, 'domain': '合同法', 'evidence_source': 'keyword', 'evidence_span': '违约金', 'label_origin': 'machine_inferred', 'routing_only': True, 'source_level': 'B'}		internal_fragment	0.875	"{""2023"":2}"	FXZZ202309008;FXZZ202310005	A1/A2	pending_human_review
a1d5cfe972f0dd36b555	基于信	cross_paper_discovery	bounded_chinese_ngram_maximal_repeat	3	3	1;2	"{""1"":1,""2"":2,""3"":0}"		{'confidence': 0.1, 'domain': 'unrouted', 'evidence_source': 'keyword', 'evidence_span': '股权利益', 'label_origin': 'machine_inferred', 'routing_only': True, 'source_level': 'B'}		internal_fragment	1.666667	"{""2023"":3}"	FXZZ202302007;FXZZ202310005;FXZZ202311006	A1/A2	pending_human_review
73cb80089a738b1b0841	基于信息	cross_paper_discovery	bounded_chinese_ngram_maximal_repeat	2	2	2	"{""1"":0,""2"":2,""3"":0}"		{'confidence': 0.1, 'domain': 'unrouted', 'evidence_source': 'keyword', 'evidence_span': '补正解释', 'label_origin': 'machine_inferred', 'routing_only': True, 'source_level': 'B'}		internal_fragment	1.0	"{""2023"":2}"	FXZZ202310005;FXZZ202311006	A1/A2	pending_human_review
dd5b62c6a96309556ed0	基于国际法	cross_paper_discovery	bounded_chinese_ngram_maximal_repeat	2	2	2	"{""1"":0,""2"":2,""3"":0}"		{'confidence': 0.1, 'domain': 'unrouted', 'evidence_source': 'keyword', 'evidence_span': '疏明', 'label_origin': 'machine_inferred', 'routing_only': True, 'source_level': 'B'};{'confidence': 0.66, 'domain': '比较法', 'evidence_source': 'keyword', 'evidence_span': '国际民事管辖权', 'label_origin': 'machine_inferred', 'routing_only': True, 'source_level': 'B'};{'confidence': 0.68, 'domain': '程序法', 'evidence_source': 'keyword', 'evidence_span': '司法审查', 'label_origin': 'machine_inferred', 'routing_only': True, 'source_level': 'B'}		internal_fragment;low_wordhood_score	0.6	"{""2023"":2}"	FXZZ202310010;FXZZ202312011	A1/A2	pending_human_review
a41c7d5f89daf46e8086	基因编辑	cross_paper_discovery	bounded_chinese_ngram_maximal_repeat	2	2	1;2;3	"{""1"":4,""2"":4,""3"":2}"		{'confidence': 0.1, 'domain': 'unrouted', 'evidence_source': 'keyword', 'evidence_span': '知情权', 'label_origin': 'machine_inferred', 'routing_only': True, 'source_level': 'B'};{'confidence': 0.68, 'domain': '程序法', 'evidence_source': 'keyword', 'evidence_span': '诉讼时效', 'label_origin': 'machine_inferred', 'routing_only': True, 'source_level': 'B'}		internal_fragment;low_wordhood_score	0.675	"{""2023"":8,""2024"":2}"	FXZZ202305010;FXZZ202404007	A1/A2	pending_human_review
0de4b7fd9fd2f676a315	基本原则	cross_paper_discovery	bounded_chinese_ngram_maximal_repeat	7	7	1;2;3	"{""1"":3,""2"":2,""3"":2}"	制度构建;程序审查	{'confidence': 0.1, 'domain': 'unrouted', 'evidence_source': 'keyword', 'evidence_span': '合目的性改革', 'label_origin': 'machine_inferred', 'routing_only': True, 'source_level': 'B'};{'confidence': 0.66, 'domain': '比较法', 'evidence_source': 'keyword', 'evidence_span': '国际经贸合作', 'label_origin': 'machine_inferred', 'routing_only': True, 'source_level': 'B'}			2.75	"{""2023"":5,""2024"":2}"	FXZZ202301004;FXZZ202302012;FXZZ202308013;FXZZ202311002;FXZZ202312004;FXZZ202404013;FXZZ202405002	A1/A2	pending_human_review
7eda72c10d8aa8a43d90	基本权	cross_paper_discovery	bounded_chinese_ngram_maximal_repeat	7	7	1;2;3	"{""1"":4,""2"":14,""3"":6}"	权利救济;程序审查	{'confidence': 0.1, 'domain': 'unrouted', 'evidence_source': 'keyword', 'evidence_span': '数据自决权', 'label_origin': 'machine_inferred', 'routing_only': True, 'source_level': 'B'}		internal_fragment	3.0625	"{""2023"":5,""2024"":19}"	FXZZ202301003;FXZZ202301005;FXZZ202302004;FXZZ202401005;FXZZ202404013;FXZZ202412005;FXZZ202412011	A1/A2	pending_human_review
b87d52069094f17c2157	基本权利	legal_pattern	config_legal_pattern	3	3	1;2	"{""1"":2,""2"":6,""3"":0}"		{'confidence': 0.1, 'domain': 'unrouted', 'evidence_source': 'keyword', 'evidence_span': '利益衡量', 'label_origin': 'machine_inferred', 'routing_only': True, 'source_level': 'B'}				"{""2023"":3,""2024"":5}"	FXZZ202301005;FXZZ202412005;FXZZ202412011	A1/A2	pending_human_review
da037ece96220a1020a9	基本权利	cross_paper_discovery	bounded_chinese_ngram_maximal_repeat	6	6	1;2;3	"{""1"":4,""2"":13,""3"":6}"	权利救济;程序审查	{'confidence': 0.1, 'domain': 'unrouted', 'evidence_source': 'keyword', 'evidence_span': '数据自决权', 'label_origin': 'machine_inferred', 'routing_only': True, 'source_level': 'B'}		internal_fragment;lexical_support	2.119565	"{""2023"":5,""2024"":18}"	FXZZ202301003;FXZZ202301005;FXZZ202302004;FXZZ202401005;FXZZ202412005;FXZZ202412011	A1/A2	pending_human_review
9dfdaec7f33c6fa45d6f	基本权利保护	cross_paper_discovery	bounded_chinese_ngram_maximal_repeat	2	2	2;3	"{""1"":0,""2"":2,""3"":3}"		{'confidence': 0.1, 'domain': 'unrouted', 'evidence_source': 'keyword', 'evidence_span': '信用规制', 'label_origin': 'machine_inferred', 'routing_only': True, 'source_level': 'B'}		internal_fragment;low_wordhood_score	0.533333	"{""2024"":5}"	FXZZ202401005;FXZZ202412011	A1/A2	pending_human_review
5c9ec8ed6c8a7e55978f	基本构造	cross_paper_discovery	bounded_chinese_ngram_maximal_repeat	2	2	1;3	"{""1"":1,""2"":0,""3"":1}"	权利救济;程序审查	{'confidence': 0.1, 'domain': 'unrouted', 'evidence_source': 'keyword', 'evidence_span': '法条竞合', 'label_origin': 'machine_inferred', 'routing_only': True, 'source_level': 'B'}		internal_fragment;low_wordhood_score	0.75	"{""2023"":2}"	FXZZ202303004;FXZZ202310011	A1/A2	pending_human_review
693e8f8f558f42d842fd	基本理	cross_paper_discovery	bounded_chinese_ngram_maximal_repeat	4	4	1;2	"{""1"":1,""2"":3,""3"":0}"		{'confidence': 0.1, 'domain': 'unrouted', 'evidence_source': 'keyword', 'evidence_span': '集体行动困境', 'label_origin': 'machine_inferred', 'routing_only': True, 'source_level': 'B'};{'confidence': 0.68, 'domain': '程序法', 'evidence_source': 'keyword', 'evidence_span': '检察公益诉讼谦抑性', 'label_origin': 'machine_inferred', 'routing_only': True, 'source_level': 'B'}		internal_fragment	2.166666	"{""2023"":3,""2024"":1}"	FXZZ202309012;FXZZ202310002;FXZZ202311002;FXZZ202404006	A1/A2	pending_human_review
2ac4548cf2620d1c97da	基本理念	cross_paper_discovery	bounded_chinese_ngram_maximal_repeat	2	2	1;2	"{""1"":1,""2"":1,""3"":0}"		{'confidence': 0.1, 'domain': 'unrouted', 'evidence_source': 'keyword', 'evidence_span': '新型总有', 'label_origin': 'machine_inferred', 'routing_only': True, 'source_level': 'B'}		internal_fragment;low_wordhood_score	0.75	"{""2023"":1,""2024"":1}"	FXZZ202311002;FXZZ202404006	A1/A2	pending_human_review
fdd0ab9a3826c3312a00	基本理论	cross_paper_discovery	bounded_chinese_ngram_maximal_repeat	2	2	2	"{""1"":0,""2"":2,""3"":0}"		{'confidence': 0.1, 'domain': 'unrouted', 'evidence_source': 'keyword', 'evidence_span': '集体行动困境', 'label_origin': 'machine_inferred', 'routing_only': True, 'source_level': 'B'};{'confidence': 0.68, 'domain': '程序法', 'evidence_source': 'keyword', 'evidence_span': '检察公益诉讼谦抑性', 'label_origin': 'machine_inferred', 'routing_only': True, 'source_level': 'B'}		internal_fragment	1.0	"{""2023"":2}"	FXZZ202309012;FXZZ202310002	A1/A2	pending_human_review
e313a887b31f2deab990	基本立场	cross_paper_discovery	bounded_chinese_ngram_maximal_repeat	2	2	2	"{""1"":0,""2"":2,""3"":0}"		{'confidence': 0.1, 'domain': 'unrouted', 'evidence_source': 'keyword', 'evidence_span': '消费者权益保护法', 'label_origin': 'machine_inferred', 'routing_only': True, 'source_level': 'B'}			1.0	"{""2023"":2}"	FXZZ202306012;FXZZ202308009	A1/A2	pending_human_review
4e8b0b8ca27c585b8138	基本要	cross_paper_discovery	bounded_chinese_ngram_maximal_repeat	2	2	1;2	"{""1"":1,""2"":1,""3"":0}"		{'confidence': 0.1, 'domain': 'unrouted', 'evidence_source': 'keyword', 'evidence_span': '女性劳动权益保障', 'label_origin': 'machine_inferred', 'routing_only': True, 'source_level': 'B'}		internal_fragment	1.166667	"{""2023"":1,""2024"":1}"	FXZZ202304011;FXZZ202404013	A1/A2	pending_human_review
6d4b83fc99c1ad409a0e	基础性	cross_paper_discovery	bounded_chinese_ngram_maximal_repeat	2	2	2;3	"{""1"":0,""2"":1,""3"":1}"		{'confidence': 0.1, 'domain': 'unrouted', 'evidence_source': 'keyword', 'evidence_span': '犯罪情节', 'label_origin': 'machine_inferred', 'routing_only': True, 'source_level': 'B'};{'confidence': 0.68, 'domain': '程序法', 'evidence_source': 'keyword', 'evidence_span': '核准程序', 'label_origin': 'machine_inferred', 'routing_only': True, 'source_level': 'B'};{'confidence': 0.72, 'domain': '合同法', 'evidence_source': 'keyword', 'evidence_span': '合同解除', 'label_origin': 'machine_inferred', 'routing_only': True, 'source_level': 'B'}		internal_fragment	1.166667	"{""2023"":1,""2024"":1}"	FXZZ202307005;FXZZ202404009	A1/A2	pending_human_review
2fc7172a59f8acb541b8	基础理论	cross_paper_discovery	bounded_chinese_ngram_maximal_repeat	2	2	1;2	"{""1"":1,""2"":1,""3"":0}"	制度构建	{'confidence': 0.1, 'domain': 'unrouted', 'evidence_source': 'keyword', 'evidence_span': '辅助性原则', 'label_origin': 'machine_inferred', 'routing_only': True, 'source_level': 'B'}		internal_fragment	1.0	"{""2023"":2}"	FXZZ202312004;FXZZ202312009	A1/A2	pending_human_review
b7f34afa949e32e2b64a	增强行	cross_paper_discovery	bounded_chinese_ngram_maximal_repeat	2	2	3	"{""1"":0,""2"":0,""3"":4}"	程序审查;规范依据	{'confidence': 0.1, 'domain': 'unrouted', 'evidence_source': 'keyword', 'evidence_span': '信用规制', 'label_origin': 'machine_inferred', 'routing_only': True, 'source_level': 'B'}		internal_fragment	1.000001	"{""2024"":4}"	FXZZ202401005;FXZZ202405005	A1/A2	pending_human_review
ffdc64a3c645130f9526	声誉罚	cross_paper_discovery	bounded_chinese_ngram_maximal_repeat	2	2	2;3	"{""1"":0,""2"":1,""3"":1}"		{'confidence': 0.1, 'domain': 'unrouted', 'evidence_source': 'keyword', 'evidence_span': '法律控制', 'label_origin': 'machine_inferred', 'routing_only': True, 'source_level': 'B'}			1.333334	"{""2023"":1,""2024"":1}"	FXZZ202303003;FXZZ202405013	A1/A2	pending_human_review
a20923d6c644dc1d8683	处理规则	cross_paper_discovery	bounded_chinese_ngram_maximal_repeat	2	2	2;3	"{""1"":0,""2"":1,""3"":1}"		{'confidence': 0.1, 'domain': 'unrouted', 'evidence_source': 'keyword', 'evidence_span': '法律治理', 'label_origin': 'machine_inferred', 'routing_only': True, 'source_level': 'B'}		internal_fragment	0.875	"{""2023"":2}"	FXZZ202307013;FXZZ202312010	A1/A2	pending_human_review
e9549f0fce844f2e0957	处罚决定	cross_paper_discovery	bounded_chinese_ngram_maximal_repeat	3	3	1;2;3	"{""1"":7,""2"":6,""3"":5}"	程序审查;规范依据	{'confidence': 0.1, 'domain': 'unrouted', 'evidence_source': 'keyword', 'evidence_span': '法律控制', 'label_origin': 'machine_inferred', 'routing_only': True, 'source_level': 'B'};{'confidence': 0.68, 'domain': '程序法', 'evidence_source': 'keyword', 'evidence_span': '特别程序', 'label_origin': 'machine_inferred', 'routing_only': True, 'source_level': 'B'}		internal_fragment	0.875	"{""2023"":17,""2024"":1}"	FXZZ202303003;FXZZ202309005;FXZZ202406004	A1/A2	pending_human_review
5a0c3f9732439b250ced	处罚原则	cross_paper_discovery	bounded_chinese_ngram_maximal_repeat	2	2	2	"{""1"":0,""2"":2,""3"":0}"		{'confidence': 0.1, 'domain': 'unrouted', 'evidence_source': 'keyword', 'evidence_span': '立法技术', 'label_origin': 'machine_inferred', 'routing_only': True, 'source_level': 'B'}		internal_fragment	0.875	"{""2023"":2}"	FXZZ202301006;FXZZ202309006	A1/A2	pending_human_review
9713f601b05ca202d96d	处罚范围	cross_paper_discovery	bounded_chinese_ngram_maximal_repeat	3	3	1;2;3	"{""1"":1,""2"":2,""3"":1}"	构成要件;规范依据	{'confidence': 0.1, 'domain': 'unrouted', 'evidence_source': 'keyword', 'evidence_span': '犯罪故意', 'label_origin': 'machine_inferred', 'routing_only': True, 'source_level': 'B'};{'confidence': 0.66, 'domain': '规范理论', 'evidence_source': 'keyword', 'evidence_span': '行为规范', 'label_origin': 'machine_inferred', 'routing_only': True, 'source_level': 'B'};{'confidence': 0.68, 'domain': '侵权责任', 'evidence_source': 'keyword', 'evidence_span': '监护人责任', 'label_origin': 'machine_inferred', 'routing_only': True, 'source_level': 'B'};{'confidence': 0.68, 'domain': '程序法', 'evidence_source': 'keyword', 'evidence_span': '裁判规范', 'label_origin': 'machine_inferred', 'routing_only': True, 'source_level': 'B'}		internal_fragment	1.125	"{""2023"":3,""2024"":1}"	FXZZ202303005;FXZZ202310007;FXZZ202401008	A1/A2	pending_human_review
d8d0615c6577c9f51fe6	备案审查	cross_paper_discovery	bounded_chinese_ngram_maximal_repeat	2	2	1;2;3	"{""1"":4,""2"":3,""3"":1}"	程序审查;规范依据	{'confidence': 0.1, 'domain': 'unrouted', 'evidence_source': 'keyword', 'evidence_span': '法律技术', 'label_origin': 'machine_inferred', 'routing_only': True, 'source_level': 'B'}		internal_fragment;lexical_support;low_wordhood_score	0.65625	"{""2024"":8}"	FXZZ202404002;FXZZ202407005	A1/A2	pending_human_review
badf7064cd67e9c33368	备的法	cross_paper_discovery	bounded_chinese_ngram_maximal_repeat	2	2	2;3	"{""1"":0,""2"":1,""3"":1}"	制度构建;规范依据	{'confidence': 0.1, 'domain': 'unrouted', 'evidence_source': 'keyword', 'evidence_span': '数字正义', 'label_origin': 'machine_inferred', 'routing_only': True, 'source_level': 'B'}		internal_fragment	1.333334	"{""2024"":2}"	FXZZ202401002;FXZZ202405002	A1/A2	pending_human_review
3799e20873d82d3a3a7d	复制权	cross_paper_discovery	bounded_chinese_ngram_maximal_repeat	2	2	2	"{""1"":0,""2"":2,""3"":0}"	程序审查	{'confidence': 0.1, 'domain': 'unrouted', 'evidence_source': 'keyword', 'evidence_span': '加速到期', 'label_origin': 'machine_inferred', 'routing_only': True, 'source_level': 'B'}		internal_fragment	1.333334	"{""2023"":2}"	FXZZ202308007;FXZZ202311012	A1/A2	pending_human_review
3364fb90b505793a4d38	复合型	cross_paper_discovery	bounded_chinese_ngram_maximal_repeat	2	2	2;3	"{""1"":0,""2"":1,""3"":1}"		{'confidence': 0.1, 'domain': 'unrouted', 'evidence_source': 'keyword', 'evidence_span': '双边冲突规则', 'label_origin': 'machine_inferred', 'routing_only': True, 'source_level': 'B'};{'confidence': 0.68, 'domain': '程序法', 'evidence_source': 'keyword', 'evidence_span': '程序问题', 'label_origin': 'machine_inferred', 'routing_only': True, 'source_level': 'B'}		internal_fragment	1.333334	"{""2023"":1,""2024"":1}"	FXZZ202308012;FXZZ202407005	A1/A2	pending_human_review
330bd9670f7f51b3b070	复杂性	cross_paper_discovery	bounded_chinese_ngram_maximal_repeat	2	2	2;3	"{""1"":0,""2"":1,""3"":1}"		{'confidence': 0.1, 'domain': 'unrouted', 'evidence_source': 'keyword', 'evidence_span': '简约性原则', 'label_origin': 'machine_inferred', 'routing_only': True, 'source_level': 'B'}		internal_fragment	1.333334	"{""2023"":2}"	FXZZ202306010;FXZZ202307014	A1/A2	pending_human_review
1b3605c851eeada1b8f9	多元化	cross_paper_discovery	bounded_chinese_ngram_maximal_repeat	3	3	2	"{""1"":0,""2"":3,""3"":0}"	制度构建;权利救济;规范依据	{'confidence': 0.1, 'domain': 'unrouted', 'evidence_source': 'keyword', 'evidence_span': '法的安定性', 'label_origin': 'machine_inferred', 'routing_only': True, 'source_level': 'B'};{'confidence': 0.68, 'domain': '程序法', 'evidence_source': 'keyword', 'evidence_span': '正当裁判', 'label_origin': 'machine_inferred', 'routing_only': True, 'source_level': 'B'}		internal_fragment	2.0	"{""2023"":3}"	FXZZ202310002;FXZZ202311012;FXZZ202312002	A1/A2	pending_human_review
4be3c18d30ede9557cf5	多元立法	cross_paper_discovery	bounded_chinese_ngram_maximal_repeat	2	2	3	"{""1"":0,""2"":0,""3"":2}"		{'confidence': 0.1, 'domain': 'unrouted', 'evidence_source': 'keyword', 'evidence_span': '主体间互动', 'label_origin': 'machine_inferred', 'routing_only': True, 'source_level': 'B'}		internal_fragment	1.0	"{""2023"":2}"	FXZZ202311007;FXZZ202311013	A1/A2	pending_human_review
dd33b2e0e9df6d9d216f	多样性	cross_paper_discovery	bounded_chinese_ngram_maximal_repeat	2	2	3	"{""1"":0,""2"":0,""3"":2}"		{'confidence': 0.1, 'domain': 'unrouted', 'evidence_source': 'keyword', 'evidence_span': '简约性原则', 'label_origin': 'machine_inferred', 'routing_only': True, 'source_level': 'B'}		internal_fragment	1.333334	"{""2023"":1,""2024"":1}"	FXZZ202306010;FXZZ202406006	A1/A2	pending_human_review
79abf76abceedee673f8	失职罪	cross_paper_discovery	bounded_chinese_ngram_maximal_repeat	2	2	1;2;3	"{""1"":1,""2"":5,""3"":3}"	构成要件;规范依据	{'confidence': 0.1, 'domain': 'unrouted', 'evidence_source': 'keyword', 'evidence_span': '立法技术', 'label_origin': 'machine_inferred', 'routing_only': True, 'source_level': 'B'}		internal_fragment	0.925926	"{""2023"":9}"	FXZZ202301006;FXZZ202305006	A1/A2	pending_human_review
99a28b5142b3c6343c5c	如何理解	cross_paper_discovery	bounded_chinese_ngram_maximal_repeat	2	2	2;3	"{""1"":0,""2"":1,""3"":1}"		{'confidence': 0.1, 'domain': 'unrouted', 'evidence_source': 'keyword', 'evidence_span': '刑法价值', 'label_origin': 'machine_inferred', 'routing_only': True, 'source_level': 'B'}			1.0	"{""2024"":2}"	FXZZ202406005;FXZZ202407001	A1/A2	pending_human_review
38768d274e63a2cda4a3	妥当性	cross_paper_discovery	bounded_chinese_ngram_maximal_repeat	2	2	3	"{""1"":0,""2"":0,""3"":2}"		{'confidence': 0.1, 'domain': 'unrouted', 'evidence_source': 'keyword', 'evidence_span': '不合理的对待', 'label_origin': 'machine_inferred', 'routing_only': True, 'source_level': 'B'};{'confidence': 0.66, 'domain': '规范理论', 'evidence_source': 'keyword', 'evidence_span': '规范自身平等', 'label_origin': 'machine_inferred', 'routing_only': True, 'source_level': 'B'}			1.333334	"{""2023"":2}"	FXZZ202302003;FXZZ202312006	A1/A2	pending_human_review
93f3b6e5369249d20b77	委员会	cross_paper_discovery	bounded_chinese_ngram_maximal_repeat	4	4	1;2;3	"{""1"":2,""2"":3,""3"":6}"	程序审查	{'confidence': 0.1, 'domain': 'unrouted', 'evidence_source': 'keyword', 'evidence_span': '法教义学', 'label_origin': 'machine_inferred', 'routing_only': True, 'source_level': 'B'};{'confidence': 0.68, 'domain': '程序法', 'evidence_source': 'keyword', 'evidence_span': '程序正当原则', 'label_origin': 'machine_inferred', 'routing_only': True, 'source_level': 'B'}		internal_fragment	2.060606	"{""2023"":11}"	FXZZ202304014;FXZZ202305011;FXZZ202307007;FXZZ202309003	A1/A2	pending_human_review
cd30513f8e373922965f	委托代	cross_paper_discovery	bounded_chinese_ngram_maximal_repeat	2	2	3	"{""1"":0,""2"":0,""3"":2}"		{'confidence': 0.1, 'domain': 'unrouted', 'evidence_source': 'keyword', 'evidence_span': '罪量要素', 'label_origin': 'machine_inferred', 'routing_only': True, 'source_level': 'B'}		internal_fragment	1.333334	"{""2023"":2}"	FXZZ202304004;FXZZ202305013	A1/A2	pending_human_review
0d0b30c909f5d06e5f2b	存在明显	cross_paper_discovery	bounded_chinese_ngram_maximal_repeat	2	2	3	"{""1"":0,""2"":0,""3"":2}"		{'confidence': 0.1, 'domain': 'unrouted', 'evidence_source': 'keyword', 'evidence_span': '刑法保障', 'label_origin': 'machine_inferred', 'routing_only': True, 'source_level': 'B'}		internal_fragment	1.0	"{""2023"":2}"	FXZZ202301007;FXZZ202307006	A1/A2	pending_human_review
438fcc3a3b202ae3dea7	存在的问题	cross_paper_discovery	bounded_chinese_ngram_maximal_repeat	4	4	1;2;3	"{""1"":2,""2"":1,""3"":1}"	程序审查	{'confidence': 0.1, 'domain': 'unrouted', 'evidence_source': 'keyword', 'evidence_span': '法律方法', 'label_origin': 'machine_inferred', 'routing_only': True, 'source_level': 'B'};{'confidence': 0.68, 'domain': '程序法', 'evidence_source': 'keyword', 'evidence_span': '裁判要点', 'label_origin': 'machine_inferred', 'routing_only': True, 'source_level': 'B'}		function_fragment;internal_fragment	1.3	"{""2023"":3,""2024"":1}"	FXZZ202302002;FXZZ202304008;FXZZ202304014;FXZZ202404003	A1/A2	pending_human_review
c8f3e90c12467464bd35	学与法	cross_paper_discovery	bounded_chinese_ngram_maximal_repeat	2	2	2	"{""1"":0,""2"":2,""3"":0}"		{'confidence': 0.1, 'domain': 'unrouted', 'evidence_source': 'keyword', 'evidence_span': '结构功能主义', 'label_origin': 'machine_inferred', 'routing_only': True, 'source_level': 'B'};{'confidence': 0.68, 'domain': '程序法', 'evidence_source': 'keyword', 'evidence_span': '义务性程序兜底条款', 'label_origin': 'machine_inferred', 'routing_only': True, 'source_level': 'B'}		internal_fragment	1.333334	"{""2024"":2}"	FXZZ202403012;FXZZ202405004	A1/A2	pending_human_review
a1f367a2ce11e801851f	学分析	cross_paper_discovery	bounded_chinese_ngram_maximal_repeat	2	2	1;2	"{""1"":1,""2"":1,""3"":0}"		{'confidence': 0.1, 'domain': 'unrouted', 'evidence_source': 'keyword', 'evidence_span': '可携带权', 'label_origin': 'machine_inferred', 'routing_only': True, 'source_level': 'B'}		internal_fragment	1.166667	"{""2023"":1,""2024"":1}"	FXZZ202311011;FXZZ202405007	A1/A2	pending_human_review
a3c1b67ec377e0ae7a4b	学理分歧	cross_paper_discovery	bounded_chinese_ngram_maximal_repeat	2	2	2	"{""1"":0,""2"":2,""3"":0}"		{'confidence': 0.1, 'domain': 'unrouted', 'evidence_source': 'keyword', 'evidence_span': '消费者权益保护法', 'label_origin': 'machine_inferred', 'routing_only': True, 'source_level': 'B'}		internal_fragment	0.875	"{""2023"":2}"	FXZZ202306012;FXZZ202312003	A1/A2	pending_human_review
b4b4e19fb0b64aaa2d25	学研究	cross_paper_discovery	bounded_chinese_ngram_maximal_repeat	3	3	1;2	"{""1"":3,""2"":2,""3"":0}"		{'confidence': 0.1, 'domain': 'unrouted', 'evidence_source': 'keyword', 'evidence_span': '税收公平', 'label_origin': 'machine_inferred', 'routing_only': True, 'source_level': 'B'}		internal_fragment	1.5	"{""2023"":3,""2024"":2}"	FXZZ202305012;FXZZ202403012;FXZZ202412003	A1/A2	pending_human_review
7e050f1cafda25da4291	学说梳理	cross_paper_discovery	bounded_chinese_ngram_maximal_repeat	2	2	1;2	"{""1"":1,""2"":1,""3"":0}"		{'confidence': 0.1, 'domain': 'unrouted', 'evidence_source': 'keyword', 'evidence_span': '平台用工', 'label_origin': 'machine_inferred', 'routing_only': True, 'source_level': 'B'}		internal_fragment	1.0	"{""2023"":1,""2026"":1}"	FXZZ202306011;FXZZ202607004	A1/A2	pending_human_review
891f0ae465e642a837b1	宅基地资格权	cross_paper_discovery	bounded_chinese_ngram_maximal_repeat	2	2	1;2;3	"{""1"":3,""2"":12,""3"":1}"		{'confidence': 0.1, 'domain': 'unrouted', 'evidence_source': 'keyword', 'evidence_span': '纠纷解决体系', 'label_origin': 'machine_inferred', 'routing_only': True, 'source_level': 'B'}		internal_fragment;low_wordhood_score	0.499999	"{""2023"":13,""2024"":3}"	FXZZ202311003;FXZZ202405010	A1/A2	pending_human_review
7a6704f106f870d16d50	安全保	cross_paper_discovery	bounded_chinese_ngram_maximal_repeat	3	3	2;3	"{""1"":0,""2"":1,""3"":2}"		{'confidence': 0.1, 'domain': 'unrouted', 'evidence_source': 'keyword', 'evidence_span': '立法技术', 'label_origin': 'machine_inferred', 'routing_only': True, 'source_level': 'B'};{'confidence': 0.66, 'domain': '比较法', 'evidence_source': 'keyword', 'evidence_span': '国际投资协定', 'label_origin': 'machine_inferred', 'routing_only': True, 'source_level': 'B'}		internal_fragment	1.833333	"{""2023"":1,""2024"":2}"	FXZZ202301006;FXZZ202406006;FXZZ202407012	A1/A2	pending_human_review
6dceb02fc5acd2b186ef	安全保障	cross_paper_discovery	bounded_chinese_ngram_maximal_repeat	2	2	3	"{""1"":0,""2"":0,""3"":2}"		{'confidence': 0.1, 'domain': 'unrouted', 'evidence_source': 'keyword', 'evidence_span': '刑罚适用', 'label_origin': 'machine_inferred', 'routing_only': True, 'source_level': 'B'};{'confidence': 0.66, 'domain': '比较法', 'evidence_source': 'keyword', 'evidence_span': '国际投资协定', 'label_origin': 'machine_inferred', 'routing_only': True, 'source_level': 'B'}		internal_fragment	1.0	"{""2024"":2}"	FXZZ202406006;FXZZ202407012	A1/A2	pending_human_review
a524c974d95647a9e04f	安定性	cross_paper_discovery	bounded_chinese_ngram_maximal_repeat	2	2	2;3	"{""1"":0,""2"":3,""3"":1}"	程序审查;规范依据	{'confidence': 0.1, 'domain': 'unrouted', 'evidence_source': 'keyword', 'evidence_span': '行政管理体制', 'label_origin': 'machine_inferred', 'routing_only': True, 'source_level': 'B'}		internal_fragment	1.083334	"{""2023"":3,""2024"":1}"	FXZZ202310003;FXZZ202405005	A1/A2	pending_human_review
c9ba68c041b1657cf934	完善专	cross_paper_discovery	bounded_chinese_ngram_maximal_repeat	2	2	2;3	"{""1"":0,""2"":1,""3"":1}"	制度构建;证据证明	{'confidence': 0.1, 'domain': 'unrouted', 'evidence_source': 'keyword', 'evidence_span': '惩罚机制', 'label_origin': 'machine_inferred', 'routing_only': True, 'source_level': 'B'};{'confidence': 0.68, 'domain': '程序法', 'evidence_source': 'keyword', 'evidence_span': '检察公益诉讼', 'label_origin': 'machine_inferred', 'routing_only': True, 'source_level': 'B'}		internal_fragment	1.166667	"{""2023"":1,""2026"":1}"	FXZZ202309011;FXZZ202607003	A1/A2	pending_human_review
7bbff45b8e64e4c8b281	完善中国	cross_paper_discovery	bounded_chinese_ngram_maximal_repeat	2	2	1;3	"{""1"":1,""2"":0,""3"":1}"	制度构建	{'confidence': 0.1, 'domain': 'unrouted', 'evidence_source': 'keyword', 'evidence_span': '数字正义', 'label_origin': 'machine_inferred', 'routing_only': True, 'source_level': 'B'}		internal_fragment	1.0	"{""2024"":2}"	FXZZ202401002;FXZZ202405002	A1/A2	pending_human_review
b2856425395d976132dc	完善生	cross_paper_discovery	bounded_chinese_ngram_maximal_repeat	3	3	2;3	"{""1"":0,""2"":2,""3"":1}"	制度构建	{'confidence': 0.1, 'domain': 'unrouted', 'evidence_source': 'keyword', 'evidence_span': '分配功能', 'label_origin': 'machine_inferred', 'routing_only': True, 'source_level': 'B'};{'confidence': 0.66, 'domain': '规范理论', 'evidence_source': 'keyword', 'evidence_span': '规范解构', 'label_origin': 'machine_inferred', 'routing_only': True, 'source_level': 'B'}		internal_fragment	1.833333	"{""2023"":1,""2024"":2}"	FXZZ202304012;FXZZ202405002;FXZZ202406006	A1/A2	pending_human_review
262cb1b5a2a17cc226a3	完善生态	cross_paper_discovery	bounded_chinese_ngram_maximal_repeat	2	2	2	"{""1"":0,""2"":2,""3"":0}"		{'confidence': 0.1, 'domain': 'unrouted', 'evidence_source': 'keyword', 'evidence_span': '法律方法论', 'label_origin': 'machine_inferred', 'routing_only': True, 'source_level': 'B'}		internal_fragment	1.0	"{""2024"":2}"	FXZZ202405002;FXZZ202406006	A1/A2	pending_human_review
de1c6e6f5f73dab59cd2	完善财	cross_paper_discovery	bounded_chinese_ngram_maximal_repeat	2	2	2	"{""1"":0,""2"":4,""3"":0}"	制度构建	{'confidence': 0.1, 'domain': 'unrouted', 'evidence_source': 'keyword', 'evidence_span': '税收争议解决', 'label_origin': 'machine_inferred', 'routing_only': True, 'source_level': 'B'};{'confidence': 0.66, 'domain': '比较法', 'evidence_source': 'keyword', 'evidence_span': '国际税收协调', 'label_origin': 'machine_inferred', 'routing_only': True, 'source_level': 'B'};{'confidence': 0.68, 'domain': '程序法', 'evidence_source': 'keyword', 'evidence_span': '相互协商程序', 'label_origin': 'machine_inferred', 'routing_only': True, 'source_level': 'B'};{'confidence': 0.76, 'domain': '仲裁法', 'evidence_source': 'keyword', 'evidence_span': '税收仲裁', 'label_origin': 'machine_inferred', 'routing_only': True, 'source_level': 'B'}		internal_fragment	0.916667	"{""2023"":1,""2024"":3}"	FXZZ202304013;FXZZ202407012	A1/A2	pending_human_review
e0f6c8b6529b2a5ea050	完善路径	cross_paper_discovery	bounded_chinese_ngram_maximal_repeat	2	2	1	"{""1"":2,""2"":0,""3"":0}"	程序审查	{'confidence': 0.1, 'domain': 'unrouted', 'evidence_source': 'keyword', 'evidence_span': '法律方法', 'label_origin': 'machine_inferred', 'routing_only': True, 'source_level': 'B'};{'confidence': 0.68, 'domain': '程序法', 'evidence_source': 'keyword', 'evidence_span': '裁判要点', 'label_origin': 'machine_inferred', 'routing_only': True, 'source_level': 'B'}		generic_container;internal_fragment;low_wordhood_score	0.75	"{""2023"":1,""2024"":1}"	FXZZ202302002;FXZZ202404003	A1/A2	pending_human_review
5f770223775e7d276480	完整性	cross_paper_discovery	bounded_chinese_ngram_maximal_repeat	2	2	2	"{""1"":0,""2"":2,""3"":0}"	程序审查;规范依据	{'confidence': 0.1, 'domain': 'unrouted', 'evidence_source': 'keyword', 'evidence_span': '透明度', 'label_origin': 'machine_inferred', 'routing_only': True, 'source_level': 'B'};{'confidence': 0.66, 'domain': '比较法', 'evidence_source': 'keyword', 'evidence_span': '国际经贸合作', 'label_origin': 'machine_inferred', 'routing_only': True, 'source_level': 'B'}		internal_fragment	1.166667	"{""2023"":1,""2024"":1}"	FXZZ202302012;FXZZ202405005	A1/A2	pending_human_review
e55d05a2e241b4bab9d8	定为行	cross_paper_discovery	bounded_chinese_ngram_maximal_repeat	2	2	2;3	"{""1"":0,""2"":2,""3"":1}"		{'confidence': 0.1, 'domain': 'unrouted', 'evidence_source': 'keyword', 'evidence_span': '犯罪故意', 'label_origin': 'machine_inferred', 'routing_only': True, 'source_level': 'B'};{'confidence': 0.66, 'domain': '规范理论', 'evidence_source': 'keyword', 'evidence_span': '行为规范', 'label_origin': 'machine_inferred', 'routing_only': True, 'source_level': 'B'};{'confidence': 0.68, 'domain': '程序法', 'evidence_source': 'keyword', 'evidence_span': '裁判规范', 'label_origin': 'machine_inferred', 'routing_only': True, 'source_level': 'B'}		internal_fragment	1.222223	"{""2023"":2,""2024"":1}"	FXZZ202303005;FXZZ202412005	A1/A2	pending_human_review
077e76631b86b1cfd7d4	定依据	cross_paper_discovery	bounded_chinese_ngram_maximal_repeat	2	2	2	"{""1"":0,""2"":2,""3"":0}"		{'confidence': 0.1, 'domain': 'unrouted', 'evidence_source': 'keyword', 'evidence_span': '立法技术', 'label_origin': 'machine_inferred', 'routing_only': True, 'source_level': 'B'}		internal_fragment	1.166667	"{""2023"":1,""2024"":1}"	FXZZ202301006;FXZZ202403005	A1/A2	pending_human_review
e9a9d87e67979df17e8e	定信息	cross_paper_discovery	bounded_chinese_ngram_maximal_repeat	2	2	2	"{""1"":0,""2"":2,""3"":0}"		{'confidence': 0.1, 'domain': 'unrouted', 'evidence_source': 'keyword', 'evidence_span': '利益衡量', 'label_origin': 'machine_inferred', 'routing_only': True, 'source_level': 'B'}		internal_fragment	1.333334	"{""2023"":2}"	FXZZ202301005;FXZZ202306012	A1/A2	pending_human_review
d7331391595003f6b30f	定性原则	cross_paper_discovery	bounded_chinese_ngram_maximal_repeat	2	2	2;3	"{""1"":0,""2"":1,""3"":1}"		{'confidence': 0.1, 'domain': 'unrouted', 'evidence_source': 'keyword', 'evidence_span': '简约性原则', 'label_origin': 'machine_inferred', 'routing_only': True, 'source_level': 'B'}		internal_fragment	1.0	"{""2023"":1,""2024"":1}"	FXZZ202306010;FXZZ202405008	A1/A2	pending_human_review
86a275445998ac8291d3	定提供	cross_paper_discovery	bounded_chinese_ngram_maximal_repeat	2	2	2;3	"{""1"":0,""2"":4,""3"":1}"		{'confidence': 0.1, 'domain': 'unrouted', 'evidence_source': 'keyword', 'evidence_span': '民事代理', 'label_origin': 'machine_inferred', 'routing_only': True, 'source_level': 'B'};{'confidence': 0.68, 'domain': '程序法', 'evidence_source': 'keyword', 'evidence_span': '程序问题', 'label_origin': 'machine_inferred', 'routing_only': True, 'source_level': 'B'}		internal_fragment	0.933334	"{""2023"":5}"	FXZZ202307007;FXZZ202308012	A1/A2	pending_human_review
11549a163c4adb97a92d	定权限	cross_paper_discovery	bounded_chinese_ngram_maximal_repeat	2	2	1;2	"{""1"":5,""2"":4,""3"":0}"	比较法;研究结论	{'confidence': 0.1, 'domain': 'unrouted', 'evidence_source': 'keyword', 'evidence_span': '不当联结禁止', 'label_origin': 'machine_inferred', 'routing_only': True, 'source_level': 'B'};{'confidence': 0.66, 'domain': '规范理论', 'evidence_source': 'keyword', 'evidence_span': '保护性规范', 'label_origin': 'machine_inferred', 'routing_only': True, 'source_level': 'B'}		internal_fragment	0.851852	"{""2024"":9}"	FXZZ202403004;FXZZ202407008	A1/A2	pending_human_review
4f38809a18e9a1b22fb9	定条件	cross_paper_discovery	bounded_chinese_ngram_maximal_repeat	2	2	2	"{""1"":0,""2"":2,""3"":0}"		{'confidence': 0.1, 'domain': 'unrouted', 'evidence_source': 'keyword', 'evidence_span': '监察范围', 'label_origin': 'machine_inferred', 'routing_only': True, 'source_level': 'B'}		internal_fragment	1.333334	"{""2023"":2}"	FXZZ202307006;FXZZ202312004	A1/A2	pending_human_review
760f73e172cf5cd109c1	定标准	cross_paper_discovery	bounded_chinese_ngram_maximal_repeat	8	8	1;2;3	"{""1"":1,""2"":3,""3"":4}"	程序审查;证据证明	{'confidence': 0.1, 'domain': 'unrouted', 'evidence_source': 'keyword', 'evidence_span': '透明度', 'label_origin': 'machine_inferred', 'routing_only': True, 'source_level': 'B'};{'confidence': 0.66, 'domain': '比较法', 'evidence_source': 'keyword', 'evidence_span': '国际经贸合作', 'label_origin': 'machine_inferred', 'routing_only': True, 'source_level': 'B'};{'confidence': 0.72, 'domain': '合同法', 'evidence_source': 'keyword', 'evidence_span': '违约金', 'label_origin': 'machine_inferred', 'routing_only': True, 'source_level': 'B'}		internal_fragment	4.500001	"{""2023"":7,""2024"":1}"	FXZZ202302012;FXZZ202304004;FXZZ202306007;FXZZ202307007;FXZZ202308007;FXZZ202309008;FXZZ202309011;FXZZ202412013	A1/A2	pending_human_review
ec62194f09644ff981a3	定法律	cross_paper_discovery	bounded_chinese_ngram_maximal_repeat	3	3	2	"{""1"":0,""2"":3,""3"":0}"	规范依据	{'confidence': 0.1, 'domain': 'unrouted', 'evidence_source': 'keyword', 'evidence_span': '合目的性改革', 'label_origin': 'machine_inferred', 'routing_only': True, 'source_level': 'B'}		internal_fragment	2.0	"{""2023"":1,""2024"":1,""2026"":1}"	FXZZ202301004;FXZZ202406008;FXZZ202607007	A1/A2	pending_human_review
9b8e71acd907106d943c	定的具体	cross_paper_discovery	bounded_chinese_ngram_maximal_repeat	2	2	2	"{""1"":0,""2"":2,""3"":0}"	规范依据	{'confidence': 0.1, 'domain': 'unrouted', 'evidence_source': 'keyword', 'evidence_span': '合目的性改革', 'label_origin': 'machine_inferred', 'routing_only': True, 'source_level': 'B'};{'confidence': 0.72, 'domain': '合同法', 'evidence_source': 'keyword', 'evidence_span': '违约金调整', 'label_origin': 'machine_inferred', 'routing_only': True, 'source_level': 'B'}		internal_fragment	1.0	"{""2023"":1,""2026"":1}"	FXZZ202301004;FXZZ202607006	A1/A2	pending_human_review
3578e74fad75b31abfbb	定的合	cross_paper_discovery	bounded_chinese_ngram_maximal_repeat	2	2	1;2	"{""1"":1,""2"":1,""3"":0}"	程序审查	{'confidence': 0.1, 'domain': 'unrouted', 'evidence_source': 'keyword', 'evidence_span': '刑法处罚早期化', 'label_origin': 'machine_inferred', 'routing_only': True, 'source_level': 'B'}		internal_fragment	1.333334	"{""2023"":1,""2024"":1}"	FXZZ202308005;FXZZ202403002	A1/A2	pending_human_review
25ed15b163ce8d9c0a33	定的基	cross_paper_discovery	bounded_chinese_ngram_maximal_repeat	2	2	2	"{""1"":0,""2"":2,""3"":0}"		{'confidence': 0.1, 'domain': 'unrouted', 'evidence_source': 'keyword', 'evidence_span': '犯罪故意', 'label_origin': 'machine_inferred', 'routing_only': True, 'source_level': 'B'};{'confidence': 0.66, 'domain': '规范理论', 'evidence_source': 'keyword', 'evidence_span': '行为规范', 'label_origin': 'machine_inferred', 'routing_only': True, 'source_level': 'B'};{'confidence': 0.68, 'domain': '程序法', 'evidence_source': 'keyword', 'evidence_span': '裁判规范', 'label_origin': 'machine_inferred', 'routing_only': True, 'source_level': 'B'}		internal_fragment	1.333334	"{""2023"":2}"	FXZZ202303005;FXZZ202307005	A1/A2	pending_human_review
23ccaa46855286713ca3	定的局	cross_paper_discovery	bounded_chinese_ngram_maximal_repeat	2	2	2;3	"{""1"":0,""2"":1,""3"":1}"		{'confidence': 0.1, 'domain': 'unrouted', 'evidence_source': 'keyword', 'evidence_span': '刑法保障', 'label_origin': 'machine_inferred', 'routing_only': True, 'source_level': 'B'}		internal_fragment	1.333334	"{""2023"":2}"	FXZZ202301007;FXZZ202309011	A1/A2	pending_human_review
a258c778c5553488965b	定的影响	cross_paper_discovery	bounded_chinese_ngram_maximal_repeat	3	3	1	"{""1"":3,""2"":0,""3"":0}"		{'confidence': 0.1, 'domain': 'unrouted', 'evidence_source': 'keyword', 'evidence_span': '法律定义', 'label_origin': 'machine_inferred', 'routing_only': True, 'source_level': 'B'};{'confidence': 0.68, 'domain': '程序法', 'evidence_source': 'keyword', 'evidence_span': '诉讼权利', 'label_origin': 'machine_inferred', 'routing_only': True, 'source_level': 'B'}		internal_fragment	1.125	"{""2023"":2,""2024"":1}"	FXZZ202304009;FXZZ202307005;FXZZ202406007	A1/A2	pending_human_review
07aa4c8a2f9f5bb19446	定的必要	cross_paper_discovery	bounded_chinese_ngram_maximal_repeat	2	2	2;3	"{""1"":0,""2"":1,""3"":1}"		{'confidence': 0.1, 'domain': 'unrouted', 'evidence_source': 'keyword', 'evidence_span': '不足禁止', 'label_origin': 'machine_inferred', 'routing_only': True, 'source_level': 'B'}		internal_fragment	1.0	"{""2023"":1,""2024"":1}"	FXZZ202307014;FXZZ202412005	A1/A2	pending_human_review
e178f53d7e844243ff89	定的方	cross_paper_discovery	bounded_chinese_ngram_maximal_repeat	2	2	1;2	"{""1"":1,""2"":4,""3"":0}"		{'confidence': 0.1, 'domain': 'unrouted', 'evidence_source': 'keyword', 'evidence_span': '主动预防理念', 'label_origin': 'machine_inferred', 'routing_only': True, 'source_level': 'B'}		internal_fragment	0.933334	"{""2023"":4,""2024"":1}"	FXZZ202307014;FXZZ202407009	A1/A2	pending_human_review
070be6532604c78c5462	定的权利	cross_paper_discovery	bounded_chinese_ngram_maximal_repeat	2	2	2;3	"{""1"":0,""2"":1,""3"":1}"		{'confidence': 0.1, 'domain': 'unrouted', 'evidence_source': 'keyword', 'evidence_span': '法律控制', 'label_origin': 'machine_inferred', 'routing_only': True, 'source_level': 'B'}		internal_fragment	1.0	"{""2023"":1,""2024"":1}"	FXZZ202303003;FXZZ202401005	A1/A2	pending_human_review
974e9d39076e2acf8f3c	定的程	cross_paper_discovery	bounded_chinese_ngram_maximal_repeat	3	3	2	"{""1"":0,""2"":3,""3"":0}"	程序审查;规范依据	{'confidence': 0.1, 'domain': 'unrouted', 'evidence_source': 'keyword', 'evidence_span': '利益衡量', 'label_origin': 'machine_inferred', 'routing_only': True, 'source_level': 'B'}		internal_fragment	1.666667	"{""2023"":3}"	FXZZ202301005;FXZZ202303003;FXZZ202312003	A1/A2	pending_human_review
cc6da4ce2395b6849af0	定的程序	cross_paper_discovery	bounded_chinese_ngram_maximal_repeat	2	2	2	"{""1"":0,""2"":2,""3"":0}"	程序审查;规范依据	{'confidence': 0.1, 'domain': 'unrouted', 'evidence_source': 'keyword', 'evidence_span': '法律控制', 'label_origin': 'machine_inferred', 'routing_only': True, 'source_level': 'B'}		internal_fragment	1.0	"{""2023"":2}"	FXZZ202303003;FXZZ202312003	A1/A2	pending_human_review
e0fdebdaef79eead39b0	定相关	cross_paper_discovery	bounded_chinese_ngram_maximal_repeat	2	2	3	"{""1"":0,""2"":0,""3"":4}"	证据证明	{'confidence': 0.1, 'domain': 'unrouted', 'evidence_source': 'keyword', 'evidence_span': '实质真实发现', 'label_origin': 'machine_inferred', 'routing_only': True, 'source_level': 'B'}		internal_fragment	1.000001	"{""2023"":4}"	FXZZ202307014;FXZZ202312009	A1/A2	pending_human_review
b18d15642374fd24000a	定程序	cross_paper_discovery	bounded_chinese_ngram_maximal_repeat	3	3	2;3	"{""1"":0,""2"":2,""3"":1}"	程序审查;规范依据	{'confidence': 0.1, 'domain': 'unrouted', 'evidence_source': 'keyword', 'evidence_span': '法律技术', 'label_origin': 'machine_inferred', 'routing_only': True, 'source_level': 'B'}		internal_fragment	1.833333	"{""2024"":3}"	FXZZ202404002;FXZZ202404005;FXZZ202406005	A1/A2	pending_human_review
6b31b8daca367829808f	宜限定	cross_paper_discovery	bounded_chinese_ngram_maximal_repeat	2	2	2;3	"{""1"":0,""2"":1,""3"":1}"	构成要件	{'confidence': 0.1, 'domain': 'unrouted', 'evidence_source': 'keyword', 'evidence_span': '监察范围', 'label_origin': 'machine_inferred', 'routing_only': True, 'source_level': 'B'}		internal_fragment	1.166667	"{""2023"":1,""2024"":1}"	FXZZ202307006;FXZZ202412005	A1/A2	pending_human_review
f87dd8fa599d7cd74cfc	实体性	cross_paper_discovery	bounded_chinese_ngram_maximal_repeat	2	2	2	"{""1"":0,""2"":2,""3"":0}"	规范依据	{'confidence': 0.1, 'domain': 'unrouted', 'evidence_source': 'keyword', 'evidence_span': '预防性法律制度', 'label_origin': 'machine_inferred', 'routing_only': True, 'source_level': 'B'};{'confidence': 0.68, 'domain': '程序法', 'evidence_source': 'keyword', 'evidence_span': '审查批准', 'label_origin': 'machine_inferred', 'routing_only': True, 'source_level': 'B'}		internal_fragment	1.166667	"{""2023"":2}"	FXZZ202305005;FXZZ202308004	A1/A2	pending_human_review
86f9ea578fbc99a9ee21	实体法	cross_paper_discovery	bounded_chinese_ngram_maximal_repeat	5	5	1;2;3	"{""1"":4,""2"":3,""3"":4}"	构成要件;规范依据	{'confidence': 0.1, 'domain': 'unrouted', 'evidence_source': 'keyword', 'evidence_span': '立法技术', 'label_origin': 'machine_inferred', 'routing_only': True, 'source_level': 'B'};{'confidence': 0.68, 'domain': '侵权责任', 'evidence_source': 'keyword', 'evidence_span': '损害赔偿', 'label_origin': 'machine_inferred', 'routing_only': True, 'source_level': 'B'}		internal_fragment	2.5	"{""2023"":8,""2024"":3}"	FXZZ202301006;FXZZ202302013;FXZZ202308013;FXZZ202312009;FXZZ202406009	A1/A2	pending_human_review
0730a25133d8ca11fe70	实体法问题	cross_paper_discovery	bounded_chinese_ngram_maximal_repeat	2	2	1;3	"{""1"":1,""2"":0,""3"":1}"		{'confidence': 0.1, 'domain': 'unrouted', 'evidence_source': 'keyword', 'evidence_span': '海洋环境保护', 'label_origin': 'machine_inferred', 'routing_only': True, 'source_level': 'B'};{'confidence': 0.68, 'domain': '侵权责任', 'evidence_source': 'keyword', 'evidence_span': '损害赔偿', 'label_origin': 'machine_inferred', 'routing_only': True, 'source_level': 'B'}		internal_fragment;low_wordhood_score	0.6	"{""2023"":2}"	FXZZ202302013;FXZZ202312009	A1/A2	pending_human_review
440fba6b654b20ac3aaa	实基础	cross_paper_discovery	bounded_chinese_ngram_maximal_repeat	5	5	1;2;3	"{""1"":1,""2"":3,""3"":1}"		{'confidence': 0.1, 'domain': 'unrouted', 'evidence_source': 'keyword', 'evidence_span': '罪量要素', 'label_origin': 'machine_inferred', 'routing_only': True, 'source_level': 'B'};{'confidence': 0.68, 'domain': '程序法', 'evidence_source': 'keyword', 'evidence_span': '程序问题', 'label_origin': 'machine_inferred', 'routing_only': True, 'source_level': 'B'}		internal_fragment	2.5	"{""2023"":3,""2024"":2}"	FXZZ202304004;FXZZ202304011;FXZZ202308012;FXZZ202406011;FXZZ202406013	A1/A2	pending_human_review
b21a3d4d1eb1c2090c14	实定法	cross_paper_discovery	bounded_chinese_ngram_maximal_repeat	2	2	1;2	"{""1"":1,""2"":3,""3"":0}"	规范依据	{'confidence': 0.1, 'domain': 'unrouted', 'evidence_source': 'keyword', 'evidence_span': '不当联结禁止', 'label_origin': 'machine_inferred', 'routing_only': True, 'source_level': 'B'};{'confidence': 0.68, 'domain': '程序法', 'evidence_source': 'keyword', 'evidence_span': '义务性程序兜底条款', 'label_origin': 'machine_inferred', 'routing_only': True, 'source_level': 'B'}		internal_fragment	1.166667	"{""2024"":4}"	FXZZ202403004;FXZZ202405004	A1/A2	pending_human_review
7fe180607f78fee273fa	实效性	cross_paper_discovery	bounded_chinese_ngram_maximal_repeat	2	2	2	"{""1"":0,""2"":3,""3"":0}"	规范依据	{'confidence': 0.1, 'domain': 'unrouted', 'evidence_source': 'keyword', 'evidence_span': '科技宪法', 'label_origin': 'machine_inferred', 'routing_only': True, 'source_level': 'B'}		internal_fragment	1.111112	"{""2023"":3}"	FXZZ202302004;FXZZ202303003	A1/A2	pending_human_review
e5056d9b195cbb467152	实现债权	cross_paper_discovery	bounded_chinese_ngram_maximal_repeat	2	2	2;3	"{""1"":0,""2"":2,""3"":2}"	程序审查	{'confidence': 0.1, 'domain': 'unrouted', 'evidence_source': 'keyword', 'evidence_span': '参与分配', 'label_origin': 'machine_inferred', 'routing_only': True, 'source_level': 'B'};{'confidence': 0.66, 'domain': '规范理论', 'evidence_source': 'keyword', 'evidence_span': '保护性规范', 'label_origin': 'machine_inferred', 'routing_only': True, 'source_level': 'B'}		internal_fragment;low_wordhood_score	0.6875	"{""2023"":3,""2024"":1}"	FXZZ202301009;FXZZ202407008	A1/A2	pending_human_review
6027fa62bf5e79b5cabe	实现方案	cross_paper_discovery	bounded_chinese_ngram_maximal_repeat	2	2	2;3	"{""1"":0,""2"":1,""3"":1}"		{'confidence': 0.1, 'domain': 'unrouted', 'evidence_source': 'keyword', 'evidence_span': '女性劳动权益保障', 'label_origin': 'machine_inferred', 'routing_only': True, 'source_level': 'B'};{'confidence': 0.72, 'domain': '合同法', 'evidence_source': 'keyword', 'evidence_span': '违约金调整', 'label_origin': 'machine_inferred', 'routing_only': True, 'source_level': 'B'}		internal_fragment;low_wordhood_score	0.75	"{""2023"":1,""2026"":1}"	FXZZ202304011;FXZZ202607006	A1/A2	pending_human_review
2f6a6f2cd570138c86a6	实现社会	cross_paper_discovery	bounded_chinese_ngram_maximal_repeat	2	2	2;3	"{""1"":0,""2"":1,""3"":1}"		{'confidence': 0.1, 'domain': 'unrouted', 'evidence_source': 'keyword', 'evidence_span': '“科学的”立法', 'label_origin': 'machine_inferred', 'routing_only': True, 'source_level': 'B'}		internal_fragment	1.0	"{""2023"":1,""2024"":1}"	FXZZ202301013;FXZZ202401003	A1/A2	pending_human_review
ea5702274fd8edbb401d	实现路径	cross_paper_discovery	bounded_chinese_ngram_maximal_repeat	5	5	1;2;3	"{""1"":3,""2"":1,""3"":1}"	规范依据	{'confidence': 0.1, 'domain': 'unrouted', 'evidence_source': 'keyword', 'evidence_span': '刑法保障', 'label_origin': 'machine_inferred', 'routing_only': True, 'source_level': 'B'};{'confidence': 0.68, 'domain': '程序法', 'evidence_source': 'keyword', 'evidence_span': '程序问题', 'label_origin': 'machine_inferred', 'routing_only': True, 'source_level': 'B'}		generic_container;internal_fragment	1.5	"{""2023"":4,""2026"":1}"	FXZZ202301007;FXZZ202304011;FXZZ202308012;FXZZ202311004;FXZZ202607005	A1/A2	pending_human_review
d8c24278a5dce704eb10	实行行	cross_paper_discovery	bounded_chinese_ngram_maximal_repeat	2	2	3	"{""1"":0,""2"":0,""3"":2}"		{'confidence': 0.1, 'domain': 'unrouted', 'evidence_source': 'keyword', 'evidence_span': '从宽处罚', 'label_origin': 'machine_inferred', 'routing_only': True, 'source_level': 'B'}		internal_fragment	1.166667	"{""2023"":2}"	FXZZ202305006;FXZZ202309007	A1/A2	pending_human_review
d798deb8c18d73f912f1	实证考察	cross_paper_discovery	bounded_chinese_ngram_maximal_repeat	2	2	1;3	"{""1"":1,""2"":0,""3"":1}"	制度构建	{'confidence': 0.1, 'domain': 'unrouted', 'evidence_source': 'keyword', 'evidence_span': '交互型研究范式', 'label_origin': 'machine_inferred', 'routing_only': True, 'source_level': 'B'};{'confidence': 0.72, 'domain': '合同法', 'evidence_source': 'keyword', 'evidence_span': '可诉请履行性', 'label_origin': 'machine_inferred', 'routing_only': True, 'source_level': 'B'}		internal_fragment;low_wordhood_score	0.75	"{""2023"":1,""2024"":1}"	FXZZ202302001;FXZZ202412009	A1/A2	pending_human_review
b1c2a42a7e3002e78309	实质性	cross_paper_discovery	bounded_chinese_ngram_maximal_repeat	3	3	2;3	"{""1"":0,""2"":2,""3"":1}"		{'confidence': 0.1, 'domain': 'unrouted', 'evidence_source': 'keyword', 'evidence_span': '共同行为', 'label_origin': 'machine_inferred', 'routing_only': True, 'source_level': 'B'}		internal_fragment	2.0	"{""2023"":2,""2024"":1}"	FXZZ202302011;FXZZ202311004;FXZZ202404006	A1/A2	pending_human_review
f1002619965cddd13df9	实质意义	cross_paper_discovery	bounded_chinese_ngram_maximal_repeat	2	2	1;2	"{""1"":1,""2"":1,""3"":0}"		{'confidence': 0.1, 'domain': 'unrouted', 'evidence_source': 'keyword', 'evidence_span': '损失分担', 'label_origin': 'machine_inferred', 'routing_only': True, 'source_level': 'B'}		internal_fragment	0.875	"{""2023"":1,""2024"":1}"	FXZZ202304007;FXZZ202404002	A1/A2	pending_human_review
ba6583863d9082a369e8	实质理	cross_paper_discovery	bounded_chinese_ngram_maximal_repeat	2	2	1;2	"{""1"":1,""2"":1,""3"":0}"		{'confidence': 0.1, 'domain': 'unrouted', 'evidence_source': 'keyword', 'evidence_span': '刑法固有的违法性', 'label_origin': 'machine_inferred', 'routing_only': True, 'source_level': 'B'}		internal_fragment	1.333334	"{""2024"":2}"	FXZZ202403005;FXZZ202405007	A1/A2	pending_human_review
ad643fd63587cd3c183e	实质违	cross_paper_discovery	bounded_chinese_ngram_maximal_repeat	2	2	1;2	"{""1"":1,""2"":3,""3"":0}"		{'confidence': 0.1, 'domain': 'unrouted', 'evidence_source': 'keyword', 'evidence_span': '损失分担', 'label_origin': 'machine_inferred', 'routing_only': True, 'source_level': 'B'}		internal_fragment	1.000001	"{""2023"":1,""2024"":3}"	FXZZ202304007;FXZZ202412007	A1/A2	pending_human_review
1d01f5e839f273728c92	实践与法律	cross_paper_discovery	bounded_chinese_ngram_maximal_repeat	2	2	1;2	"{""1"":1,""2"":1,""3"":0}"	制度构建	{'confidence': 0.1, 'domain': 'unrouted', 'evidence_source': 'keyword', 'evidence_span': '法律运作', 'label_origin': 'machine_inferred', 'routing_only': True, 'source_level': 'B'}		function_fragment;internal_fragment	0.8	"{""2023"":2}"	FXZZ202301002;FXZZ202312001	A1/A2	pending_human_review
9bebd33df05cfdb821ec	实践困境	cross_paper_discovery	bounded_chinese_ngram_maximal_repeat	2	2	1;2	"{""1"":1,""2"":1,""3"":0}"		{'confidence': 0.1, 'domain': 'unrouted', 'evidence_source': 'keyword', 'evidence_span': '合宪性控制', 'label_origin': 'machine_inferred', 'routing_only': True, 'source_level': 'B'};{'confidence': 0.68, 'domain': '程序法', 'evidence_source': 'keyword', 'evidence_span': '正当裁判', 'label_origin': 'machine_inferred', 'routing_only': True, 'source_level': 'B'}		internal_fragment	1.0	"{""2023"":2}"	FXZZ202308003;FXZZ202310002	A1/A2	pending_human_review
a8ec05c3561982e5b151	实践图景	cross_paper_discovery	bounded_chinese_ngram_maximal_repeat	2	2	1;2	"{""1"":2,""2"":1,""3"":0}"	程序审查	{'confidence': 0.1, 'domain': 'unrouted', 'evidence_source': 'keyword', 'evidence_span': '法律实现', 'label_origin': 'machine_inferred', 'routing_only': True, 'source_level': 'B'}		internal_fragment;low_wordhood_score	0.75	"{""2023"":3}"	FXZZ202308011;FXZZ202312003	A1/A2	pending_human_review
e1aaec39bdfd3485fec6	实践基础	cross_paper_discovery	bounded_chinese_ngram_maximal_repeat	3	3	1;2;3	"{""1"":1,""2"":2,""3"":1}"	比较法;程序审查	{'confidence': 0.1, 'domain': 'unrouted', 'evidence_source': 'keyword', 'evidence_span': '行政管理体制', 'label_origin': 'machine_inferred', 'routing_only': True, 'source_level': 'B'}		internal_fragment	1.125	"{""2023"":2,""2024"":2}"	FXZZ202310003;FXZZ202401013;FXZZ202412008	A1/A2	pending_human_review
b82e334cbea7da362f00	实践展开	cross_paper_discovery	bounded_chinese_ngram_maximal_repeat	3	3	1;2	"{""1"":2,""2"":1,""3"":0}"	权利救济	{'confidence': 0.1, 'domain': 'unrouted', 'evidence_source': 'keyword', 'evidence_span': '缺席审判', 'label_origin': 'machine_inferred', 'routing_only': True, 'source_level': 'B'};{'confidence': 0.68, 'domain': '程序法', 'evidence_source': 'keyword', 'evidence_span': '诉讼要件', 'label_origin': 'machine_inferred', 'routing_only': True, 'source_level': 'B'}		internal_fragment	1.0	"{""2023"":3}"	FXZZ202303009;FXZZ202304011;FXZZ202308003	A1/A2	pending_human_review
0a33c6946b40e87ff49f	实践成	cross_paper_discovery	bounded_chinese_ngram_maximal_repeat	2	2	1;2	"{""1"":1,""2"":1,""3"":0}"	程序审查	{'confidence': 0.1, 'domain': 'unrouted', 'evidence_source': 'keyword', 'evidence_span': '依宪执政', 'label_origin': 'machine_inferred', 'routing_only': True, 'source_level': 'B'};{'confidence': 0.68, 'domain': '程序法', 'evidence_source': 'keyword', 'evidence_span': '义务性程序兜底条款', 'label_origin': 'machine_inferred', 'routing_only': True, 'source_level': 'B'}		internal_fragment	1.333334	"{""2023"":1,""2024"":1}"	FXZZ202303001;FXZZ202405004	A1/A2	pending_human_review
406929f2d611d0f83163	实践样态	cross_paper_discovery	bounded_chinese_ngram_maximal_repeat	5	5	1;2;3	"{""1"":2,""2"":2,""3"":1}"		{'confidence': 0.1, 'domain': 'unrouted', 'evidence_source': 'keyword', 'evidence_span': '交互型研究范式', 'label_origin': 'machine_inferred', 'routing_only': True, 'source_level': 'B'};{'confidence': 0.66, 'domain': '比较法', 'evidence_source': 'keyword', 'evidence_span': '国际投资协定', 'label_origin': 'machine_inferred', 'routing_only': True, 'source_level': 'B'};{'confidence': 0.68, 'domain': '程序法', 'evidence_source': 'keyword', 'evidence_span': '消费公益诉讼', 'label_origin': 'machine_inferred', 'routing_only': True, 'source_level': 'B'}			2.125	"{""2023"":2,""2024"":3}"	FXZZ202302001;FXZZ202312008;FXZZ202404011;FXZZ202405003;FXZZ202407012	A1/A2	pending_human_review
0b3f3fe9f960067cceae	实践根	cross_paper_discovery	bounded_chinese_ngram_maximal_repeat	3	3	2	"{""1"":0,""2"":3,""3"":0}"	权利救济;证据证明	{'confidence': 0.1, 'domain': 'unrouted', 'evidence_source': 'keyword', 'evidence_span': '交互型研究范式', 'label_origin': 'machine_inferred', 'routing_only': True, 'source_level': 'B'}		internal_fragment	1.833333	"{""2023"":2,""2024"":1}"	FXZZ202302001;FXZZ202305002;FXZZ202406010	A1/A2	pending_human_review
d6ef13890de60bc87670	实践根据	cross_paper_discovery	bounded_chinese_ngram_maximal_repeat	2	2	2	"{""1"":0,""2"":2,""3"":0}"	权利救济;证据证明	{'confidence': 0.1, 'domain': 'unrouted', 'evidence_source': 'keyword', 'evidence_span': '提级巡察', 'label_origin': 'machine_inferred', 'routing_only': True, 'source_level': 'B'}		internal_fragment	0.875	"{""2023"":1,""2024"":1}"	FXZZ202305002;FXZZ202406010	A1/A2	pending_human_review
29ca3adc477a17d890b6	实践问题	cross_paper_discovery	bounded_chinese_ngram_maximal_repeat	2	2	1;2	"{""1"":1,""2"":2,""3"":0}"		{'confidence': 0.1, 'domain': 'unrouted', 'evidence_source': 'keyword', 'evidence_span': '合目的性改革', 'label_origin': 'machine_inferred', 'routing_only': True, 'source_level': 'B'};{'confidence': 0.72, 'domain': '合同法', 'evidence_source': 'keyword', 'evidence_span': '惩罚性违约金', 'label_origin': 'machine_inferred', 'routing_only': True, 'source_level': 'B'}		internal_fragment	0.833333	"{""2023"":1,""2024"":2}"	FXZZ202301004;FXZZ202404008	A1/A2	pending_human_review
9bcf4fa4928423de008c	审查	legal_term	config_legal_term_longest_match	16	16	1;2;3	"{""1"":18,""2"":30,""3"":16}"	制度构建;权利救济;程序审查;规范依据;证据证明	{'confidence': 0.1, 'domain': 'unrouted', 'evidence_source': 'keyword', 'evidence_span': '依宪执政', 'label_origin': 'machine_inferred', 'routing_only': True, 'source_level': 'B'};{'confidence': 0.68, 'domain': '程序法', 'evidence_source': 'keyword', 'evidence_span': '外部审查', 'label_origin': 'machine_inferred', 'routing_only': True, 'source_level': 'B'};{'confidence': 0.72, 'domain': '合同法', 'evidence_source': 'keyword', 'evidence_span': '违约金', 'label_origin': 'machine_inferred', 'routing_only': True, 'source_level': 'B'}				"{""2023"":38,""2024"":24,""2026"":2}"	FXZZ202303001;FXZZ202303007;FXZZ202303010;FXZZ202308005;FXZZ202309005;FXZZ202309008;FXZZ202309009;FXZZ202309011;FXZZ202310010;FXZZ202310011;FXZZ202404002;FXZZ202406005;FXZZ202407005;FXZZ202407009;FXZZ202412004;FXZZ202607003	A1/A2	pending_human_review
9d41f1f0f9c7c9992867	审查义务	cross_paper_discovery	bounded_chinese_ngram_maximal_repeat	2	2	2;3	"{""1"":0,""2"":1,""3"":3}"	程序审查	{'confidence': 0.1, 'domain': 'unrouted', 'evidence_source': 'keyword', 'evidence_span': '刑法价值', 'label_origin': 'machine_inferred', 'routing_only': True, 'source_level': 'B'}		internal_fragment	0.875	"{""2024"":4}"	FXZZ202406005;FXZZ202407009	A1/A2	pending_human_review
327a027b50325df06d67	审查标准	cross_paper_discovery	bounded_chinese_ngram_maximal_repeat	4	4	2;3	"{""1"":0,""2"":5,""3"":1}"	程序审查;证据证明	{'confidence': 0.1, 'domain': 'unrouted', 'evidence_source': 'keyword', 'evidence_span': '除名之诉', 'label_origin': 'machine_inferred', 'routing_only': True, 'source_level': 'B'};{'confidence': 0.68, 'domain': '程序法', 'evidence_source': 'keyword', 'evidence_span': '司法审查', 'label_origin': 'machine_inferred', 'routing_only': True, 'source_level': 'B'}		internal_fragment	1.583333	"{""2023"":5,""2024"":1}"	FXZZ202303007;FXZZ202308005;FXZZ202310010;FXZZ202412004	A1/A2	pending_human_review
dc78bde378e5ce56ced1	审查规	cross_paper_discovery	bounded_chinese_ngram_maximal_repeat	2	2	1;2;3	"{""1"":3,""2"":4,""3"":1}"	程序审查;规范依据	{'confidence': 0.1, 'domain': 'unrouted', 'evidence_source': 'keyword', 'evidence_span': '刑法处罚早期化', 'label_origin': 'machine_inferred', 'routing_only': True, 'source_level': 'B'};{'confidence': 0.68, 'domain': '程序法', 'evidence_source': 'keyword', 'evidence_span': '司法审查', 'label_origin': 'machine_inferred', 'routing_only': True, 'source_level': 'B'}		internal_fragment	0.875	"{""2023"":8}"	FXZZ202308005;FXZZ202310010	A1/A2	pending_human_review
cc596f0127e45347f349	客观真	cross_paper_discovery	bounded_chinese_ngram_maximal_repeat	2	2	2	"{""1"":0,""2"":2,""3"":0}"	法律后果	{'confidence': 0.1, 'domain': 'unrouted', 'evidence_source': 'keyword', 'evidence_span': '法条竞合', 'label_origin': 'machine_inferred', 'routing_only': True, 'source_level': 'B'}		internal_fragment	1.333334	"{""2023"":2}"	FXZZ202303004;FXZZ202308003	A1/A2	pending_human_review
bc63264f8d5e88cf3e21	宪法地位	cross_paper_discovery	bounded_chinese_ngram_maximal_repeat	2	2	1;2;3	"{""1"":1,""2"":1,""3"":1}"		{'confidence': 0.1, 'domain': 'unrouted', 'evidence_source': 'keyword', 'evidence_span': '刑法保障', 'label_origin': 'machine_inferred', 'routing_only': True, 'source_level': 'B'}		internal_fragment	0.833333	"{""2023"":1,""2024"":2}"	FXZZ202301007;FXZZ202403004	A1/A2	pending_human_review
5d5c5eb3947f063129b6	宪法基本	cross_paper_discovery	bounded_chinese_ngram_maximal_repeat	2	2	1;2	"{""1"":1,""2"":1,""3"":0}"		{'confidence': 0.1, 'domain': 'unrouted', 'evidence_source': 'keyword', 'evidence_span': '合目的性改革', 'label_origin': 'machine_inferred', 'routing_only': True, 'source_level': 'B'}		internal_fragment	1.0	"{""2023"":1,""2024"":1}"	FXZZ202301004;FXZZ202412011	A1/A2	pending_human_review
3b13acca068c59389710	宪法规范	cross_paper_discovery	bounded_chinese_ngram_maximal_repeat	3	3	1;3	"{""1"":2,""2"":0,""3"":1}"	比较法;规范依据	{'confidence': 0.1, 'domain': 'unrouted', 'evidence_source': 'keyword', 'evidence_span': '数据自决权', 'label_origin': 'machine_inferred', 'routing_only': True, 'source_level': 'B'};{'confidence': 0.68, 'domain': '程序法', 'evidence_source': 'keyword', 'evidence_span': '审查批准', 'label_origin': 'machine_inferred', 'routing_only': True, 'source_level': 'B'}		internal_fragment	1.25	"{""2023"":2,""2024"":1}"	FXZZ202301003;FXZZ202308004;FXZZ202412006	A1/A2	pending_human_review
977928d064ef81155c2e	宪法规范依据	cross_paper_discovery	bounded_chinese_ngram_maximal_repeat	2	2	1	"{""1"":2,""2"":0,""3"":0}"	规范依据	{'confidence': 0.1, 'domain': 'unrouted', 'evidence_source': 'keyword', 'evidence_span': '数据自决权', 'label_origin': 'machine_inferred', 'routing_only': True, 'source_level': 'B'};{'confidence': 0.68, 'domain': '程序法', 'evidence_source': 'keyword', 'evidence_span': '审查批准', 'label_origin': 'machine_inferred', 'routing_only': True, 'source_level': 'B'}		internal_fragment;low_wordhood_score	0.499999	"{""2023"":2}"	FXZZ202301003;FXZZ202308004	A1/A2	pending_human_review
93b1e9e9a9615f5dd269	家长主义	cross_paper_discovery	bounded_chinese_ngram_maximal_repeat	2	2	2	"{""1"":0,""2"":2,""3"":0}"		{'confidence': 0.1, 'domain': 'unrouted', 'evidence_source': 'keyword', 'evidence_span': '法人作品', 'label_origin': 'machine_inferred', 'routing_only': True, 'source_level': 'B'}		internal_fragment	1.0	"{""2023"":2}"	FXZZ202305007;FXZZ202311010	A1/A2	pending_human_review
07584e923236056f4dbb	局限性	cross_paper_discovery	bounded_chinese_ngram_maximal_repeat	6	6	2;3	"{""1"":0,""2"":3,""3"":3}"	比较法	{'confidence': 0.1, 'domain': 'unrouted', 'evidence_source': 'keyword', 'evidence_span': '刑法保障', 'label_origin': 'machine_inferred', 'routing_only': True, 'source_level': 'B'}		internal_fragment	2.666667	"{""2023"":5,""2024"":1}"	FXZZ202301007;FXZZ202301012;FXZZ202301013;FXZZ202304014;FXZZ202312009;FXZZ202412011	A1/A2	pending_human_review
1ad06bb8044bdef829ed	属性定位	cross_paper_discovery	bounded_chinese_ngram_maximal_repeat	2	2	2	"{""1"":0,""2"":2,""3"":0}"		{'confidence': 0.1, 'domain': 'unrouted', 'evidence_source': 'keyword', 'evidence_span': '税收公平', 'label_origin': 'machine_inferred', 'routing_only': True, 'source_level': 'B'}		internal_fragment	0.875	"{""2023"":1,""2026"":1}"	FXZZ202305012;FXZZ202607004	A1/A2	pending_human_review
8827173ca42327767870	属性的历史	cross_paper_discovery	bounded_chinese_ngram_maximal_repeat	2	2	1;2	"{""1"":1,""2"":1,""3"":0}"		{'confidence': 0.1, 'domain': 'unrouted', 'evidence_source': 'keyword', 'evidence_span': '收养秩序', 'label_origin': 'machine_inferred', 'routing_only': True, 'source_level': 'B'}		internal_fragment	0.8	"{""2023"":2}"	FXZZ202307003;FXZZ202307010	A1/A2	pending_human_review
54b3812068db735cb1d3	履行	legal_term	config_legal_term_longest_match	13	13	1;2;3	"{""1"":9,""2"":20,""3"":12}"	程序审查;规范依据	{'confidence': 0.1, 'domain': 'unrouted', 'evidence_source': 'keyword', 'evidence_span': '立法技术', 'label_origin': 'machine_inferred', 'routing_only': True, 'source_level': 'B'};{'confidence': 0.68, 'domain': '程序法', 'evidence_source': 'keyword', 'evidence_span': '诉讼权利', 'label_origin': 'machine_inferred', 'routing_only': True, 'source_level': 'B'};{'confidence': 0.72, 'domain': '合同法', 'evidence_source': 'keyword', 'evidence_span': '合同自由', 'label_origin': 'machine_inferred', 'routing_only': True, 'source_level': 'B'}				"{""2023"":24,""2024"":17}"	FXZZ202301006;FXZZ202301011;FXZZ202303008;FXZZ202304009;FXZZ202305009;FXZZ202306006;FXZZ202309012;FXZZ202310013;FXZZ202311010;FXZZ202312007;FXZZ202404010;FXZZ202406013;FXZZ202412010	A1/A2	pending_human_review
2e82fef8c9e9f35840a3	工作人员	cross_paper_discovery	bounded_chinese_ngram_maximal_repeat	2	2	2;3	"{""1"":0,""2"":3,""3"":2}"		{'confidence': 0.1, 'domain': 'unrouted', 'evidence_source': 'keyword', 'evidence_span': '利益衡量', 'label_origin': 'machine_inferred', 'routing_only': True, 'source_level': 'B'}			0.8	"{""2023"":1,""2026"":4}"	FXZZ202301005;FXZZ202607004	A1/A2	pending_human_review
ac40ab3f2fd0f00f00b1	工作时间	cross_paper_discovery	bounded_chinese_ngram_maximal_repeat	2	2	2	"{""1"":0,""2"":2,""3"":0}"		{'confidence': 0.1, 'domain': 'unrouted', 'evidence_source': 'keyword', 'evidence_span': '平台用工', 'label_origin': 'machine_inferred', 'routing_only': True, 'source_level': 'B'}		internal_fragment	1.0	"{""2023"":1,""2024"":1}"	FXZZ202306011;FXZZ202412006	A1/A2	pending_human_review
5433562ac03bd27b27c4	工作法	cross_paper_discovery	bounded_chinese_ngram_maximal_repeat	2	2	2;3	"{""1"":0,""2"":1,""3"":1}"	比较法	{'confidence': 0.1, 'domain': 'unrouted', 'evidence_source': 'keyword', 'evidence_span': '城市规划', 'label_origin': 'machine_inferred', 'routing_only': True, 'source_level': 'B'};{'confidence': 0.66, 'domain': '比较法', 'evidence_source': 'keyword', 'evidence_span': '域外适用', 'label_origin': 'machine_inferred', 'routing_only': True, 'source_level': 'B'}			1.333334	"{""2023"":1,""2024"":1}"	FXZZ202305003;FXZZ202401012	A1/A2	pending_human_review
79a8bb66c4da86011f68	工时制度	cross_paper_discovery	bounded_chinese_ngram_maximal_repeat	2	2	1;3	"{""1"":1,""2"":0,""3"":1}"	制度构建	{'confidence': 0.1, 'domain': 'unrouted', 'evidence_source': 'keyword', 'evidence_span': '平台用工', 'label_origin': 'machine_inferred', 'routing_only': True, 'source_level': 'B'}		internal_fragment	1.0	"{""2023"":1,""2024"":1}"	FXZZ202306011;FXZZ202412006	A1/A2	pending_human_review
c35141342acf26833cba	差异化	cross_paper_discovery	bounded_chinese_ngram_maximal_repeat	6	6	1;2;3	"{""1"":2,""2"":3,""3"":3}"	程序审查	{'confidence': 0.1, 'domain': 'unrouted', 'evidence_source': 'keyword', 'evidence_span': '法律控制', 'label_origin': 'machine_inferred', 'routing_only': True, 'source_level': 'B'}		internal_fragment	3.0	"{""2023"":4,""2024"":1,""2026"":3}"	FXZZ202303003;FXZZ202305013;FXZZ202309004;FXZZ202310005;FXZZ202412005;FXZZ202607004	A1/A2	pending_human_review
2d4fbd8cc71543410aa8	差异性	cross_paper_discovery	bounded_chinese_ngram_maximal_repeat	2	2	1;2	"{""1"":1,""2"":2,""3"":0}"	程序审查;规范依据	{'confidence': 0.1, 'domain': 'unrouted', 'evidence_source': 'keyword', 'evidence_span': '侵犯著作权罪', 'label_origin': 'machine_inferred', 'routing_only': True, 'source_level': 'B'}		internal_fragment	1.000001	"{""2024"":3}"	FXZZ202405005;FXZZ202407006	A1/A2	pending_human_review
0cac0c91a1e0783ca6bc	市场化	cross_paper_discovery	bounded_chinese_ngram_maximal_repeat	2	2	1;2	"{""1"":3,""2"":4,""3"":0}"	制度构建	{'confidence': 0.1, 'domain': 'unrouted', 'evidence_source': 'keyword', 'evidence_span': '专属经济区内平时军事活动', 'label_origin': 'machine_inferred', 'routing_only': True, 'source_level': 'B'}		internal_fragment	0.952381	"{""2023"":7}"	FXZZ202310012;FXZZ202311003	A1/A2	pending_human_review
60079eb00071c1cae789	市场支配地位	cross_paper_discovery	bounded_chinese_ngram_maximal_repeat	3	3	2;3	"{""1"":0,""2"":2,""3"":1}"		{'confidence': 0.1, 'domain': 'unrouted', 'evidence_source': 'keyword', 'evidence_span': '共同行为', 'label_origin': 'machine_inferred', 'routing_only': True, 'source_level': 'B'}		internal_fragment	0.916667	"{""2023"":3}"	FXZZ202302011;FXZZ202307014;FXZZ202308009	A1/A2	pending_human_review
03b6863692c193accfb1	市场竞争	cross_paper_discovery	bounded_chinese_ngram_maximal_repeat	2	2	2	"{""1"":0,""2"":2,""3"":0}"	比较法	{'confidence': 0.1, 'domain': 'unrouted', 'evidence_source': 'keyword', 'evidence_span': '专属经济区内平时军事活动', 'label_origin': 'machine_inferred', 'routing_only': True, 'source_level': 'B'}		internal_fragment	1.0	"{""2023"":1,""2026"":1}"	FXZZ202310012;FXZZ202607005	A1/A2	pending_human_review
7bb04919b295fe0ceca4	市场经济	cross_paper_discovery	bounded_chinese_ngram_maximal_repeat	3	3	2;3	"{""1"":0,""2"":3,""3"":1}"	制度构建	{'confidence': 0.1, 'domain': 'unrouted', 'evidence_source': 'keyword', 'evidence_span': '透明度', 'label_origin': 'machine_inferred', 'routing_only': True, 'source_level': 'B'};{'confidence': 0.66, 'domain': '比较法', 'evidence_source': 'keyword', 'evidence_span': '国际经贸合作', 'label_origin': 'machine_inferred', 'routing_only': True, 'source_level': 'B'};{'confidence': 0.68, 'domain': '程序法', 'evidence_source': 'keyword', 'evidence_span': '审查批准', 'label_origin': 'machine_inferred', 'routing_only': True, 'source_level': 'B'}		internal_fragment	1.40625	"{""2023"":3,""2024"":1}"	FXZZ202302012;FXZZ202308004;FXZZ202412006	A1/A2	pending_human_review
9ee3a15be5cc0162d7bf	平台用工	cross_paper_discovery	bounded_chinese_ngram_maximal_repeat	2	2	1	"{""1"":2,""2"":0,""3"":0}"		{'confidence': 0.1, 'domain': 'unrouted', 'evidence_source': 'keyword', 'evidence_span': '平台用工', 'label_origin': 'machine_inferred', 'routing_only': True, 'source_level': 'B'}		internal_fragment	1.0	"{""2023"":2}"	FXZZ202306011;FXZZ202311012	A1/A2	pending_human_review
bad814d10715b949b5a1	平台运	cross_paper_discovery	bounded_chinese_ngram_maximal_repeat	2	2	1;2	"{""1"":1,""2"":3,""3"":0}"	制度构建;权利救济;规范依据	{'confidence': 0.1, 'domain': 'unrouted', 'evidence_source': 'keyword', 'evidence_span': '法的安定性', 'label_origin': 'machine_inferred', 'routing_only': True, 'source_level': 'B'};{'confidence': 0.66, 'domain': '比较法', 'evidence_source': 'keyword', 'evidence_span': '国际投资协定', 'label_origin': 'machine_inferred', 'routing_only': True, 'source_level': 'B'};{'confidence': 0.68, 'domain': '程序法', 'evidence_source': 'keyword', 'evidence_span': '正当裁判', 'label_origin': 'machine_inferred', 'routing_only': True, 'source_level': 'B'}		internal_fragment	1.000001	"{""2023"":1,""2024"":3}"	FXZZ202310002;FXZZ202407012	A1/A2	pending_human_review
10c5454adf2e79646fd1	平等保护	cross_paper_discovery	bounded_chinese_ngram_maximal_repeat	3	3	1;2	"{""1"":3,""2"":3,""3"":0}"		{'confidence': 0.1, 'domain': 'unrouted', 'evidence_source': 'keyword', 'evidence_span': '刑法保障', 'label_origin': 'machine_inferred', 'routing_only': True, 'source_level': 'B'}		internal_fragment;lexical_support	1.1875	"{""2023"":5,""2026"":1}"	FXZZ202301007;FXZZ202301009;FXZZ202607004	A1/A2	pending_human_review
3530fde88c0f3300b4fe	平等理念	cross_paper_discovery	bounded_chinese_ngram_maximal_repeat	2	2	2	"{""1"":0,""2"":2,""3"":0}"		{'confidence': 0.1, 'domain': 'unrouted', 'evidence_source': 'keyword', 'evidence_span': '分配功能', 'label_origin': 'machine_inferred', 'routing_only': True, 'source_level': 'B'};{'confidence': 0.66, 'domain': '规范理论', 'evidence_source': 'keyword', 'evidence_span': '规范解构', 'label_origin': 'machine_inferred', 'routing_only': True, 'source_level': 'B'}		internal_fragment	1.0	"{""2023"":1,""2024"":1}"	FXZZ202304012;FXZZ202412013	A1/A2	pending_human_review
7f5d28d7a04b0d2b5ceb	平衡机制	cross_paper_discovery	bounded_chinese_ngram_maximal_repeat	2	2	2;3	"{""1"":0,""2"":1,""3"":1}"	制度构建	{'confidence': 0.1, 'domain': 'unrouted', 'evidence_source': 'keyword', 'evidence_span': '补正解释', 'label_origin': 'machine_inferred', 'routing_only': True, 'source_level': 'B'};{'confidence': 0.66, 'domain': '比较法', 'evidence_source': 'keyword', 'evidence_span': '国际投资协定', 'label_origin': 'machine_inferred', 'routing_only': True, 'source_level': 'B'}		generic_container;internal_fragment	0.875	"{""2023"":1,""2024"":1}"	FXZZ202310005;FXZZ202407012	A1/A2	pending_human_review
241cb43b78c26d3478f6	序的体系	cross_paper_discovery	bounded_chinese_ngram_maximal_repeat	2	2	2;3	"{""1"":0,""2"":1,""3"":1}"	程序审查;规范依据	{'confidence': 0.1, 'domain': 'unrouted', 'evidence_source': 'keyword', 'evidence_span': '参与分配', 'label_origin': 'machine_inferred', 'routing_only': True, 'source_level': 'B'};{'confidence': 0.68, 'domain': '程序法', 'evidence_source': 'keyword', 'evidence_span': '保证债务诉讼时效', 'label_origin': 'machine_inferred', 'routing_only': True, 'source_level': 'B'}		generic_container;internal_fragment	1.0	"{""2023"":1,""2024"":1}"	FXZZ202301009;FXZZ202401008	A1/A2	pending_human_review
38de888c3dac767b0633	应区分不同	cross_paper_discovery	bounded_chinese_ngram_maximal_repeat	2	2	2;3	"{""1"":0,""2"":1,""3"":1}"	规范依据	{'confidence': 0.1, 'domain': 'unrouted', 'evidence_source': 'keyword', 'evidence_span': '整全性', 'label_origin': 'machine_inferred', 'routing_only': True, 'source_level': 'B'}		internal_fragment	0.8	"{""2023"":1,""2024"":1}"	FXZZ202309004;FXZZ202412005	A1/A2	pending_human_review
383b0b29cf0239297377	应当具	cross_paper_discovery	bounded_chinese_ngram_maximal_repeat	3	3	3	"{""1"":0,""2"":0,""3"":3}"	程序审查	{'confidence': 0.1, 'domain': 'unrouted', 'evidence_source': 'keyword', 'evidence_span': '共同行为', 'label_origin': 'machine_inferred', 'routing_only': True, 'source_level': 'B'}		internal_fragment	1.666667	"{""2023"":2,""2024"":1}"	FXZZ202302011;FXZZ202305006;FXZZ202412005	A1/A2	pending_human_review
278fa7720719b2d05b33	应当相	cross_paper_discovery	bounded_chinese_ngram_maximal_repeat	2	2	2;3	"{""1"":0,""2"":1,""3"":1}"		{'confidence': 0.1, 'domain': 'unrouted', 'evidence_source': 'keyword', 'evidence_span': '共同行为', 'label_origin': 'machine_inferred', 'routing_only': True, 'source_level': 'B'}		internal_fragment	1.333334	"{""2023"":2}"	FXZZ202302011;FXZZ202305003	A1/A2	pending_human_review
06b5edd9ed6690f54a07	应当考	cross_paper_discovery	bounded_chinese_ngram_maximal_repeat	2	2	1;2	"{""1"":1,""2"":1,""3"":0}"		{'confidence': 0.1, 'domain': 'unrouted', 'evidence_source': 'keyword', 'evidence_span': '合法利益', 'label_origin': 'machine_inferred', 'routing_only': True, 'source_level': 'B'};{'confidence': 0.66, 'domain': '比较法', 'evidence_source': 'keyword', 'evidence_span': '域外适用', 'label_origin': 'machine_inferred', 'routing_only': True, 'source_level': 'B'}		internal_fragment	1.333334	"{""2024"":2}"	FXZZ202401012;FXZZ202404006	A1/A2	pending_human_review
b42c397c7a74654e61f8	应当适用	cross_paper_discovery	bounded_chinese_ngram_maximal_repeat	2	2	2	"{""1"":0,""2"":2,""3"":0}"		{'confidence': 0.1, 'domain': 'unrouted', 'evidence_source': 'keyword', 'evidence_span': '利益衡量', 'label_origin': 'machine_inferred', 'routing_only': True, 'source_level': 'B'};{'confidence': 0.66, 'domain': '比较法', 'evidence_source': 'keyword', 'evidence_span': '国际投资条约', 'label_origin': 'machine_inferred', 'routing_only': True, 'source_level': 'B'};{'confidence': 0.68, 'domain': '侵权责任', 'evidence_source': 'keyword', 'evidence_span': '企业社会责任', 'label_origin': 'machine_inferred', 'routing_only': True, 'source_level': 'B'}		internal_fragment;lexical_support	1.0	"{""2023"":2}"	FXZZ202301005;FXZZ202303012	A1/A2	pending_human_review
ca6b4580d39cd7345403	应当遵循	cross_paper_discovery	bounded_chinese_ngram_maximal_repeat	4	4	2;3	"{""1"":0,""2"":2,""3"":2}"	程序审查;规范依据	{'confidence': 0.1, 'domain': 'unrouted', 'evidence_source': 'keyword', 'evidence_span': '加速到期', 'label_origin': 'machine_inferred', 'routing_only': True, 'source_level': 'B'}		internal_fragment	1.875	"{""2023"":3,""2024"":1}"	FXZZ202308007;FXZZ202309005;FXZZ202312003;FXZZ202412005	A1/A2	pending_human_review
eda1e181325f9964ff21	应当遵循法	cross_paper_discovery	bounded_chinese_ngram_maximal_repeat	2	2	2;3	"{""1"":0,""2"":1,""3"":1}"	规范依据	{'confidence': 0.1, 'domain': 'unrouted', 'evidence_source': 'keyword', 'evidence_span': '加速到期', 'label_origin': 'machine_inferred', 'routing_only': True, 'source_level': 'B'}		internal_fragment	0.8	"{""2023"":2}"	FXZZ202308007;FXZZ202309005	A1/A2	pending_human_review
5e55e1ae57106b319ad5	应遵循	cross_paper_discovery	bounded_chinese_ngram_maximal_repeat	4	4	1;2;3	"{""1"":2,""2"":1,""3"":2}"	程序审查;规范依据	{'confidence': 0.1, 'domain': 'unrouted', 'evidence_source': 'keyword', 'evidence_span': '犯罪情节', 'label_origin': 'machine_inferred', 'routing_only': True, 'source_level': 'B'};{'confidence': 0.68, 'domain': '程序法', 'evidence_source': 'keyword', 'evidence_span': '核准程序', 'label_origin': 'machine_inferred', 'routing_only': True, 'source_level': 'B'}		internal_fragment	2.399999	"{""2023"":3,""2024"":2}"	FXZZ202307005;FXZZ202308004;FXZZ202309011;FXZZ202412005	A1/A2	pending_human_review
fa22ef9688df9acb6fe0	底层逻辑	cross_paper_discovery	bounded_chinese_ngram_maximal_repeat	3	3	1;3	"{""1"":2,""2"":0,""3"":1}"		{'confidence': 0.1, 'domain': 'unrouted', 'evidence_source': 'keyword', 'evidence_span': '透明度', 'label_origin': 'machine_inferred', 'routing_only': True, 'source_level': 'B'};{'confidence': 0.66, 'domain': '比较法', 'evidence_source': 'keyword', 'evidence_span': '国际经贸合作', 'label_origin': 'machine_inferred', 'routing_only': True, 'source_level': 'B'};{'confidence': 0.68, 'domain': '程序法', 'evidence_source': 'keyword', 'evidence_span': '正当裁判', 'label_origin': 'machine_inferred', 'routing_only': True, 'source_level': 'B'}		generic_container;internal_fragment	1.125	"{""2023"":2,""2024"":1}"	FXZZ202302012;FXZZ202310002;FXZZ202406002	A1/A2	pending_human_review
9883f8fc23cb9ea6db0b	度和成	cross_paper_discovery	bounded_chinese_ngram_maximal_repeat	2	2	2;3	"{""1"":0,""2"":1,""3"":1}"	制度构建	{'confidence': 0.1, 'domain': 'unrouted', 'evidence_source': 'keyword', 'evidence_span': '依宪执政', 'label_origin': 'machine_inferred', 'routing_only': True, 'source_level': 'B'}		internal_fragment	1.333334	"{""2023"":1,""2024"":1}"	FXZZ202303001;FXZZ202404012	A1/A2	pending_human_review
b5d6adeeffec3b937662	度构建	cross_paper_discovery	bounded_chinese_ngram_maximal_repeat	4	4	1;2;3	"{""1"":1,""2"":3,""3"":2}"	制度构建	{'confidence': 0.1, 'domain': 'unrouted', 'evidence_source': 'keyword', 'evidence_span': '分配功能', 'label_origin': 'machine_inferred', 'routing_only': True, 'source_level': 'B'};{'confidence': 0.66, 'domain': '规范理论', 'evidence_source': 'keyword', 'evidence_span': '规范解构', 'label_origin': 'machine_inferred', 'routing_only': True, 'source_level': 'B'}		internal_fragment	2.0	"{""2023"":5,""2024"":1}"	FXZZ202304012;FXZZ202305005;FXZZ202310005;FXZZ202407013	A1/A2	pending_human_review
365454f53f86eda40d54	度的内部	cross_paper_discovery	bounded_chinese_ngram_maximal_repeat	2	2	2;3	"{""1"":0,""2"":3,""3"":1}"	制度构建;权利救济	{'confidence': 0.1, 'domain': 'unrouted', 'evidence_source': 'keyword', 'evidence_span': '信用规制', 'label_origin': 'machine_inferred', 'routing_only': True, 'source_level': 'B'}		internal_fragment;low_wordhood_score	0.75	"{""2023"":1,""2024"":3}"	FXZZ202309013;FXZZ202401005	A1/A2	pending_human_review
36e70e757cae2c668969	度的分	cross_paper_discovery	bounded_chinese_ngram_maximal_repeat	2	2	2;3	"{""1"":0,""2"":1,""3"":1}"	制度构建	{'confidence': 0.1, 'domain': 'unrouted', 'evidence_source': 'keyword', 'evidence_span': '税收争议解决', 'label_origin': 'machine_inferred', 'routing_only': True, 'source_level': 'B'};{'confidence': 0.66, 'domain': '比较法', 'evidence_source': 'keyword', 'evidence_span': '国际税收协调', 'label_origin': 'machine_inferred', 'routing_only': True, 'source_level': 'B'};{'confidence': 0.68, 'domain': '程序法', 'evidence_source': 'keyword', 'evidence_span': '相互协商程序', 'label_origin': 'machine_inferred', 'routing_only': True, 'source_level': 'B'};{'confidence': 0.76, 'domain': '仲裁法', 'evidence_source': 'keyword', 'evidence_span': '税收仲裁', 'label_origin': 'machine_inferred', 'routing_only': True, 'source_level': 'B'}		internal_fragment	1.333334	"{""2023"":1,""2024"":1}"	FXZZ202304013;FXZZ202412005	A1/A2	pending_human_review
084a2992cb93d8079ba5	度的现状	cross_paper_discovery	bounded_chinese_ngram_maximal_repeat	2	2	1;2	"{""1"":1,""2"":1,""3"":0}"	制度构建;比较法	{'confidence': 0.1, 'domain': 'unrouted', 'evidence_source': 'keyword', 'evidence_span': '女性劳动权益保障', 'label_origin': 'machine_inferred', 'routing_only': True, 'source_level': 'B'};{'confidence': 0.66, 'domain': '比较法', 'evidence_source': 'keyword', 'evidence_span': '域外适用', 'label_origin': 'machine_inferred', 'routing_only': True, 'source_level': 'B'}		internal_fragment	1.0	"{""2023"":1,""2024"":1}"	FXZZ202304011;FXZZ202401012	A1/A2	pending_human_review
ccae4b040ad1c22b7f4d	度的确	cross_paper_discovery	bounded_chinese_ngram_maximal_repeat	3	3	1;2	"{""1"":1,""2"":2,""3"":0}"	制度构建	{'confidence': 0.1, 'domain': 'unrouted', 'evidence_source': 'keyword', 'evidence_span': '依宪执政', 'label_origin': 'machine_inferred', 'routing_only': True, 'source_level': 'B'}		internal_fragment	1.833333	"{""2023"":2,""2024"":1}"	FXZZ202303001;FXZZ202309009;FXZZ202407005	A1/A2	pending_human_review
007e9629418117f097ab	度的确定	cross_paper_discovery	bounded_chinese_ngram_maximal_repeat	2	2	2	"{""1"":0,""2"":2,""3"":0}"		{'confidence': 0.1, 'domain': 'unrouted', 'evidence_source': 'keyword', 'evidence_span': '法律修正功能', 'label_origin': 'machine_inferred', 'routing_only': True, 'source_level': 'B'}		internal_fragment	1.0	"{""2023"":1,""2024"":1}"	FXZZ202309009;FXZZ202407005	A1/A2	pending_human_review
b33e31816d5012e8ab62	度适用	cross_paper_discovery	bounded_chinese_ngram_maximal_repeat	2	2	2	"{""1"":0,""2"":4,""3"":0}"	制度构建;构成要件	{'confidence': 0.1, 'domain': 'unrouted', 'evidence_source': 'keyword', 'evidence_span': '辅助性原则', 'label_origin': 'machine_inferred', 'routing_only': True, 'source_level': 'B'}		internal_fragment	1.166667	"{""2023"":1,""2026"":3}"	FXZZ202312004;FXZZ202607008	A1/A2	pending_human_review
5d13a4563b4b28cb02ba	度问题	cross_paper_discovery	bounded_chinese_ngram_maximal_repeat	3	3	1	"{""1"":3,""2"":0,""3"":0}"	制度构建	{'confidence': 0.1, 'domain': 'unrouted', 'evidence_source': 'keyword', 'evidence_span': '辅助性原则', 'label_origin': 'machine_inferred', 'routing_only': True, 'source_level': 'B'}		internal_fragment	1.833333	"{""2023"":2,""2024"":1}"	FXZZ202307014;FXZZ202312004;FXZZ202405007	A1/A2	pending_human_review
741971c3ecf329dccb65	建构的实	cross_paper_discovery	bounded_chinese_ngram_maximal_repeat	2	2	1	"{""1"":2,""2"":0,""3"":0}"		{'confidence': 0.1, 'domain': 'unrouted', 'evidence_source': 'keyword', 'evidence_span': '民事代理', 'label_origin': 'machine_inferred', 'routing_only': True, 'source_level': 'B'};{'confidence': 0.68, 'domain': '程序法', 'evidence_source': 'keyword', 'evidence_span': '程序问题', 'label_origin': 'machine_inferred', 'routing_only': True, 'source_level': 'B'}		internal_fragment	1.0	"{""2023"":2}"	FXZZ202307007;FXZZ202308012	A1/A2	pending_human_review
8dc0603c9597fc1827dc	建立双	cross_paper_discovery	bounded_chinese_ngram_maximal_repeat	2	2	2	"{""1"":0,""2"":2,""3"":0}"	程序审查	{'confidence': 0.1, 'domain': 'unrouted', 'evidence_source': 'keyword', 'evidence_span': '罪量要素', 'label_origin': 'machine_inferred', 'routing_only': True, 'source_level': 'B'}		internal_fragment	1.333334	"{""2023"":2}"	FXZZ202304004;FXZZ202310005	A1/A2	pending_human_review
b88305550a29984625ed	建立行政	cross_paper_discovery	bounded_chinese_ngram_maximal_repeat	2	2	2	"{""1"":0,""2"":2,""3"":0}"	权利救济;程序审查;证据证明	{'confidence': 0.1, 'domain': 'unrouted', 'evidence_source': 'keyword', 'evidence_span': '多元立法模式', 'label_origin': 'machine_inferred', 'routing_only': True, 'source_level': 'B'}		internal_fragment	1.0	"{""2023"":1,""2024"":1}"	FXZZ202311006;FXZZ202412004	A1/A2	pending_human_review
063e843b226ec8dd2f3e	建设的重	cross_paper_discovery	bounded_chinese_ngram_maximal_repeat	2	2	1;2	"{""1"":1,""2"":1,""3"":0}"	制度构建	{'confidence': 0.1, 'domain': 'unrouted', 'evidence_source': 'keyword', 'evidence_span': '法治现代化', 'label_origin': 'machine_inferred', 'routing_only': True, 'source_level': 'B'}		internal_fragment	1.0	"{""2023"":1,""2025"":1}"	FXZZ202307002;FXZZ202501004	A1/A2	pending_human_review
6f34cc9e4e2fc1b3b998	开放性	cross_paper_discovery	bounded_chinese_ngram_maximal_repeat	3	3	2	"{""1"":0,""2"":3,""3"":0}"		{'confidence': 0.1, 'domain': 'unrouted', 'evidence_source': 'keyword', 'evidence_span': '女性劳动权益保障', 'label_origin': 'machine_inferred', 'routing_only': True, 'source_level': 'B'}		internal_fragment	1.666667	"{""2023"":2,""2024"":1}"	FXZZ202304011;FXZZ202311005;FXZZ202407005	A1/A2	pending_human_review
e21a3a478f517e710d62	式之分	cross_paper_discovery	bounded_chinese_ngram_maximal_repeat	2	2	1;2	"{""1"":1,""2"":1,""3"":0}"		{'confidence': 0.1, 'domain': 'unrouted', 'evidence_source': 'keyword', 'evidence_span': '利益衡量', 'label_origin': 'machine_inferred', 'routing_only': True, 'source_level': 'B'}		internal_fragment	1.166667	"{""2023"":1,""2024"":1}"	FXZZ202301005;FXZZ202405008	A1/A2	pending_human_review
0cf8577b9976387a3d52	式影响	cross_paper_discovery	bounded_chinese_ngram_maximal_repeat	2	2	2;3	"{""1"":0,""2"":1,""3"":1}"		{'confidence': 0.1, 'domain': 'unrouted', 'evidence_source': 'keyword', 'evidence_span': '刑法保障', 'label_origin': 'machine_inferred', 'routing_only': True, 'source_level': 'B'}		internal_fragment	1.333334	"{""2023"":1,""2024"":1}"	FXZZ202301007;FXZZ202404005	A1/A2	pending_human_review
2228a76c7de63747e226	式的优	cross_paper_discovery	bounded_chinese_ngram_maximal_repeat	3	3	1;2	"{""1"":1,""2"":4,""3"":0}"		{'confidence': 0.1, 'domain': 'unrouted', 'evidence_source': 'keyword', 'evidence_span': '交互型研究范式', 'label_origin': 'machine_inferred', 'routing_only': True, 'source_level': 'B'};{'confidence': 0.66, 'domain': '规范理论', 'evidence_source': 'keyword', 'evidence_span': '轻罪规范', 'label_origin': 'machine_inferred', 'routing_only': True, 'source_level': 'B'};{'confidence': 0.68, 'domain': '程序法', 'evidence_source': 'keyword', 'evidence_span': '备案审查', 'label_origin': 'machine_inferred', 'routing_only': True, 'source_level': 'B'}		internal_fragment	1.5	"{""2023"":1,""2024"":4}"	FXZZ202302001;FXZZ202401007;FXZZ202407004	A1/A2	pending_human_review
730f4ed28b94b3b42e45	式的提	cross_paper_discovery	bounded_chinese_ngram_maximal_repeat	2	2	1;2	"{""1"":1,""2"":1,""3"":0}"		{'confidence': 0.1, 'domain': 'unrouted', 'evidence_source': 'keyword', 'evidence_span': '交互型研究范式', 'label_origin': 'machine_inferred', 'routing_only': True, 'source_level': 'B'};{'confidence': 0.68, 'domain': '程序法', 'evidence_source': 'keyword', 'evidence_span': '备案审查', 'label_origin': 'machine_inferred', 'routing_only': True, 'source_level': 'B'}		internal_fragment	1.333334	"{""2023"":1,""2024"":1}"	FXZZ202302001;FXZZ202407004	A1/A2	pending_human_review
2230c517e41275c45f8c	式的比	cross_paper_discovery	bounded_chinese_ngram_maximal_repeat	2	2	1;2	"{""1"":1,""2"":1,""3"":0}"		{'confidence': 0.1, 'domain': 'unrouted', 'evidence_source': 'keyword', 'evidence_span': '不合理的对待', 'label_origin': 'machine_inferred', 'routing_only': True, 'source_level': 'B'};{'confidence': 0.66, 'domain': '规范理论', 'evidence_source': 'keyword', 'evidence_span': '规范自身平等', 'label_origin': 'machine_inferred', 'routing_only': True, 'source_level': 'B'}		internal_fragment	1.333334	"{""2023"":2}"	FXZZ202302003;FXZZ202304014	A1/A2	pending_human_review
7e1fde53a872981bd6fb	式的理	cross_paper_discovery	bounded_chinese_ngram_maximal_repeat	3	3	1;2;3	"{""1"":1,""2"":1,""3"":1}"	制度构建	{'confidence': 0.1, 'domain': 'unrouted', 'evidence_source': 'keyword', 'evidence_span': '交互型研究范式', 'label_origin': 'machine_inferred', 'routing_only': True, 'source_level': 'B'};{'confidence': 0.66, 'domain': '规范理论', 'evidence_source': 'keyword', 'evidence_span': '规范解构', 'label_origin': 'machine_inferred', 'routing_only': True, 'source_level': 'B'};{'confidence': 0.68, 'domain': '程序法', 'evidence_source': 'keyword', 'evidence_span': '备案审查', 'label_origin': 'machine_inferred', 'routing_only': True, 'source_level': 'B'}		internal_fragment	1.833333	"{""2023"":2,""2024"":1}"	FXZZ202302001;FXZZ202304012;FXZZ202407004	A1/A2	pending_human_review
0d4c0dfb734c94baef8c	式的适	cross_paper_discovery	bounded_chinese_ngram_maximal_repeat	2	2	2;3	"{""1"":0,""2"":1,""3"":1}"	权利救济;程序审查	{'confidence': 0.1, 'domain': 'unrouted', 'evidence_source': 'keyword', 'evidence_span': '法律治理', 'label_origin': 'machine_inferred', 'routing_only': True, 'source_level': 'B'};{'confidence': 0.66, 'domain': '规范理论', 'evidence_source': 'keyword', 'evidence_span': '轻罪规范', 'label_origin': 'machine_inferred', 'routing_only': True, 'source_level': 'B'}		internal_fragment	1.333334	"{""2023"":1,""2024"":1}"	FXZZ202312010;FXZZ202401007	A1/A2	pending_human_review
52e7657a09488d151844	式立法	cross_paper_discovery	bounded_chinese_ngram_maximal_repeat	3	3	2;3	"{""1"":0,""2"":2,""3"":3}"	规范依据	{'confidence': 0.1, 'domain': 'unrouted', 'evidence_source': 'keyword', 'evidence_span': '除名之诉', 'label_origin': 'machine_inferred', 'routing_only': True, 'source_level': 'B'};{'confidence': 0.68, 'domain': '程序法', 'evidence_source': 'keyword', 'evidence_span': '检察公益诉讼', 'label_origin': 'machine_inferred', 'routing_only': True, 'source_level': 'B'}		internal_fragment	1.9	"{""2023"":3,""2024"":1,""2026"":1}"	FXZZ202303007;FXZZ202406013;FXZZ202607003	A1/A2	pending_human_review
98842d28498d5a6468b6	引领人	cross_paper_discovery	bounded_chinese_ngram_maximal_repeat	2	2	2	"{""1"":0,""2"":2,""3"":0}"		{'confidence': 0.1, 'domain': 'unrouted', 'evidence_source': 'keyword', 'evidence_span': '双边冲突规则', 'label_origin': 'machine_inferred', 'routing_only': True, 'source_level': 'B'};{'confidence': 0.68, 'domain': '程序法', 'evidence_source': 'keyword', 'evidence_span': '程序问题', 'label_origin': 'machine_inferred', 'routing_only': True, 'source_level': 'B'}		internal_fragment	1.333334	"{""2023"":1,""2025"":1}"	FXZZ202308012;FXZZ202501004	A1/A2	pending_human_review
622891c146370dd48563	强制性	cross_paper_discovery	bounded_chinese_ngram_maximal_repeat	2	2	3	"{""1"":0,""2"":0,""3"":3}"	程序审查	{'confidence': 0.1, 'domain': 'unrouted', 'evidence_source': 'keyword', 'evidence_span': '社会危害性', 'label_origin': 'machine_inferred', 'routing_only': True, 'source_level': 'B'}		internal_fragment	1.222223	"{""2023"":2,""2024"":1}"	FXZZ202304014;FXZZ202404005	A1/A2	pending_human_review
849417b3e998d9dc536c	强行政	cross_paper_discovery	bounded_chinese_ngram_maximal_repeat	3	3	2;3	"{""1"":0,""2"":1,""3"":4}"	权利救济;程序审查;规范依据	{'confidence': 0.1, 'domain': 'unrouted', 'evidence_source': 'keyword', 'evidence_span': '竞争中性', 'label_origin': 'machine_inferred', 'routing_only': True, 'source_level': 'B'};{'confidence': 0.68, 'domain': '程序法', 'evidence_source': 'keyword', 'evidence_span': '外部审查', 'label_origin': 'machine_inferred', 'routing_only': True, 'source_level': 'B'}		internal_fragment	1.6	"{""2023"":1,""2024"":4}"	FXZZ202303010;FXZZ202405005;FXZZ202412004	A1/A2	pending_human_review
96e66366841396354ed9	归责	legal_term	config_legal_term_longest_match	2	2	2;3	"{""1"":0,""2"":1,""3"":1}"	规范依据	{'confidence': 0.1, 'domain': 'unrouted', 'evidence_source': 'keyword', 'evidence_span': '科技宪法', 'label_origin': 'machine_inferred', 'routing_only': True, 'source_level': 'B'};{'confidence': 0.68, 'domain': '侵权责任', 'evidence_source': 'keyword', 'evidence_span': '定金责任', 'label_origin': 'machine_inferred', 'routing_only': True, 'source_level': 'B'};{'confidence': 0.72, 'domain': '合同法', 'evidence_source': 'keyword', 'evidence_span': '违约定金', 'label_origin': 'machine_inferred', 'routing_only': True, 'source_level': 'B'}				"{""2023"":2}"	FXZZ202302004;FXZZ202303006	A1/A2	pending_human_review
6bed8d0733e2b1e848d1	当事人	cross_paper_discovery	bounded_chinese_ngram_maximal_repeat	7	7	1;2;3	"{""1"":1,""2"":5,""3"":3}"	权利救济;程序审查	{'confidence': 0.1, 'domain': 'unrouted', 'evidence_source': 'keyword', 'evidence_span': '通信秘密', 'label_origin': 'machine_inferred', 'routing_only': True, 'source_level': 'B'};{'confidence': 0.68, 'domain': '程序法', 'evidence_source': 'keyword', 'evidence_span': '《刑事诉讼法》修改', 'label_origin': 'machine_inferred', 'routing_only': True, 'source_level': 'B'}		internal_fragment	3.629629	"{""2023"":8,""2024"":1}"	FXZZ202302009;FXZZ202303007;FXZZ202304007;FXZZ202304008;FXZZ202307006;FXZZ202308013;FXZZ202412010	A1/A2	pending_human_review
1737318aabf636a38c58	当事人真	cross_paper_discovery	bounded_chinese_ngram_maximal_repeat	3	3	1;2;3	"{""1"":1,""2"":2,""3"":1}"	程序审查	{'confidence': 0.1, 'domain': 'unrouted', 'evidence_source': 'keyword', 'evidence_span': '通信秘密', 'label_origin': 'machine_inferred', 'routing_only': True, 'source_level': 'B'};{'confidence': 0.68, 'domain': '程序法', 'evidence_source': 'keyword', 'evidence_span': '《刑事诉讼法》修改', 'label_origin': 'machine_inferred', 'routing_only': True, 'source_level': 'B'}		internal_fragment	1.3125	"{""2023"":3,""2024"":1}"	FXZZ202302009;FXZZ202304007;FXZZ202412010	A1/A2	pending_human_review
54cc16d32b4617a65ca3	当事人真意	cross_paper_discovery	bounded_chinese_ngram_maximal_repeat	2	2	1;2;3	"{""1"":1,""2"":1,""3"":1}"	程序审查	{'confidence': 0.1, 'domain': 'unrouted', 'evidence_source': 'keyword', 'evidence_span': '损失分担', 'label_origin': 'machine_inferred', 'routing_only': True, 'source_level': 'B'};{'confidence': 0.68, 'domain': '程序法', 'evidence_source': 'keyword', 'evidence_span': '《刑事诉讼法》修改', 'label_origin': 'machine_inferred', 'routing_only': True, 'source_level': 'B'}		internal_fragment	0.8	"{""2023"":2,""2024"":1}"	FXZZ202304007;FXZZ202412010	A1/A2	pending_human_review
0a412fcc597135200a56	当代中国	cross_paper_discovery	bounded_chinese_ngram_maximal_repeat	5	5	1;2	"{""1"":7,""2"":4,""3"":0}"	制度构建	{'confidence': 0.1, 'domain': 'unrouted', 'evidence_source': 'keyword', 'evidence_span': '提级巡察', 'label_origin': 'machine_inferred', 'routing_only': True, 'source_level': 'B'};{'confidence': 0.68, 'domain': '程序法', 'evidence_source': 'keyword', 'evidence_span': '义务性程序兜底条款', 'label_origin': 'machine_inferred', 'routing_only': True, 'source_level': 'B'}			1.761364	"{""2023"":9,""2024"":1,""2025"":1}"	FXZZ202305002;FXZZ202305012;FXZZ202307003;FXZZ202405004;FXZZ202501001	A1/A2	pending_human_review
91c7af14a6b0d9527142	当原则	cross_paper_discovery	bounded_chinese_ngram_maximal_repeat	3	3	2;3	"{""1"":0,""2"":3,""3"":2}"	制度构建;程序审查	{'confidence': 0.1, 'domain': 'unrouted', 'evidence_source': 'keyword', 'evidence_span': '整全性', 'label_origin': 'machine_inferred', 'routing_only': True, 'source_level': 'B'}		internal_fragment	1.4	"{""2023"":4,""2024"":1}"	FXZZ202309004;FXZZ202312004;FXZZ202405013	A1/A2	pending_human_review
b4d0aac551143035c023	当的实	cross_paper_discovery	bounded_chinese_ngram_maximal_repeat	2	2	1;3	"{""1"":1,""2"":0,""3"":1}"	权利救济	{'confidence': 0.1, 'domain': 'unrouted', 'evidence_source': 'keyword', 'evidence_span': '缺席审判', 'label_origin': 'machine_inferred', 'routing_only': True, 'source_level': 'B'};{'confidence': 0.68, 'domain': '程序法', 'evidence_source': 'keyword', 'evidence_span': '诉讼要件', 'label_origin': 'machine_inferred', 'routing_only': True, 'source_level': 'B'}		internal_fragment	1.333334	"{""2023"":2}"	FXZZ202303009;FXZZ202312009	A1/A2	pending_human_review
966237023d7fefe45481	影响了个	cross_paper_discovery	bounded_chinese_ngram_maximal_repeat	2	2	2;3	"{""1"":0,""2"":1,""3"":1}"		{'confidence': 0.1, 'domain': 'unrouted', 'evidence_source': 'keyword', 'evidence_span': '刑法保障', 'label_origin': 'machine_inferred', 'routing_only': True, 'source_level': 'B'}		internal_fragment	1.0	"{""2023"":1,""2024"":1}"	FXZZ202301007;FXZZ202404005	A1/A2	pending_human_review
acbab014cfd8c36148cf	影响深	cross_paper_discovery	bounded_chinese_ngram_maximal_repeat	2	2	1;3	"{""1"":1,""2"":0,""3"":1}"		{'confidence': 0.1, 'domain': 'unrouted', 'evidence_source': 'keyword', 'evidence_span': '刑法保障', 'label_origin': 'machine_inferred', 'routing_only': True, 'source_level': 'B'}		internal_fragment	1.333334	"{""2023"":1,""2025"":1}"	FXZZ202301007;FXZZ202501004	A1/A2	pending_human_review
177812483aa2eb827f5b	待提升	cross_paper_discovery	bounded_chinese_ngram_maximal_repeat	2	2	3	"{""1"":0,""2"":0,""3"":2}"		{'confidence': 0.1, 'domain': 'unrouted', 'evidence_source': 'keyword', 'evidence_span': '民事代理', 'label_origin': 'machine_inferred', 'routing_only': True, 'source_level': 'B'}		internal_fragment	1.000001	"{""2023"":2}"	FXZZ202307007;FXZZ202311007	A1/A2	pending_human_review
faa84ed231f75c013520	律主体	cross_paper_discovery	bounded_chinese_ngram_maximal_repeat	2	2	1;2	"{""1"":1,""2"":1,""3"":0}"	制度构建	{'confidence': 0.1, 'domain': 'unrouted', 'evidence_source': 'keyword', 'evidence_span': '税收争议解决', 'label_origin': 'machine_inferred', 'routing_only': True, 'source_level': 'B'};{'confidence': 0.66, 'domain': '比较法', 'evidence_source': 'keyword', 'evidence_span': '国际税收协调', 'label_origin': 'machine_inferred', 'routing_only': True, 'source_level': 'B'};{'confidence': 0.68, 'domain': '程序法', 'evidence_source': 'keyword', 'evidence_span': '相互协商程序', 'label_origin': 'machine_inferred', 'routing_only': True, 'source_level': 'B'};{'confidence': 0.76, 'domain': '仲裁法', 'evidence_source': 'keyword', 'evidence_span': '税收仲裁', 'label_origin': 'machine_inferred', 'routing_only': True, 'source_level': 'B'}		internal_fragment	1.333334	"{""2023"":2}"	FXZZ202304013;FXZZ202306004	A1/A2	pending_human_review
745f36b749bca72d7281	律制度	cross_paper_discovery	bounded_chinese_ngram_maximal_repeat	6	6	1;2;3	"{""1"":1,""2"":4,""3"":1}"	制度构建	{'confidence': 0.1, 'domain': 'unrouted', 'evidence_source': 'keyword', 'evidence_span': '数据自决权', 'label_origin': 'machine_inferred', 'routing_only': True, 'source_level': 'B'};{'confidence': 0.68, 'domain': '程序法', 'evidence_source': 'keyword', 'evidence_span': '义务性程序兜底条款', 'label_origin': 'machine_inferred', 'routing_only': True, 'source_level': 'B'}		internal_fragment	2.833333	"{""2023"":2,""2024"":3,""2026"":1}"	FXZZ202301003;FXZZ202303011;FXZZ202401002;FXZZ202405004;FXZZ202406006;FXZZ202607001	A1/A2	pending_human_review
61cfe8f50f140b2ab96c	律效果	cross_paper_discovery	bounded_chinese_ngram_maximal_repeat	3	3	1;2;3	"{""1"":2,""2"":2,""3"":3}"	法律后果	{'confidence': 0.1, 'domain': 'unrouted', 'evidence_source': 'keyword', 'evidence_span': '法条竞合', 'label_origin': 'machine_inferred', 'routing_only': True, 'source_level': 'B'};{'confidence': 0.68, 'domain': '侵权责任', 'evidence_source': 'keyword', 'evidence_span': '定金责任', 'label_origin': 'machine_inferred', 'routing_only': True, 'source_level': 'B'};{'confidence': 0.72, 'domain': '合同法', 'evidence_source': 'keyword', 'evidence_span': '违约定金', 'label_origin': 'machine_inferred', 'routing_only': True, 'source_level': 'B'}		internal_fragment	1.357143	"{""2023"":7}"	FXZZ202303004;FXZZ202303006;FXZZ202309005	A1/A2	pending_human_review
ec5df4c13665c603fdf0	律责任	cross_paper_discovery	bounded_chinese_ngram_maximal_repeat	4	4	2;3	"{""1"":0,""2"":2,""3"":5}"		{'confidence': 0.1, 'domain': 'unrouted', 'evidence_source': 'keyword', 'evidence_span': '集体行动困境', 'label_origin': 'machine_inferred', 'routing_only': True, 'source_level': 'B'};{'confidence': 0.68, 'domain': '程序法', 'evidence_source': 'keyword', 'evidence_span': '检察公益诉讼谦抑性', 'label_origin': 'machine_inferred', 'routing_only': True, 'source_level': 'B'}		internal_fragment	1.714285	"{""2023"":4,""2024"":3}"	FXZZ202309012;FXZZ202310005;FXZZ202403003;FXZZ202412008	A1/A2	pending_human_review
c02e5b257ab73c200ff4	律适用	cross_paper_discovery	bounded_chinese_ngram_maximal_repeat	9	9	1;2;3	"{""1"":2,""2"":15,""3"":2}"	权利救济;案例适用;比较法;程序审查	{'confidence': 0.1, 'domain': 'unrouted', 'evidence_source': 'keyword', 'evidence_span': '共同行为', 'label_origin': 'machine_inferred', 'routing_only': True, 'source_level': 'B'};{'confidence': 0.66, 'domain': '比较法', 'evidence_source': 'keyword', 'evidence_span': '域外适用', 'label_origin': 'machine_inferred', 'routing_only': True, 'source_level': 'B'};{'confidence': 0.68, 'domain': '程序法', 'evidence_source': 'keyword', 'evidence_span': '特别程序', 'label_origin': 'machine_inferred', 'routing_only': True, 'source_level': 'B'}		internal_fragment	3.631579	"{""2023"":6,""2024"":13}"	FXZZ202302011;FXZZ202307008;FXZZ202308013;FXZZ202309005;FXZZ202401012;FXZZ202405011;FXZZ202406003;FXZZ202406004;FXZZ202406008	A1/A2	pending_human_review
6d4a1bb34887e23ed393	心的刑	cross_paper_discovery	bounded_chinese_ngram_maximal_repeat	2	2	2;3	"{""1"":0,""2"":1,""3"":1}"		{'confidence': 0.1, 'domain': 'unrouted', 'evidence_source': 'keyword', 'evidence_span': '刑法保障', 'label_origin': 'machine_inferred', 'routing_only': True, 'source_level': 'B'}		internal_fragment	1.166667	"{""2023"":1,""2024"":1}"	FXZZ202301007;FXZZ202412011	A1/A2	pending_human_review
2e25fa755cd11f0f9877	心的法	cross_paper_discovery	bounded_chinese_ngram_maximal_repeat	2	2	1;2	"{""1"":1,""2"":1,""3"":0}"		{'confidence': 0.1, 'domain': 'unrouted', 'evidence_source': 'keyword', 'evidence_span': '法人作品', 'label_origin': 'machine_inferred', 'routing_only': True, 'source_level': 'B'}		internal_fragment	1.333334	"{""2023"":1,""2026"":1}"	FXZZ202305007;FXZZ202607001	A1/A2	pending_human_review
782836436606f95efb44	必然性	cross_paper_discovery	bounded_chinese_ngram_maximal_repeat	2	2	2;3	"{""1"":0,""2"":1,""3"":1}"		{'confidence': 0.1, 'domain': 'unrouted', 'evidence_source': 'keyword', 'evidence_span': '信用规制', 'label_origin': 'machine_inferred', 'routing_only': True, 'source_level': 'B'}		internal_fragment	1.333334	"{""2024"":2}"	FXZZ202401005;FXZZ202412011	A1/A2	pending_human_review
d47c69b7c9c17d01f191	必然要求	cross_paper_discovery	bounded_chinese_ngram_maximal_repeat	2	2	3	"{""1"":0,""2"":0,""3"":2}"		{'confidence': 0.1, 'domain': 'unrouted', 'evidence_source': 'keyword', 'evidence_span': '刑法保障', 'label_origin': 'machine_inferred', 'routing_only': True, 'source_level': 'B'}		internal_fragment;low_wordhood_score	0.75	"{""2023"":2}"	FXZZ202301007;FXZZ202311013	A1/A2	pending_human_review
86e4f5d49f7f76f33fc1	必要性	cross_paper_discovery	bounded_chinese_ngram_maximal_repeat	18	18	1;2;3	"{""1"":10,""2"":11,""3"":4}"	权利救济;构成要件;程序审查;规范依据	{'confidence': 0.1, 'domain': 'unrouted', 'evidence_source': 'keyword', 'evidence_span': '交互型研究范式', 'label_origin': 'machine_inferred', 'routing_only': True, 'source_level': 'B'};{'confidence': 0.66, 'domain': '规范理论', 'evidence_source': 'keyword', 'evidence_span': '规范自身平等', 'label_origin': 'machine_inferred', 'routing_only': True, 'source_level': 'B'};{'confidence': 0.68, 'domain': '程序法', 'evidence_source': 'keyword', 'evidence_span': '逮捕程序正当化', 'label_origin': 'machine_inferred', 'routing_only': True, 'source_level': 'B'};{'confidence': 0.72, 'domain': '合同法', 'evidence_source': 'keyword', 'evidence_span': '合同自由', 'label_origin': 'machine_inferred', 'routing_only': True, 'source_level': 'B'}			8.4	"{""2023"":20,""2024"":4,""2026"":1}"	FXZZ202302001;FXZZ202302003;FXZZ202303007;FXZZ202304011;FXZZ202306006;FXZZ202306008;FXZZ202307014;FXZZ202309007;FXZZ202309010;FXZZ202309013;FXZZ202310008;FXZZ202310011;FXZZ202311012;FXZZ202401008;FXZZ202404003;FXZZ202407005;FXZZ202412008;FXZZ202607008	A1/A2	pending_human_review
7f457e4b72d35599a13e	必要措施	cross_paper_discovery	bounded_chinese_ngram_maximal_repeat	2	2	2	"{""1"":0,""2"":2,""3"":0}"		{'confidence': 0.1, 'domain': 'unrouted', 'evidence_source': 'keyword', 'evidence_span': '企业合规', 'label_origin': 'machine_inferred', 'routing_only': True, 'source_level': 'B'}			1.0	"{""2023"":1,""2024"":1}"	FXZZ202307010;FXZZ202407009	A1/A2	pending_human_review
6a6d79987968654c84a8	必要限	cross_paper_discovery	bounded_chinese_ngram_maximal_repeat	2	2	2	"{""1"":0,""2"":2,""3"":0}"		{'confidence': 0.1, 'domain': 'unrouted', 'evidence_source': 'keyword', 'evidence_span': '科技宪法', 'label_origin': 'machine_inferred', 'routing_only': True, 'source_level': 'B'};{'confidence': 0.72, 'domain': '合同法', 'evidence_source': 'keyword', 'evidence_span': '合同解除', 'label_origin': 'machine_inferred', 'routing_only': True, 'source_level': 'B'}		internal_fragment	1.333334	"{""2023"":1,""2024"":1}"	FXZZ202302004;FXZZ202404009	A1/A2	pending_human_review
d0ae0f05859473a1646b	忠诚义务	cross_paper_discovery	bounded_chinese_ngram_maximal_repeat	2	2	2;3	"{""1"":0,""2"":1,""3"":1}"		{'confidence': 0.1, 'domain': 'unrouted', 'evidence_source': 'keyword', 'evidence_span': '纳税人权利保护', 'label_origin': 'machine_inferred', 'routing_only': True, 'source_level': 'B'};{'confidence': 0.68, 'domain': '程序法', 'evidence_source': 'keyword', 'evidence_span': '程序正当原则', 'label_origin': 'machine_inferred', 'routing_only': True, 'source_level': 'B'}		internal_fragment	1.0	"{""2024"":1,""2026"":1}"	FXZZ202405012;FXZZ202607005	A1/A2	pending_human_review
8df87fbf12064a7e8c53	念基础	cross_paper_discovery	bounded_chinese_ngram_maximal_repeat	2	2	2	"{""1"":0,""2"":2,""3"":0}"		{'confidence': 0.1, 'domain': 'unrouted', 'evidence_source': 'keyword', 'evidence_span': '行政许可法', 'label_origin': 'machine_inferred', 'routing_only': True, 'source_level': 'B'};{'confidence': 0.68, 'domain': '程序法', 'evidence_source': 'keyword', 'evidence_span': '特别程序', 'label_origin': 'machine_inferred', 'routing_only': True, 'source_level': 'B'}		internal_fragment	1.333334	"{""2024"":2}"	FXZZ202406004;FXZZ202406013	A1/A2	pending_human_review
103f8169903ed9850775	念的提	cross_paper_discovery	bounded_chinese_ngram_maximal_repeat	2	2	1;2	"{""1"":1,""2"":1,""3"":0}"		{'confidence': 0.1, 'domain': 'unrouted', 'evidence_source': 'keyword', 'evidence_span': '分配功能', 'label_origin': 'machine_inferred', 'routing_only': True, 'source_level': 'B'};{'confidence': 0.66, 'domain': '规范理论', 'evidence_source': 'keyword', 'evidence_span': '规范解构', 'label_origin': 'machine_inferred', 'routing_only': True, 'source_level': 'B'}		internal_fragment	1.333334	"{""2023"":1,""2024"":1}"	FXZZ202304012;FXZZ202412013	A1/A2	pending_human_review
5176120fecfac5a3f024	思想基础	cross_paper_discovery	bounded_chinese_ngram_maximal_repeat	2	2	1;2	"{""1"":1,""2"":1,""3"":0}"		{'confidence': 0.1, 'domain': 'unrouted', 'evidence_source': 'keyword', 'evidence_span': '税收公平', 'label_origin': 'machine_inferred', 'routing_only': True, 'source_level': 'B'}		internal_fragment;low_wordhood_score	0.75	"{""2023"":2}"	FXZZ202301013;FXZZ202305012	A1/A2	pending_human_review
79204dd1af649e8162cc	思维方式	cross_paper_discovery	bounded_chinese_ngram_maximal_repeat	2	2	1;2	"{""1"":1,""2"":1,""3"":0}"		{'confidence': 0.1, 'domain': 'unrouted', 'evidence_source': 'keyword', 'evidence_span': '系统司法观', 'label_origin': 'machine_inferred', 'routing_only': True, 'source_level': 'B'}		internal_fragment	1.0	"{""2023"":1,""2025"":1}"	FXZZ202308002;FXZZ202501001	A1/A2	pending_human_review
6ad93f138fa6ac674fbd	性不足	cross_paper_discovery	bounded_chinese_ngram_maximal_repeat	2	2	2	"{""1"":0,""2"":2,""3"":0}"		{'confidence': 0.1, 'domain': 'unrouted', 'evidence_source': 'keyword', 'evidence_span': '合目的性改革', 'label_origin': 'machine_inferred', 'routing_only': True, 'source_level': 'B'}		internal_fragment	1.333334	"{""2023"":2}"	FXZZ202301004;FXZZ202311011	A1/A2	pending_human_review
76877b4e2bb8e562bc15	性与公	cross_paper_discovery	bounded_chinese_ngram_maximal_repeat	2	2	2	"{""1"":0,""2"":2,""3"":0}"		{'confidence': 0.1, 'domain': 'unrouted', 'evidence_source': 'keyword', 'evidence_span': '风险防范', 'label_origin': 'machine_inferred', 'routing_only': True, 'source_level': 'B'}		internal_fragment	1.333334	"{""2023"":1,""2024"":1}"	FXZZ202310004;FXZZ202404005	A1/A2	pending_human_review
b723ec98c8caa73e0c3b	性与可	cross_paper_discovery	bounded_chinese_ngram_maximal_repeat	2	2	1;3	"{""1"":1,""2"":0,""3"":1}"	证据证明	{'confidence': 0.1, 'domain': 'unrouted', 'evidence_source': 'keyword', 'evidence_span': '侦查秘密原则', 'label_origin': 'machine_inferred', 'routing_only': True, 'source_level': 'B'};{'confidence': 0.68, 'domain': '程序法', 'evidence_source': 'keyword', 'evidence_span': '逮捕程序正当化', 'label_origin': 'machine_inferred', 'routing_only': True, 'source_level': 'B'}		internal_fragment	1.333334	"{""2023"":2}"	FXZZ202306008;FXZZ202310010	A1/A2	pending_human_review
9719c7b9766edf59c53a	性之争	cross_paper_discovery	bounded_chinese_ngram_maximal_repeat	2	2	2;3	"{""1"":0,""2"":1,""3"":1}"		{'confidence': 0.1, 'domain': 'unrouted', 'evidence_source': 'keyword', 'evidence_span': '解约定金', 'label_origin': 'machine_inferred', 'routing_only': True, 'source_level': 'B'};{'confidence': 0.68, 'domain': '侵权责任', 'evidence_source': 'keyword', 'evidence_span': '定金责任', 'label_origin': 'machine_inferred', 'routing_only': True, 'source_level': 'B'};{'confidence': 0.72, 'domain': '合同法', 'evidence_source': 'keyword', 'evidence_span': '违约定金', 'label_origin': 'machine_inferred', 'routing_only': True, 'source_level': 'B'}		internal_fragment	1.166667	"{""2023"":1,""2026"":1}"	FXZZ202303006;FXZZ202607004	A1/A2	pending_human_review
0ef9e6c0432813854caf	性争议	cross_paper_discovery	bounded_chinese_ngram_maximal_repeat	2	2	2;3	"{""1"":0,""2"":1,""3"":1}"		{'confidence': 0.1, 'domain': 'unrouted', 'evidence_source': 'keyword', 'evidence_span': '通信秘密', 'label_origin': 'machine_inferred', 'routing_only': True, 'source_level': 'B'}		internal_fragment	1.333334	"{""2023"":2}"	FXZZ202302009;FXZZ202309006	A1/A2	pending_human_review
0ceed776603f89b3a27b	性争论	cross_paper_discovery	bounded_chinese_ngram_maximal_repeat	2	2	1;2	"{""1"":1,""2"":1,""3"":0}"		{'confidence': 0.1, 'domain': 'unrouted', 'evidence_source': 'keyword', 'evidence_span': '通信秘密', 'label_origin': 'machine_inferred', 'routing_only': True, 'source_level': 'B'}		internal_fragment	1.333334	"{""2023"":2}"	FXZZ202302009;FXZZ202307014	A1/A2	pending_human_review
269b55d3ea6c44decbc0	性保障	cross_paper_discovery	bounded_chinese_ngram_maximal_repeat	2	2	2	"{""1"":0,""2"":2,""3"":0}"	制度构建	{'confidence': 0.1, 'domain': 'unrouted', 'evidence_source': 'keyword', 'evidence_span': '科技宪法', 'label_origin': 'machine_inferred', 'routing_only': True, 'source_level': 'B'}		internal_fragment	1.166667	"{""2023"":2}"	FXZZ202302004;FXZZ202303003	A1/A2	pending_human_review
2fedb66f85c0b933c2da	性信息	cross_paper_discovery	bounded_chinese_ngram_maximal_repeat	2	2	1;2	"{""1"":2,""2"":4,""3"":0}"		{'confidence': 0.1, 'domain': 'unrouted', 'evidence_source': 'keyword', 'evidence_span': '利益衡量', 'label_origin': 'machine_inferred', 'routing_only': True, 'source_level': 'B'};{'confidence': 0.68, 'domain': '侵权责任', 'evidence_source': 'keyword', 'evidence_span': '法人单独责任', 'label_origin': 'machine_inferred', 'routing_only': True, 'source_level': 'B'}		internal_fragment	1.055556	"{""2023"":1,""2024"":5}"	FXZZ202301005;FXZZ202403007	A1/A2	pending_human_review
b13180c85c94f66bef2b	性分析	cross_paper_discovery	bounded_chinese_ngram_maximal_repeat	4	4	1;2;3	"{""1"":1,""2"":4,""3"":1}"		{'confidence': 0.1, 'domain': 'unrouted', 'evidence_source': 'keyword', 'evidence_span': '通信秘密', 'label_origin': 'machine_inferred', 'routing_only': True, 'source_level': 'B'};{'confidence': 0.68, 'domain': '程序法', 'evidence_source': 'keyword', 'evidence_span': '诉讼时效', 'label_origin': 'machine_inferred', 'routing_only': True, 'source_level': 'B'}		internal_fragment	2.0	"{""2023"":1,""2024"":5}"	FXZZ202302009;FXZZ202403011;FXZZ202404007;FXZZ202412008	A1/A2	pending_human_review
709053fd1399dff0ec44	性判断	cross_paper_discovery	bounded_chinese_ngram_maximal_repeat	6	6	1;2;3	"{""1"":6,""2"":13,""3"":2}"	制度构建;程序审查;规范依据	{'confidence': 0.1, 'domain': 'unrouted', 'evidence_source': 'keyword', 'evidence_span': '合目的性改革', 'label_origin': 'machine_inferred', 'routing_only': True, 'source_level': 'B'}		internal_fragment	2.47619	"{""2023"":6,""2024"":15}"	FXZZ202301004;FXZZ202304004;FXZZ202312006;FXZZ202404010;FXZZ202407005;FXZZ202407006	A1/A2	pending_human_review
42039ba49d0a2bac68dc	性利益	cross_paper_discovery	bounded_chinese_ngram_maximal_repeat	2	2	1;2	"{""1"":2,""2"":3,""3"":0}"	构成要件;规范依据	{'confidence': 0.1, 'domain': 'unrouted', 'evidence_source': 'keyword', 'evidence_span': '追认', 'label_origin': 'machine_inferred', 'routing_only': True, 'source_level': 'B'};{'confidence': 0.68, 'domain': '侵权责任', 'evidence_source': 'keyword', 'evidence_span': '监护人责任', 'label_origin': 'machine_inferred', 'routing_only': True, 'source_level': 'B'}		internal_fragment	0.933334	"{""2023"":5}"	FXZZ202310007;FXZZ202311008	A1/A2	pending_human_review
4053587401597da9bcf9	性原则	cross_paper_discovery	bounded_chinese_ngram_maximal_repeat	11	11	2;3	"{""1"":0,""2"":9,""3"":10}"	制度构建	{'confidence': 0.1, 'domain': 'unrouted', 'evidence_source': 'keyword', 'evidence_span': '共同行为', 'label_origin': 'machine_inferred', 'routing_only': True, 'source_level': 'B'};{'confidence': 0.68, 'domain': '程序法', 'evidence_source': 'keyword', 'evidence_span': '外部审查', 'label_origin': 'machine_inferred', 'routing_only': True, 'source_level': 'B'}		internal_fragment	5.596492	"{""2023"":17,""2024"":2}"	FXZZ202302011;FXZZ202303010;FXZZ202306010;FXZZ202307005;FXZZ202309004;FXZZ202310013;FXZZ202311002;FXZZ202311008;FXZZ202312004;FXZZ202405005;FXZZ202405008	A1/A2	pending_human_review
03349ca6c15799a75cc7	性原理	cross_paper_discovery	bounded_chinese_ngram_maximal_repeat	5	5	1;2;3	"{""1"":1,""2"":2,""3"":2}"	制度构建	{'confidence': 0.1, 'domain': 'unrouted', 'evidence_source': 'keyword', 'evidence_span': '法律运作', 'label_origin': 'machine_inferred', 'routing_only': True, 'source_level': 'B'}		internal_fragment	2.5	"{""2023"":3,""2024"":2}"	FXZZ202301002;FXZZ202302009;FXZZ202308007;FXZZ202407006;FXZZ202412008	A1/A2	pending_human_review
74dd0a3046dec75d2bbf	性及其判断	cross_paper_discovery	bounded_chinese_ngram_maximal_repeat	2	2	2;3	"{""1"":0,""2"":3,""3"":1}"		{'confidence': 0.1, 'domain': 'unrouted', 'evidence_source': 'keyword', 'evidence_span': '通信秘密', 'label_origin': 'machine_inferred', 'routing_only': True, 'source_level': 'B'}		internal_fragment;low_wordhood_score	0.6	"{""2023"":1,""2024"":3}"	FXZZ202302009;FXZZ202404010	A1/A2	pending_human_review
4a60e8f97e77c865057c	性反思	cross_paper_discovery	bounded_chinese_ngram_maximal_repeat	2	2	1;2	"{""1"":1,""2"":1,""3"":0}"	制度构建;权利救济;证据证明	{'confidence': 0.1, 'domain': 'unrouted', 'evidence_source': 'keyword', 'evidence_span': '专门性证据', 'label_origin': 'machine_inferred', 'routing_only': True, 'source_level': 'B'};{'confidence': 0.68, 'domain': '程序法', 'evidence_source': 'keyword', 'evidence_span': '检察公益诉讼', 'label_origin': 'machine_inferred', 'routing_only': True, 'source_level': 'B'}		internal_fragment	1.166667	"{""2024"":1,""2026"":1}"	FXZZ202412013;FXZZ202607003	A1/A2	pending_human_review
9b08fbbb07b7f209f5a6	性发展	cross_paper_discovery	bounded_chinese_ngram_maximal_repeat	5	5	1;2;3	"{""1"":1,""2"":4,""3"":3}"		{'confidence': 0.1, 'domain': 'unrouted', 'evidence_source': 'keyword', 'evidence_span': '科技宪法', 'label_origin': 'machine_inferred', 'routing_only': True, 'source_level': 'B'}		internal_fragment	2.708334	"{""2023"":2,""2024"":6}"	FXZZ202302004;FXZZ202312002;FXZZ202401002;FXZZ202401005;FXZZ202404003	A1/A2	pending_human_review
04e5ba20c77ae4a1d3bb	性基础	cross_paper_discovery	bounded_chinese_ngram_maximal_repeat	9	9	1;2	"{""1"":4,""2"":6,""3"":0}"	规范依据	{'confidence': 0.1, 'domain': 'unrouted', 'evidence_source': 'keyword', 'evidence_span': '参与分配', 'label_origin': 'machine_inferred', 'routing_only': True, 'source_level': 'B'};{'confidence': 0.68, 'domain': '程序法', 'evidence_source': 'keyword', 'evidence_span': '程序问题', 'label_origin': 'machine_inferred', 'routing_only': True, 'source_level': 'B'};{'confidence': 0.72, 'domain': '合同法', 'evidence_source': 'keyword', 'evidence_span': '合同自由', 'label_origin': 'machine_inferred', 'routing_only': True, 'source_level': 'B'}		internal_fragment	3.9	"{""2023"":7,""2024"":3}"	FXZZ202301009;FXZZ202303008;FXZZ202306006;FXZZ202306010;FXZZ202308007;FXZZ202308012;FXZZ202312008;FXZZ202404007;FXZZ202412005	A1/A2	pending_human_review
ae504d37d2008718be32	性审查	cross_paper_discovery	bounded_chinese_ngram_maximal_repeat	2	2	2	"{""1"":0,""2"":4,""3"":0}"	程序审查;规范依据	{'confidence': 0.1, 'domain': 'unrouted', 'evidence_source': 'keyword', 'evidence_span': '依宪执政', 'label_origin': 'machine_inferred', 'routing_only': True, 'source_level': 'B'}		internal_fragment	1.083334	"{""2023"":4}"	FXZZ202303001;FXZZ202308005	A1/A2	pending_human_review
3b00c13605a6c96d7240	性影响	cross_paper_discovery	bounded_chinese_ngram_maximal_repeat	2	2	2	"{""1"":0,""2"":2,""3"":0}"	制度构建	{'confidence': 0.1, 'domain': 'unrouted', 'evidence_source': 'keyword', 'evidence_span': '税收争议解决', 'label_origin': 'machine_inferred', 'routing_only': True, 'source_level': 'B'};{'confidence': 0.66, 'domain': '比较法', 'evidence_source': 'keyword', 'evidence_span': '国际税收协调', 'label_origin': 'machine_inferred', 'routing_only': True, 'source_level': 'B'};{'confidence': 0.68, 'domain': '程序法', 'evidence_source': 'keyword', 'evidence_span': '相互协商程序', 'label_origin': 'machine_inferred', 'routing_only': True, 'source_level': 'B'};{'confidence': 0.76, 'domain': '仲裁法', 'evidence_source': 'keyword', 'evidence_span': '税收仲裁', 'label_origin': 'machine_inferred', 'routing_only': True, 'source_level': 'B'}		internal_fragment	1.166667	"{""2023"":2}"	FXZZ202304013;FXZZ202307014	A1/A2	pending_human_review
caca714a52c75cfb4a47	性思维	cross_paper_discovery	bounded_chinese_ngram_maximal_repeat	2	2	1;3	"{""1"":3,""2"":0,""3"":1}"		{'confidence': 0.1, 'domain': 'unrouted', 'evidence_source': 'keyword', 'evidence_span': '合宪性控制', 'label_origin': 'machine_inferred', 'routing_only': True, 'source_level': 'B'}		internal_fragment	1.083334	"{""2023"":1,""2025"":3}"	FXZZ202308003;FXZZ202501001	A1/A2	pending_human_review
d831588dfbd59686f234	性控制	cross_paper_discovery	bounded_chinese_ngram_maximal_repeat	5	5	1;2	"{""1"":2,""2"":3,""3"":0}"		{'confidence': 0.1, 'domain': 'unrouted', 'evidence_source': 'keyword', 'evidence_span': '法律控制', 'label_origin': 'machine_inferred', 'routing_only': True, 'source_level': 'B'};{'confidence': 0.66, 'domain': '规范理论', 'evidence_source': 'keyword', 'evidence_span': '规范保护目的', 'label_origin': 'machine_inferred', 'routing_only': True, 'source_level': 'B'};{'confidence': 0.68, 'domain': '程序法', 'evidence_source': 'keyword', 'evidence_span': '审查批准', 'label_origin': 'machine_inferred', 'routing_only': True, 'source_level': 'B'}		internal_fragment	3.166667	"{""2023"":3,""2024"":2}"	FXZZ202303003;FXZZ202308004;FXZZ202308006;FXZZ202407007;FXZZ202412005	A1/A2	pending_human_review
c4883869ee8470883277	性文件	cross_paper_discovery	bounded_chinese_ngram_maximal_repeat	2	2	3	"{""1"":0,""2"":0,""3"":2}"	规范依据	{'confidence': 0.1, 'domain': 'unrouted', 'evidence_source': 'keyword', 'evidence_span': '法治现代化', 'label_origin': 'machine_inferred', 'routing_only': True, 'source_level': 'B'}		internal_fragment	1.333334	"{""2023"":1,""2024"":1}"	FXZZ202307002;FXZZ202412006	A1/A2	pending_human_review
647a5b88e810cf24eb3e	性权利	cross_paper_discovery	bounded_chinese_ngram_maximal_repeat	2	2	2	"{""1"":0,""2"":3,""3"":0}"		{'confidence': 0.1, 'domain': 'unrouted', 'evidence_source': 'keyword', 'evidence_span': '数据自决权', 'label_origin': 'machine_inferred', 'routing_only': True, 'source_level': 'B'}		internal_fragment	1.111112	"{""2023"":3}"	FXZZ202301003;FXZZ202311010	A1/A2	pending_human_review
27ab9438446f08361328	性条款	cross_paper_discovery	bounded_chinese_ngram_maximal_repeat	2	2	2	"{""1"":0,""2"":2,""3"":0}"		{'confidence': 0.1, 'domain': 'unrouted', 'evidence_source': 'keyword', 'evidence_span': '数据自决权', 'label_origin': 'machine_inferred', 'routing_only': True, 'source_level': 'B'}		internal_fragment	1.333334	"{""2023"":2}"	FXZZ202301003;FXZZ202307003	A1/A2	pending_human_review
00a0b043858e2b2cd848	性法规	cross_paper_discovery	bounded_chinese_ngram_maximal_repeat	3	3	1;2;3	"{""1"":12,""2"":4,""3"":2}"	制度构建;研究结论;程序审查	{'confidence': 0.1, 'domain': 'unrouted', 'evidence_source': 'keyword', 'evidence_span': '刑法处罚早期化', 'label_origin': 'machine_inferred', 'routing_only': True, 'source_level': 'B'}		internal_fragment	1.222222	"{""2023"":4,""2024"":14}"	FXZZ202308005;FXZZ202403004;FXZZ202407005	A1/A2	pending_human_review
206a8125ff149841e4b6	性法规的制	cross_paper_discovery	bounded_chinese_ngram_maximal_repeat	2	2	1;2	"{""1"":1,""2"":2,""3"":0}"	制度构建;程序审查	{'confidence': 0.1, 'domain': 'unrouted', 'evidence_source': 'keyword', 'evidence_span': '刑法处罚早期化', 'label_origin': 'machine_inferred', 'routing_only': True, 'source_level': 'B'}		internal_fragment;low_wordhood_score	0.733333	"{""2023"":1,""2024"":2}"	FXZZ202308005;FXZZ202403004	A1/A2	pending_human_review
09bcaf5ef6608778b903	性犯罪	cross_paper_discovery	bounded_chinese_ngram_maximal_repeat	2	2	3	"{""1"":0,""2"":0,""3"":2}"		{'confidence': 0.1, 'domain': 'unrouted', 'evidence_source': 'keyword', 'evidence_span': '刑罚适用', 'label_origin': 'machine_inferred', 'routing_only': True, 'source_level': 'B'}		internal_fragment	1.333334	"{""2024"":2}"	FXZZ202406006;FXZZ202407007	A1/A2	pending_human_review
d2ab068f239709cbc2cf	性理论	cross_paper_discovery	bounded_chinese_ngram_maximal_repeat	4	4	1;2;3	"{""1"":1,""2"":2,""3"":1}"		{'confidence': 0.1, 'domain': 'unrouted', 'evidence_source': 'keyword', 'evidence_span': '通信秘密', 'label_origin': 'machine_inferred', 'routing_only': True, 'source_level': 'B'};{'confidence': 0.68, 'domain': '侵权责任', 'evidence_source': 'keyword', 'evidence_span': '直接责任人员', 'label_origin': 'machine_inferred', 'routing_only': True, 'source_level': 'B'}		internal_fragment	2.499999	"{""2023"":3,""2026"":1}"	FXZZ202302009;FXZZ202304005;FXZZ202306004;FXZZ202607001	A1/A2	pending_human_review
5fe7a6c30da504cd75b4	性界定	cross_paper_discovery	bounded_chinese_ngram_maximal_repeat	2	2	1;2	"{""1"":1,""2"":1,""3"":0}"		{'confidence': 0.1, 'domain': 'unrouted', 'evidence_source': 'keyword', 'evidence_span': '隐私权', 'label_origin': 'machine_inferred', 'routing_only': True, 'source_level': 'B'}		internal_fragment	1.166667	"{""2023"":1,""2024"":1}"	FXZZ202301011;FXZZ202405010	A1/A2	pending_human_review
e73959485c5f45449466	性的判断	cross_paper_discovery	bounded_chinese_ngram_maximal_repeat	2	2	2;3	"{""1"":0,""2"":1,""3"":1}"		{'confidence': 0.1, 'domain': 'unrouted', 'evidence_source': 'keyword', 'evidence_span': '解约定金', 'label_origin': 'machine_inferred', 'routing_only': True, 'source_level': 'B'};{'confidence': 0.68, 'domain': '侵权责任', 'evidence_source': 'keyword', 'evidence_span': '定金责任', 'label_origin': 'machine_inferred', 'routing_only': True, 'source_level': 'B'};{'confidence': 0.72, 'domain': '合同法', 'evidence_source': 'keyword', 'evidence_span': '违约定金', 'label_origin': 'machine_inferred', 'routing_only': True, 'source_level': 'B'}		internal_fragment	1.0	"{""2023"":1,""2024"":1}"	FXZZ202303006;FXZZ202404010	A1/A2	pending_human_review
548ea95efcde92ad1021	性的实	cross_paper_discovery	bounded_chinese_ngram_maximal_repeat	4	4	2;3	"{""1"":0,""2"":3,""3"":3}"		{'confidence': 0.1, 'domain': 'unrouted', 'evidence_source': 'keyword', 'evidence_span': '女性劳动权益保障', 'label_origin': 'machine_inferred', 'routing_only': True, 'source_level': 'B'}		internal_fragment	2.0	"{""2023"":5,""2024"":1}"	FXZZ202304011;FXZZ202305007;FXZZ202308002;FXZZ202404004	A1/A2	pending_human_review
7d2f27e0f10972678470	性的实现	cross_paper_discovery	bounded_chinese_ngram_maximal_repeat	3	3	2;3	"{""1"":0,""2"":3,""3"":2}"		{'confidence': 0.1, 'domain': 'unrouted', 'evidence_source': 'keyword', 'evidence_span': '女性劳动权益保障', 'label_origin': 'machine_inferred', 'routing_only': True, 'source_level': 'B'}		internal_fragment	1.2	"{""2023"":4,""2024"":1}"	FXZZ202304011;FXZZ202308002;FXZZ202404004	A1/A2	pending_human_review
68875bddee80ef3c87d1	性的法	cross_paper_discovery	bounded_chinese_ngram_maximal_repeat	3	3	1;2;3	"{""1"":1,""2"":1,""3"":1}"		{'confidence': 0.1, 'domain': 'unrouted', 'evidence_source': 'keyword', 'evidence_span': '解约定金', 'label_origin': 'machine_inferred', 'routing_only': True, 'source_level': 'B'};{'confidence': 0.68, 'domain': '侵权责任', 'evidence_source': 'keyword', 'evidence_span': '定金责任', 'label_origin': 'machine_inferred', 'routing_only': True, 'source_level': 'B'};{'confidence': 0.68, 'domain': '程序法', 'evidence_source': 'keyword', 'evidence_span': '核准程序', 'label_origin': 'machine_inferred', 'routing_only': True, 'source_level': 'B'};{'confidence': 0.72, 'domain': '合同法', 'evidence_source': 'keyword', 'evidence_span': '违约定金', 'label_origin': 'machine_inferred', 'routing_only': True, 'source_level': 'B'}		internal_fragment	2.0	"{""2023"":2,""2024"":1}"	FXZZ202303006;FXZZ202307005;FXZZ202412005	A1/A2	pending_human_review
cb99f3c9b90ca0965313	性空间	cross_paper_discovery	bounded_chinese_ngram_maximal_repeat	2	2	2;3	"{""1"":0,""2"":1,""3"":1}"		{'confidence': 0.1, 'domain': 'unrouted', 'evidence_source': 'keyword', 'evidence_span': '刑法保障', 'label_origin': 'machine_inferred', 'routing_only': True, 'source_level': 'B'}		internal_fragment	1.166667	"{""2023"":2}"	FXZZ202301007;FXZZ202307014	A1/A2	pending_human_review
08896ecc7cc7b210525f	性立法	cross_paper_discovery	bounded_chinese_ngram_maximal_repeat	3	3	2;3	"{""1"":0,""2"":2,""3"":1}"		{'confidence': 0.1, 'domain': 'unrouted', 'evidence_source': 'keyword', 'evidence_span': '合目的性改革', 'label_origin': 'machine_inferred', 'routing_only': True, 'source_level': 'B'}		internal_fragment	2.0	"{""2023"":2,""2024"":1}"	FXZZ202301004;FXZZ202311013;FXZZ202407005	A1/A2	pending_human_review
e4b5f8ef024c00d0dbbf	性约束	cross_paper_discovery	bounded_chinese_ngram_maximal_repeat	2	2	2	"{""1"":0,""2"":2,""3"":0}"		{'confidence': 0.1, 'domain': 'unrouted', 'evidence_source': 'keyword', 'evidence_span': '合目的性改革', 'label_origin': 'machine_inferred', 'routing_only': True, 'source_level': 'B'};{'confidence': 0.68, 'domain': '程序法', 'evidence_source': 'keyword', 'evidence_span': '外部审查', 'label_origin': 'machine_inferred', 'routing_only': True, 'source_level': 'B'}		internal_fragment	1.333334	"{""2023"":2}"	FXZZ202301004;FXZZ202303010	A1/A2	pending_human_review
35ef2b25abc7a513b62c	性考量	cross_paper_discovery	bounded_chinese_ngram_maximal_repeat	2	2	2	"{""1"":0,""2"":2,""3"":0}"		{'confidence': 0.1, 'domain': 'unrouted', 'evidence_source': 'keyword', 'evidence_span': '基本权利', 'label_origin': 'machine_inferred', 'routing_only': True, 'source_level': 'B'}		internal_fragment	1.166667	"{""2023"":1,""2024"":1}"	FXZZ202311013;FXZZ202412002	A1/A2	pending_human_review
98dd303c8f0eb68dcc1e	性要求	cross_paper_discovery	bounded_chinese_ngram_maximal_repeat	5	5	1;2	"{""1"":1,""2"":13,""3"":0}"	制度构建;程序审查	{'confidence': 0.1, 'domain': 'unrouted', 'evidence_source': 'keyword', 'evidence_span': '功能定位', 'label_origin': 'machine_inferred', 'routing_only': True, 'source_level': 'B'};{'confidence': 0.68, 'domain': '程序法', 'evidence_source': 'keyword', 'evidence_span': '审查批准', 'label_origin': 'machine_inferred', 'routing_only': True, 'source_level': 'B'}		internal_fragment	2.440477	"{""2023"":14}"	FXZZ202308004;FXZZ202308012;FXZZ202309005;FXZZ202310004;FXZZ202311007	A1/A2	pending_human_review
a8c01b70539862c8f871	性规则	cross_paper_discovery	bounded_chinese_ngram_maximal_repeat	3	3	2;3	"{""1"":0,""2"":6,""3"":1}"	制度构建;程序审查	{'confidence': 0.1, 'domain': 'unrouted', 'evidence_source': 'keyword', 'evidence_span': '惩罚机制', 'label_origin': 'machine_inferred', 'routing_only': True, 'source_level': 'B'}		internal_fragment	1.714286	"{""2023"":6,""2024"":1}"	FXZZ202309011;FXZZ202311008;FXZZ202404005	A1/A2	pending_human_review
e99d2ea9a93099e5faba	性规定	cross_paper_discovery	bounded_chinese_ngram_maximal_repeat	3	3	1;2	"{""1"":1,""2"":2,""3"":0}"	规范依据	{'confidence': 0.1, 'domain': 'unrouted', 'evidence_source': 'keyword', 'evidence_span': '收养秩序', 'label_origin': 'machine_inferred', 'routing_only': True, 'source_level': 'B'}		internal_fragment	1.833333	"{""2023"":1,""2024"":2}"	FXZZ202307003;FXZZ202403002;FXZZ202405007	A1/A2	pending_human_review
6ea7a4cd0fa25ab22aff	性规范	cross_paper_discovery	bounded_chinese_ngram_maximal_repeat	2	2	1;2	"{""1"":1,""2"":2,""3"":0}"	规范依据	{'confidence': 0.1, 'domain': 'unrouted', 'evidence_source': 'keyword', 'evidence_span': '情理原则', 'label_origin': 'machine_inferred', 'routing_only': True, 'source_level': 'B'}		internal_fragment	1.250001	"{""2024"":3}"	FXZZ202406002;FXZZ202407009	A1/A2	pending_human_review
f5f2ca1a8534af99f9a0	性解释	cross_paper_discovery	bounded_chinese_ngram_maximal_repeat	3	3	1;2	"{""1"":2,""2"":1,""3"":0}"		{'confidence': 0.1, 'domain': 'unrouted', 'evidence_source': 'keyword', 'evidence_span': '隐私权保护', 'label_origin': 'machine_inferred', 'routing_only': True, 'source_level': 'B'}		internal_fragment	1.833333	"{""2024"":3}"	FXZZ202403002;FXZZ202406011;FXZZ202407001	A1/A2	pending_human_review
be1d80658d34b79be264	性评价	cross_paper_discovery	bounded_chinese_ngram_maximal_repeat	2	2	1;3	"{""1"":1,""2"":0,""3"":1}"	证据证明	{'confidence': 0.1, 'domain': 'unrouted', 'evidence_source': 'keyword', 'evidence_span': '疏明', 'label_origin': 'machine_inferred', 'routing_only': True, 'source_level': 'B'};{'confidence': 0.68, 'domain': '程序法', 'evidence_source': 'keyword', 'evidence_span': '司法审查', 'label_origin': 'machine_inferred', 'routing_only': True, 'source_level': 'B'}		internal_fragment	1.166667	"{""2023"":1,""2024"":1}"	FXZZ202310010;FXZZ202407006	A1/A2	pending_human_review
2b2eca53f53070aa72e1	性适用	cross_paper_discovery	bounded_chinese_ngram_maximal_repeat	2	2	2	"{""1"":0,""2"":2,""3"":0}"	权利救济;规范依据	{'confidence': 0.1, 'domain': 'unrouted', 'evidence_source': 'keyword', 'evidence_span': '行政许可法', 'label_origin': 'machine_inferred', 'routing_only': True, 'source_level': 'B'};{'confidence': 0.68, 'domain': '程序法', 'evidence_source': 'keyword', 'evidence_span': '特别程序', 'label_origin': 'machine_inferred', 'routing_only': True, 'source_level': 'B'}		internal_fragment	1.166667	"{""2023"":1,""2024"":1}"	FXZZ202309013;FXZZ202406004	A1/A2	pending_human_review
c0d313be9d22c4111a09	性问题	cross_paper_discovery	bounded_chinese_ngram_maximal_repeat	3	3	1;2	"{""1"":1,""2"":2,""3"":0}"	制度构建	{'confidence': 0.1, 'domain': 'unrouted', 'evidence_source': 'keyword', 'evidence_span': '通信秘密', 'label_origin': 'machine_inferred', 'routing_only': True, 'source_level': 'B'}		internal_fragment	1.833333	"{""2023"":3}"	FXZZ202302009;FXZZ202308005;FXZZ202310005	A1/A2	pending_human_review
8683f23e67f2d0464b7d	情节恶劣	cross_paper_discovery	bounded_chinese_ngram_maximal_repeat	2	2	1;2	"{""1"":4,""2"":3,""3"":0}"		{'confidence': 0.1, 'domain': 'unrouted', 'evidence_source': 'keyword', 'evidence_span': '监察范围', 'label_origin': 'machine_inferred', 'routing_only': True, 'source_level': 'B'}		low_wordhood_score	0.571429	"{""2023"":3,""2024"":4}"	FXZZ202307006;FXZZ202405007	A1/A2	pending_human_review
3f37a35ac27be08d5ee0	惩罚性	cross_paper_discovery	bounded_chinese_ngram_maximal_repeat	3	3	1;2;3	"{""1"":5,""2"":5,""3"":1}"	制度构建;权利救济;比较法	{'confidence': 0.1, 'domain': 'unrouted', 'evidence_source': 'keyword', 'evidence_span': '解约定金', 'label_origin': 'machine_inferred', 'routing_only': True, 'source_level': 'B'};{'confidence': 0.68, 'domain': '侵权责任', 'evidence_source': 'keyword', 'evidence_span': '定金责任', 'label_origin': 'machine_inferred', 'routing_only': True, 'source_level': 'B'};{'confidence': 0.68, 'domain': '程序法', 'evidence_source': 'keyword', 'evidence_span': '消费公益诉讼', 'label_origin': 'machine_inferred', 'routing_only': True, 'source_level': 'B'};{'confidence': 0.72, 'domain': '合同法', 'evidence_source': 'keyword', 'evidence_span': '违约定金', 'label_origin': 'machine_inferred', 'routing_only': True, 'source_level': 'B'}		internal_fragment	1.318182	"{""2023"":10,""2024"":1}"	FXZZ202303006;FXZZ202312008;FXZZ202404009	A1/A2	pending_human_review
990e6d1a6e4ab2213447	意义务	cross_paper_discovery	bounded_chinese_ngram_maximal_repeat	4	4	1;2;3	"{""1"":5,""2"":5,""3"":3}"	程序审查;规范依据	{'confidence': 0.1, 'domain': 'unrouted', 'evidence_source': 'keyword', 'evidence_span': '罪量要素', 'label_origin': 'machine_inferred', 'routing_only': True, 'source_level': 'B'};{'confidence': 0.66, 'domain': '规范理论', 'evidence_source': 'keyword', 'evidence_span': '规范保护目的', 'label_origin': 'machine_inferred', 'routing_only': True, 'source_level': 'B'};{'confidence': 0.72, 'domain': '合同法', 'evidence_source': 'keyword', 'evidence_span': '解除权', 'label_origin': 'machine_inferred', 'routing_only': True, 'source_level': 'B'}		internal_fragment	1.743589	"{""2023"":6,""2024"":7}"	FXZZ202304004;FXZZ202306003;FXZZ202312007;FXZZ202407009	A1/A2	pending_human_review
ba7d3225860e732e61c6	意义和实	cross_paper_discovery	bounded_chinese_ngram_maximal_repeat	2	2	2	"{""1"":0,""2"":2,""3"":0}"		{'confidence': 0.1, 'domain': 'unrouted', 'evidence_source': 'keyword', 'evidence_span': '法逻辑诠释', 'label_origin': 'machine_inferred', 'routing_only': True, 'source_level': 'B'}		internal_fragment	1.0	"{""2023"":1,""2026"":1}"	FXZZ202306002;FXZZ202607005	A1/A2	pending_human_review
37397d073676b112904d	意思表示	cross_paper_discovery	bounded_chinese_ngram_maximal_repeat	2	2	2;3	"{""1"":0,""2"":2,""3"":4}"	法律后果	{'confidence': 0.1, 'domain': 'unrouted', 'evidence_source': 'keyword', 'evidence_span': '社会危害性', 'label_origin': 'machine_inferred', 'routing_only': True, 'source_level': 'B'}		internal_fragment;low_wordhood_score	0.714286	"{""2024"":5,""2026"":1}"	FXZZ202404005;FXZZ202607007	A1/A2	pending_human_review
204c087603849f5d226d	成的共识	cross_paper_discovery	bounded_chinese_ngram_maximal_repeat	2	2	1;2	"{""1"":1,""2"":1,""3"":0}"		{'confidence': 0.1, 'domain': 'unrouted', 'evidence_source': 'keyword', 'evidence_span': '平台用工', 'label_origin': 'machine_inferred', 'routing_only': True, 'source_level': 'B'}		internal_fragment	1.0	"{""2023"":1,""2024"":1}"	FXZZ202306011;FXZZ202404013	A1/A2	pending_human_review
50f8e1697a86a111fa9b	成要件	cross_paper_discovery	bounded_chinese_ngram_maximal_repeat	6	6	1;2;3	"{""1"":2,""2"":8,""3"":1}"	构成要件;规范依据	{'confidence': 0.1, 'domain': 'unrouted', 'evidence_source': 'keyword', 'evidence_span': '实际控制人', 'label_origin': 'machine_inferred', 'routing_only': True, 'source_level': 'B'};{'confidence': 0.68, 'domain': '侵权责任', 'evidence_source': 'keyword', 'evidence_span': '直接责任人员', 'label_origin': 'machine_inferred', 'routing_only': True, 'source_level': 'B'}		internal_fragment	2.454545	"{""2023"":9,""2024"":2}"	FXZZ202304005;FXZZ202306012;FXZZ202307008;FXZZ202308007;FXZZ202312005;FXZZ202407007	A1/A2	pending_human_review
b7bd53647c1afeae3b13	我国传统	cross_paper_discovery	bounded_chinese_ngram_maximal_repeat	2	2	2	"{""1"":0,""2"":2,""3"":0}"	构成要件	{'confidence': 0.1, 'domain': 'unrouted', 'evidence_source': 'keyword', 'evidence_span': '不合理的对待', 'label_origin': 'machine_inferred', 'routing_only': True, 'source_level': 'B'};{'confidence': 0.66, 'domain': '规范理论', 'evidence_source': 'keyword', 'evidence_span': '规范自身平等', 'label_origin': 'machine_inferred', 'routing_only': True, 'source_level': 'B'};{'confidence': 0.68, 'domain': '侵权责任', 'evidence_source': 'keyword', 'evidence_span': '监护人责任', 'label_origin': 'machine_inferred', 'routing_only': True, 'source_level': 'B'}		internal_fragment	0.875	"{""2023"":2}"	FXZZ202302003;FXZZ202310007	A1/A2	pending_human_review
08c34ba4127fb1bacc94	我国刑	cross_paper_discovery	bounded_chinese_ngram_maximal_repeat	4	4	1;2	"{""1"":4,""2"":2,""3"":0}"	制度构建	{'confidence': 0.1, 'domain': 'unrouted', 'evidence_source': 'keyword', 'evidence_span': '承继的共犯', 'label_origin': 'machine_inferred', 'routing_only': True, 'source_level': 'B'};{'confidence': 0.68, 'domain': '程序法', 'evidence_source': 'keyword', 'evidence_span': '诉讼时效', 'label_origin': 'machine_inferred', 'routing_only': True, 'source_level': 'B'}		internal_fragment	1.888888	"{""2023"":2,""2024"":4}"	FXZZ202309006;FXZZ202311011;FXZZ202404007;FXZZ202405011	A1/A2	pending_human_review
89a6d4d9c34e682695d1	我国刑事	cross_paper_discovery	bounded_chinese_ngram_maximal_repeat	2	2	1;2	"{""1"":3,""2"":1,""3"":0}"	制度构建	{'confidence': 0.1, 'domain': 'unrouted', 'evidence_source': 'keyword', 'evidence_span': '可携带权', 'label_origin': 'machine_inferred', 'routing_only': True, 'source_level': 'B'}		internal_fragment;low_wordhood_score	0.6875	"{""2023"":1,""2024"":3}"	FXZZ202311011;FXZZ202405011	A1/A2	pending_human_review
deeebc8622488557ac26	我国刑法	cross_paper_discovery	bounded_chinese_ngram_maximal_repeat	2	2	1;2	"{""1"":1,""2"":1,""3"":0}"		{'confidence': 0.1, 'domain': 'unrouted', 'evidence_source': 'keyword', 'evidence_span': '承继的共犯', 'label_origin': 'machine_inferred', 'routing_only': True, 'source_level': 'B'};{'confidence': 0.68, 'domain': '程序法', 'evidence_source': 'keyword', 'evidence_span': '诉讼时效', 'label_origin': 'machine_inferred', 'routing_only': True, 'source_level': 'B'}		internal_fragment	0.875	"{""2023"":1,""2024"":1}"	FXZZ202309006;FXZZ202404007	A1/A2	pending_human_review
3a114cf813949ac4c4e5	我国学	cross_paper_discovery	bounded_chinese_ngram_maximal_repeat	4	4	1;2;3	"{""1"":1,""2"":2,""3"":1}"		{'confidence': 0.1, 'domain': 'unrouted', 'evidence_source': 'keyword', 'evidence_span': '不合理的对待', 'label_origin': 'machine_inferred', 'routing_only': True, 'source_level': 'B'};{'confidence': 0.66, 'domain': '规范理论', 'evidence_source': 'keyword', 'evidence_span': '规范自身平等', 'label_origin': 'machine_inferred', 'routing_only': True, 'source_level': 'B'}		internal_fragment	2.0	"{""2023"":2,""2024"":1,""2026"":1}"	FXZZ202302003;FXZZ202309006;FXZZ202403012;FXZZ202607007	A1/A2	pending_human_review
e5eb6ab84893f4cac1be	我国学界	cross_paper_discovery	bounded_chinese_ngram_maximal_repeat	2	2	2;3	"{""1"":0,""2"":1,""3"":1}"		{'confidence': 0.1, 'domain': 'unrouted', 'evidence_source': 'keyword', 'evidence_span': '承继的共犯', 'label_origin': 'machine_inferred', 'routing_only': True, 'source_level': 'B'}		internal_fragment	1.0	"{""2023"":1,""2024"":1}"	FXZZ202309006;FXZZ202403012	A1/A2	pending_human_review
fa42772487a5ae9e5e08	我国学者	cross_paper_discovery	bounded_chinese_ngram_maximal_repeat	2	2	1;2	"{""1"":1,""2"":1,""3"":0}"		{'confidence': 0.1, 'domain': 'unrouted', 'evidence_source': 'keyword', 'evidence_span': '不合理的对待', 'label_origin': 'machine_inferred', 'routing_only': True, 'source_level': 'B'};{'confidence': 0.66, 'domain': '规范理论', 'evidence_source': 'keyword', 'evidence_span': '规范自身平等', 'label_origin': 'machine_inferred', 'routing_only': True, 'source_level': 'B'}		internal_fragment	0.875	"{""2023"":1,""2026"":1}"	FXZZ202302003;FXZZ202607007	A1/A2	pending_human_review
bfc33e21f0050fc63612	我国宪法明	cross_paper_discovery	bounded_chinese_ngram_maximal_repeat	2	2	2;3	"{""1"":0,""2"":1,""3"":1}"		{'confidence': 0.1, 'domain': 'unrouted', 'evidence_source': 'keyword', 'evidence_span': '数据自决权', 'label_origin': 'machine_inferred', 'routing_only': True, 'source_level': 'B'}		internal_fragment;low_wordhood_score	0.7	"{""2023"":1,""2024"":1}"	FXZZ202301003;FXZZ202401005	A1/A2	pending_human_review
771b37923a8af4c02292	我国数	cross_paper_discovery	bounded_chinese_ngram_maximal_repeat	2	2	1;2	"{""1"":2,""2"":3,""3"":0}"		{'confidence': 0.1, 'domain': 'unrouted', 'evidence_source': 'keyword', 'evidence_span': '专属经济区内平时军事活动', 'label_origin': 'machine_inferred', 'routing_only': True, 'source_level': 'B'}		internal_fragment	0.933334	"{""2023"":1,""2024"":4}"	FXZZ202310012;FXZZ202407013	A1/A2	pending_human_review
5fce338d73a0c1ea4ae5	我国法	cross_paper_discovery	bounded_chinese_ngram_maximal_repeat	5	5	2;3	"{""1"":0,""2"":3,""3"":2}"		{'confidence': 0.1, 'domain': 'unrouted', 'evidence_source': 'keyword', 'evidence_span': '特定化', 'label_origin': 'machine_inferred', 'routing_only': True, 'source_level': 'B'};{'confidence': 0.68, 'domain': '程序法', 'evidence_source': 'keyword', 'evidence_span': '司法审查', 'label_origin': 'machine_inferred', 'routing_only': True, 'source_level': 'B'}		internal_fragment	2.333334	"{""2023"":5}"	FXZZ202301008;FXZZ202301009;FXZZ202302007;FXZZ202307003;FXZZ202310010	A1/A2	pending_human_review
938eeef6d13c783775d7	我国法律	cross_paper_discovery	bounded_chinese_ngram_maximal_repeat	2	2	2;3	"{""1"":0,""2"":1,""3"":1}"		{'confidence': 0.1, 'domain': 'unrouted', 'evidence_source': 'keyword', 'evidence_span': '收养秩序', 'label_origin': 'machine_inferred', 'routing_only': True, 'source_level': 'B'};{'confidence': 0.68, 'domain': '程序法', 'evidence_source': 'keyword', 'evidence_span': '司法审查', 'label_origin': 'machine_inferred', 'routing_only': True, 'source_level': 'B'}		internal_fragment	1.0	"{""2023"":2}"	FXZZ202307003;FXZZ202310010	A1/A2	pending_human_review
c028a667fc8e350d0dd8	我国行政	cross_paper_discovery	bounded_chinese_ngram_maximal_repeat	2	2	1;3	"{""1"":1,""2"":0,""3"":1}"		{'confidence': 0.1, 'domain': 'unrouted', 'evidence_source': 'keyword', 'evidence_span': '竞争中性', 'label_origin': 'machine_inferred', 'routing_only': True, 'source_level': 'B'};{'confidence': 0.68, 'domain': '程序法', 'evidence_source': 'keyword', 'evidence_span': '外部审查', 'label_origin': 'machine_inferred', 'routing_only': True, 'source_level': 'B'}		internal_fragment	0.875	"{""2023"":1,""2024"":1}"	FXZZ202303010;FXZZ202407004	A1/A2	pending_human_review
de001a1ae86ab17c9ab4	所有权	cross_paper_discovery	bounded_chinese_ngram_maximal_repeat	3	3	1;2	"{""1"":3,""2"":11,""3"":0}"	程序审查	{'confidence': 0.1, 'domain': 'unrouted', 'evidence_source': 'keyword', 'evidence_span': '“避风港”规则', 'label_origin': 'machine_inferred', 'routing_only': True, 'source_level': 'B'}		internal_fragment	1.433333	"{""2023"":13,""2024"":1}"	FXZZ202307009;FXZZ202311003;FXZZ202405010	A1/A2	pending_human_review
6f27dfae396f5c1808c7	执法实	cross_paper_discovery	bounded_chinese_ngram_maximal_repeat	2	2	3	"{""1"":0,""2"":0,""3"":2}"		{'confidence': 0.1, 'domain': 'unrouted', 'evidence_source': 'keyword', 'evidence_span': '共同行为', 'label_origin': 'machine_inferred', 'routing_only': True, 'source_level': 'B'}		internal_fragment	1.333334	"{""2023"":2}"	FXZZ202302011;FXZZ202303011	A1/A2	pending_human_review
ac0213013759d6fa14a2	执法模式	cross_paper_discovery	bounded_chinese_ngram_maximal_repeat	2	2	1;2	"{""1"":1,""2"":3,""3"":0}"	制度构建	{'confidence': 0.1, 'domain': 'unrouted', 'evidence_source': 'keyword', 'evidence_span': '一体化处罚观', 'label_origin': 'machine_inferred', 'routing_only': True, 'source_level': 'B'};{'confidence': 0.68, 'domain': '程序法', 'evidence_source': 'keyword', 'evidence_span': '消费公益诉讼', 'label_origin': 'machine_inferred', 'routing_only': True, 'source_level': 'B'}		generic_container;internal_fragment	0.8125	"{""2023"":4}"	FXZZ202302010;FXZZ202312008	A1/A2	pending_human_review
62ffcf0b2dda9f94d6ac	执法程序	cross_paper_discovery	bounded_chinese_ngram_maximal_repeat	2	2	1;2;3	"{""1"":1,""2"":1,""3"":1}"	程序审查	{'confidence': 0.1, 'domain': 'unrouted', 'evidence_source': 'keyword', 'evidence_span': '一体化处罚观', 'label_origin': 'machine_inferred', 'routing_only': True, 'source_level': 'B'};{'confidence': 0.68, 'domain': '程序法', 'evidence_source': 'keyword', 'evidence_span': '特别程序', 'label_origin': 'machine_inferred', 'routing_only': True, 'source_level': 'B'}		internal_fragment;lexical_support	0.916667	"{""2023"":1,""2024"":2}"	FXZZ202302010;FXZZ202406004	A1/A2	pending_human_review
10216681cb07e0dcb12b	执行性	cross_paper_discovery	bounded_chinese_ngram_maximal_repeat	3	3	1;2;3	"{""1"":4,""2"":2,""3"":3}"	程序审查	{'confidence': 0.1, 'domain': 'unrouted', 'evidence_source': 'keyword', 'evidence_span': '不当联结禁止', 'label_origin': 'machine_inferred', 'routing_only': True, 'source_level': 'B'}		internal_fragment	1.222222	"{""2023"":1,""2024"":8}"	FXZZ202311013;FXZZ202403004;FXZZ202407005	A1/A2	pending_human_review
8c9926510af3b4177ca4	技术发展	cross_paper_discovery	bounded_chinese_ngram_maximal_repeat	2	2	2	"{""1"":0,""2"":2,""3"":0}"		{'confidence': 0.1, 'domain': 'unrouted', 'evidence_source': 'keyword', 'evidence_span': '无权代理', 'label_origin': 'machine_inferred', 'routing_only': True, 'source_level': 'B'};{'confidence': 0.68, 'domain': '侵权责任', 'evidence_source': 'keyword', 'evidence_span': '法人单独责任', 'label_origin': 'machine_inferred', 'routing_only': True, 'source_level': 'B'}		internal_fragment	1.0	"{""2024"":2}"	FXZZ202403007;FXZZ202404005	A1/A2	pending_human_review
a53537050cbdca1a491f	技术性	cross_paper_discovery	bounded_chinese_ngram_maximal_repeat	3	3	2;3	"{""1"":0,""2"":2,""3"":1}"		{'confidence': 0.1, 'domain': 'unrouted', 'evidence_source': 'keyword', 'evidence_span': '简约性原则', 'label_origin': 'machine_inferred', 'routing_only': True, 'source_level': 'B'}		internal_fragment	2.0	"{""2023"":2,""2024"":1}"	FXZZ202306010;FXZZ202310004;FXZZ202405011	A1/A2	pending_human_review
ae21bf41406900386e80	技术问题	cross_paper_discovery	bounded_chinese_ngram_maximal_repeat	2	2	1	"{""1"":2,""2"":0,""3"":0}"		{'confidence': 0.1, 'domain': 'unrouted', 'evidence_source': 'keyword', 'evidence_span': '罪名体系', 'label_origin': 'machine_inferred', 'routing_only': True, 'source_level': 'B'}		internal_fragment	0.875	"{""2023"":1,""2024"":1}"	FXZZ202302006;FXZZ202404003	A1/A2	pending_human_review
d5705ae8dfbeb5697251	技术难	cross_paper_discovery	bounded_chinese_ngram_maximal_repeat	2	2	2;3	"{""1"":0,""2"":1,""3"":1}"		{'confidence': 0.1, 'domain': 'unrouted', 'evidence_source': 'keyword', 'evidence_span': '刑法保障', 'label_origin': 'machine_inferred', 'routing_only': True, 'source_level': 'B'}		internal_fragment	1.166667	"{""2023"":1,""2024"":1}"	FXZZ202301007;FXZZ202404003	A1/A2	pending_human_review
676393added043a0d4ee	投资者	cross_paper_discovery	bounded_chinese_ngram_maximal_repeat	2	2	1;2;3	"{""1"":2,""2"":3,""3"":6}"		{'confidence': 0.1, 'domain': 'unrouted', 'evidence_source': 'keyword', 'evidence_span': '投资争端解决', 'label_origin': 'machine_inferred', 'routing_only': True, 'source_level': 'B'};{'confidence': 0.66, 'domain': '比较法', 'evidence_source': 'keyword', 'evidence_span': '国际投资条约', 'label_origin': 'machine_inferred', 'routing_only': True, 'source_level': 'B'};{'confidence': 0.68, 'domain': '侵权责任', 'evidence_source': 'keyword', 'evidence_span': '企业社会责任', 'label_origin': 'machine_inferred', 'routing_only': True, 'source_level': 'B'}		internal_fragment	1.030304	"{""2023"":11}"	FXZZ202303012;FXZZ202304008	A1/A2	pending_human_review
c4248091005c50f6b785	投资风险	cross_paper_discovery	bounded_chinese_ngram_maximal_repeat	2	2	1;3	"{""1"":1,""2"":0,""3"":1}"				internal_fragment	1.0	"{""2023"":1,""2024"":1}"	FXZZ202301013;FXZZ202407013	A1/A2	pending_human_review
2c6d3357fa2196f8e7a0	抗辩	legal_term	config_legal_term_longest_match	2	2	1;2;3	"{""1"":1,""2"":3,""3"":3}"		{'confidence': 0.1, 'domain': 'unrouted', 'evidence_source': 'keyword', 'evidence_span': '通信秘密', 'label_origin': 'machine_inferred', 'routing_only': True, 'source_level': 'B'};{'confidence': 0.68, 'domain': '侵权责任', 'evidence_source': 'keyword', 'evidence_span': '定金责任', 'label_origin': 'machine_inferred', 'routing_only': True, 'source_level': 'B'};{'confidence': 0.72, 'domain': '合同法', 'evidence_source': 'keyword', 'evidence_span': '违约定金', 'label_origin': 'machine_inferred', 'routing_only': True, 'source_level': 'B'}				"{""2023"":7}"	FXZZ202302009;FXZZ202303006	A1/A2	pending_human_review
5f9be3e9b92c947d92c4	护基础	cross_paper_discovery	bounded_chinese_ngram_maximal_repeat	2	2	1;3	"{""1"":1,""2"":0,""3"":1}"		{'confidence': 0.1, 'domain': 'unrouted', 'evidence_source': 'keyword', 'evidence_span': '犯罪情节', 'label_origin': 'machine_inferred', 'routing_only': True, 'source_level': 'B'};{'confidence': 0.68, 'domain': '程序法', 'evidence_source': 'keyword', 'evidence_span': '核准程序', 'label_origin': 'machine_inferred', 'routing_only': True, 'source_level': 'B'}		internal_fragment	1.333334	"{""2023"":1,""2024"":1}"	FXZZ202307005;FXZZ202404007	A1/A2	pending_human_review
1bd178adeae83baefbef	护我国	cross_paper_discovery	bounded_chinese_ngram_maximal_repeat	2	2	1;2	"{""1"":1,""2"":1,""3"":0}"				internal_fragment	1.333334	"{""2023"":1,""2024"":1}"	FXZZ202310013;FXZZ202407013	A1/A2	pending_human_review
cf4668647ab8cc61d082	护法律	cross_paper_discovery	bounded_chinese_ngram_maximal_repeat	4	4	1;2;3	"{""1"":2,""2"":1,""3"":2}"	制度构建;规范依据	{'confidence': 0.1, 'domain': 'unrouted', 'evidence_source': 'keyword', 'evidence_span': '社会危害性', 'label_origin': 'machine_inferred', 'routing_only': True, 'source_level': 'B'};{'confidence': 0.68, 'domain': '程序法', 'evidence_source': 'keyword', 'evidence_span': '备案审查', 'label_origin': 'machine_inferred', 'routing_only': True, 'source_level': 'B'};{'confidence': 0.72, 'domain': '合同法', 'evidence_source': 'keyword', 'evidence_span': '合同解除', 'label_origin': 'machine_inferred', 'routing_only': True, 'source_level': 'B'}		internal_fragment	2.0	"{""2024"":5}"	FXZZ202404005;FXZZ202404009;FXZZ202406006;FXZZ202407004	A1/A2	pending_human_review
bcbeaefe454d1204fb97	护法律规	cross_paper_discovery	bounded_chinese_ngram_maximal_repeat	2	2	1;3	"{""1"":2,""2"":0,""3"":1}"	规范依据	{'confidence': 0.1, 'domain': 'unrouted', 'evidence_source': 'keyword', 'evidence_span': '社会危害性', 'label_origin': 'machine_inferred', 'routing_only': True, 'source_level': 'B'};{'confidence': 0.68, 'domain': '程序法', 'evidence_source': 'keyword', 'evidence_span': '备案审查', 'label_origin': 'machine_inferred', 'routing_only': True, 'source_level': 'B'}		internal_fragment	0.833333	"{""2024"":3}"	FXZZ202404005;FXZZ202407004	A1/A2	pending_human_review
441e48d0dd71ddde82da	抵押权	cross_paper_discovery	bounded_chinese_ngram_maximal_repeat	2	2	1;2	"{""1"":4,""2"":1,""3"":0}"	法律后果	{'confidence': 0.1, 'domain': 'unrouted', 'evidence_source': 'keyword', 'evidence_span': '特定化', 'label_origin': 'machine_inferred', 'routing_only': True, 'source_level': 'B'};{'confidence': 0.66, 'domain': '规范理论', 'evidence_source': 'keyword', 'evidence_span': '规范目的', 'label_origin': 'machine_inferred', 'routing_only': True, 'source_level': 'B'}		internal_fragment	0.933334	"{""2023"":5}"	FXZZ202301008;FXZZ202308008	A1/A2	pending_human_review
483c632ca8a510b2a6d8	抽象危险犯	cross_paper_discovery	bounded_chinese_ngram_maximal_repeat	2	2	2;3	"{""1"":0,""2"":2,""3"":2}"		{'confidence': 0.1, 'domain': 'unrouted', 'evidence_source': 'keyword', 'evidence_span': '实际控制人', 'label_origin': 'machine_inferred', 'routing_only': True, 'source_level': 'B'};{'confidence': 0.68, 'domain': '侵权责任', 'evidence_source': 'keyword', 'evidence_span': '直接责任人员', 'label_origin': 'machine_inferred', 'routing_only': True, 'source_level': 'B'}		internal_fragment;low_wordhood_score	0.65	"{""2023"":4}"	FXZZ202304005;FXZZ202309006	A1/A2	pending_human_review
24f42e09145df875bea3	担保权	cross_paper_discovery	bounded_chinese_ngram_maximal_repeat	2	2	2	"{""1"":0,""2"":2,""3"":0}"		{'confidence': 0.1, 'domain': 'unrouted', 'evidence_source': 'keyword', 'evidence_span': '特定化', 'label_origin': 'machine_inferred', 'routing_only': True, 'source_level': 'B'}		internal_fragment	1.333334	"{""2023"":2}"	FXZZ202301008;FXZZ202307009	A1/A2	pending_human_review
cc80c19dd6ac9d904f27	拒绝履行	cross_paper_discovery	bounded_chinese_ngram_maximal_repeat	2	2	2;3	"{""1"":0,""2"":2,""3"":1}"		{'confidence': 0.1, 'domain': 'unrouted', 'evidence_source': 'keyword', 'evidence_span': '实质等同原则', 'label_origin': 'machine_inferred', 'routing_only': True, 'source_level': 'B'}		internal_fragment	0.916667	"{""2023"":2,""2024"":1}"	FXZZ202305009;FXZZ202404010	A1/A2	pending_human_review
aebe33e12d6aadf372cb	指导案例	cross_paper_discovery	bounded_chinese_ngram_maximal_repeat	2	2	2;3	"{""1"":0,""2"":2,""3"":1}"	案例适用;程序审查	{'confidence': 0.1, 'domain': 'unrouted', 'evidence_source': 'keyword', 'evidence_span': '平行效果', 'label_origin': 'machine_inferred', 'routing_only': True, 'source_level': 'B'};{'confidence': 0.68, 'domain': '程序法', 'evidence_source': 'keyword', 'evidence_span': '程序简化', 'label_origin': 'machine_inferred', 'routing_only': True, 'source_level': 'B'}		internal_fragment	0.833333	"{""2023"":2,""2024"":1}"	FXZZ202308010;FXZZ202405007	A1/A2	pending_human_review
d1f0d2e91320b17a79b0	损害赔偿	cross_paper_discovery	bounded_chinese_ngram_maximal_repeat	6	6	1;2	"{""1"":8,""2"":7,""3"":0}"	法律后果;程序审查	{'confidence': 0.1, 'domain': 'unrouted', 'evidence_source': 'keyword', 'evidence_span': '海洋环境保护', 'label_origin': 'machine_inferred', 'routing_only': True, 'source_level': 'B'};{'confidence': 0.66, 'domain': '规范理论', 'evidence_source': 'keyword', 'evidence_span': '规范目的', 'label_origin': 'machine_inferred', 'routing_only': True, 'source_level': 'B'};{'confidence': 0.68, 'domain': '侵权责任', 'evidence_source': 'keyword', 'evidence_span': '损害赔偿', 'label_origin': 'machine_inferred', 'routing_only': True, 'source_level': 'B'};{'confidence': 0.72, 'domain': '合同法', 'evidence_source': 'keyword', 'evidence_span': '合同法规范', 'label_origin': 'machine_inferred', 'routing_only': True, 'source_level': 'B'}		internal_fragment	2.1	"{""2023"":14,""2024"":1}"	FXZZ202302013;FXZZ202305009;FXZZ202308008;FXZZ202310008;FXZZ202312007;FXZZ202406009	A1/A2	pending_human_review
250377573825bc331b6d	损害赔偿责任	cross_paper_discovery	bounded_chinese_ngram_maximal_repeat	3	3	1;2	"{""1"":3,""2"":2,""3"":0}"	法律后果	{'confidence': 0.1, 'domain': 'unrouted', 'evidence_source': 'keyword', 'evidence_span': '私法秩序', 'label_origin': 'machine_inferred', 'routing_only': True, 'source_level': 'B'};{'confidence': 0.66, 'domain': '规范理论', 'evidence_source': 'keyword', 'evidence_span': '规范目的', 'label_origin': 'machine_inferred', 'routing_only': True, 'source_level': 'B'};{'confidence': 0.72, 'domain': '合同法', 'evidence_source': 'keyword', 'evidence_span': '合同法规范', 'label_origin': 'machine_inferred', 'routing_only': True, 'source_level': 'B'}		internal_fragment;low_wordhood_score	0.75	"{""2023"":5}"	FXZZ202308008;FXZZ202310008;FXZZ202312007	A1/A2	pending_human_review
e9c92b48c5262e35fc0e	据应当	cross_paper_discovery	bounded_chinese_ngram_maximal_repeat	2	2	3	"{""1"":0,""2"":0,""3"":3}"	规范依据;证据证明	{'confidence': 0.1, 'domain': 'unrouted', 'evidence_source': 'keyword', 'evidence_span': '污染环境罪', 'label_origin': 'machine_inferred', 'routing_only': True, 'source_level': 'B'}		internal_fragment	1.222223	"{""2023"":1,""2024"":2}"	FXZZ202309005;FXZZ202412004	A1/A2	pending_human_review
bce65e75334aafdc84d6	据法律	cross_paper_discovery	bounded_chinese_ngram_maximal_repeat	2	2	2;3	"{""1"":0,""2"":1,""3"":1}"		{'confidence': 0.1, 'domain': 'unrouted', 'evidence_source': 'keyword', 'evidence_span': '社会危害性', 'label_origin': 'machine_inferred', 'routing_only': True, 'source_level': 'B'}		internal_fragment	1.333334	"{""2024"":2}"	FXZZ202404005;FXZZ202405003	A1/A2	pending_human_review
4e422f55d06184548210	授权改革试点	cross_paper_discovery	bounded_chinese_ngram_maximal_repeat	2	2	1;2;3	"{""1"":7,""2"":11,""3"":3}"	制度构建;规范依据	{'confidence': 0.1, 'domain': 'unrouted', 'evidence_source': 'keyword', 'evidence_span': '合目的性改革', 'label_origin': 'machine_inferred', 'routing_only': True, 'source_level': 'B'};{'confidence': 0.68, 'domain': '程序法', 'evidence_source': 'keyword', 'evidence_span': '核准程序', 'label_origin': 'machine_inferred', 'routing_only': True, 'source_level': 'B'}		internal_fragment;low_wordhood_score	0.444444	"{""2023"":21}"	FXZZ202301004;FXZZ202307005	A1/A2	pending_human_review
f739320c11d41dc93cc3	授权立法	cross_paper_discovery	bounded_chinese_ngram_maximal_repeat	2	2	1;2	"{""1"":4,""2"":8,""3"":0}"	制度构建;规范依据	{'confidence': 0.1, 'domain': 'unrouted', 'evidence_source': 'keyword', 'evidence_span': '合目的性改革', 'label_origin': 'machine_inferred', 'routing_only': True, 'source_level': 'B'}		internal_fragment;low_wordhood_score	0.75	"{""2023"":12}"	FXZZ202301004;FXZZ202304003	A1/A2	pending_human_review
6359335d437c05086ebb	排他性	cross_paper_discovery	bounded_chinese_ngram_maximal_repeat	3	3	1;2;3	"{""1"":3,""2"":2,""3"":1}"		{'confidence': 0.1, 'domain': 'unrouted', 'evidence_source': 'keyword', 'evidence_span': '不作为犯', 'label_origin': 'machine_inferred', 'routing_only': True, 'source_level': 'B'}		internal_fragment	1.416667	"{""2023"":2,""2024"":4}"	FXZZ202306004;FXZZ202308009;FXZZ202406011	A1/A2	pending_human_review
278b124844755ac45d1e	排他性滥用	cross_paper_discovery	bounded_chinese_ngram_maximal_repeat	2	2	1;2	"{""1"":3,""2"":2,""3"":0}"		{'confidence': 0.1, 'domain': 'unrouted', 'evidence_source': 'keyword', 'evidence_span': '执行依据', 'label_origin': 'machine_inferred', 'routing_only': True, 'source_level': 'B'}		internal_fragment;low_wordhood_score	0.64	"{""2023"":1,""2024"":4}"	FXZZ202308009;FXZZ202406011	A1/A2	pending_human_review
3998fab2d9167d32bb01	排除规则	cross_paper_discovery	bounded_chinese_ngram_maximal_repeat	3	3	2;3	"{""1"":0,""2"":2,""3"":1}"	比较法;证据证明	{'confidence': 0.1, 'domain': 'unrouted', 'evidence_source': 'keyword', 'evidence_span': '除名之诉', 'label_origin': 'machine_inferred', 'routing_only': True, 'source_level': 'B'};{'confidence': 0.68, 'domain': '程序法', 'evidence_source': 'keyword', 'evidence_span': '司法审查', 'label_origin': 'machine_inferred', 'routing_only': True, 'source_level': 'B'}		internal_fragment	1.375	"{""2023"":3}"	FXZZ202303007;FXZZ202309011;FXZZ202310010	A1/A2	pending_human_review
f0c6b9de10e0497f08bd	接适用	cross_paper_discovery	bounded_chinese_ngram_maximal_repeat	4	4	1;2;3	"{""1"":2,""2"":1,""3"":1}"	法律后果	{'confidence': 0.1, 'domain': 'unrouted', 'evidence_source': 'keyword', 'evidence_span': '适度干预', 'label_origin': 'machine_inferred', 'routing_only': True, 'source_level': 'B'};{'confidence': 0.66, 'domain': '比较法', 'evidence_source': 'keyword', 'evidence_span': '域外适用', 'label_origin': 'machine_inferred', 'routing_only': True, 'source_level': 'B'};{'confidence': 0.66, 'domain': '规范理论', 'evidence_source': 'keyword', 'evidence_span': '规范目的', 'label_origin': 'machine_inferred', 'routing_only': True, 'source_level': 'B'}		internal_fragment	2.166666	"{""2023"":3,""2024"":1}"	FXZZ202301012;FXZZ202302011;FXZZ202308008;FXZZ202401012	A1/A2	pending_human_review
51769c65228b43b5864b	控制权	cross_paper_discovery	bounded_chinese_ngram_maximal_repeat	2	2	2;3	"{""1"":0,""2"":1,""3"":1}"		{'confidence': 0.1, 'domain': 'unrouted', 'evidence_source': 'keyword', 'evidence_span': '负面清单', 'label_origin': 'machine_inferred', 'routing_only': True, 'source_level': 'B'}		internal_fragment	1.333334	"{""2024"":2}"	FXZZ202401013;FXZZ202403003	A1/A2	pending_human_review
57e89ebcc791258e4769	推定意	cross_paper_discovery	bounded_chinese_ngram_maximal_repeat	2	2	2	"{""1"":0,""2"":2,""3"":0}"		{'confidence': 0.1, 'domain': 'unrouted', 'evidence_source': 'keyword', 'evidence_span': '法逻辑诠释', 'label_origin': 'machine_inferred', 'routing_only': True, 'source_level': 'B'};{'confidence': 0.66, 'domain': '比较法', 'evidence_source': 'keyword', 'evidence_span': '国际高标准经贸规则', 'label_origin': 'machine_inferred', 'routing_only': True, 'source_level': 'B'}		internal_fragment	1.333334	"{""2023"":1,""2024"":1}"	FXZZ202306002;FXZZ202406012	A1/A2	pending_human_review
d1edb3703a3a6f7f688a	提供保	cross_paper_discovery	bounded_chinese_ngram_maximal_repeat	2	2	2;3	"{""1"":0,""2"":1,""3"":1}"	法律后果;规范依据	{'confidence': 0.1, 'domain': 'unrouted', 'evidence_source': 'keyword', 'evidence_span': '合目的性改革', 'label_origin': 'machine_inferred', 'routing_only': True, 'source_level': 'B'}		internal_fragment	1.333334	"{""2023"":1,""2024"":1}"	FXZZ202301004;FXZZ202404005	A1/A2	pending_human_review
a949363cb026fb2dcf6a	提供法律	cross_paper_discovery	bounded_chinese_ngram_maximal_repeat	2	2	2	"{""1"":0,""2"":2,""3"":0}"	制度构建;程序审查	{'confidence': 0.1, 'domain': 'unrouted', 'evidence_source': 'keyword', 'evidence_span': '法律方法', 'label_origin': 'machine_inferred', 'routing_only': True, 'source_level': 'B'};{'confidence': 0.68, 'domain': '程序法', 'evidence_source': 'keyword', 'evidence_span': '裁判要点', 'label_origin': 'machine_inferred', 'routing_only': True, 'source_level': 'B'}		internal_fragment	1.0	"{""2023"":1,""2024"":1}"	FXZZ202302002;FXZZ202405003	A1/A2	pending_human_review
03a7d9f60070fda6e3b0	提升执法	cross_paper_discovery	bounded_chinese_ngram_maximal_repeat	2	2	3	"{""1"":0,""2"":0,""3"":2}"		{'confidence': 0.1, 'domain': 'unrouted', 'evidence_source': 'keyword', 'evidence_span': '竞争中性', 'label_origin': 'machine_inferred', 'routing_only': True, 'source_level': 'B'};{'confidence': 0.68, 'domain': '程序法', 'evidence_source': 'keyword', 'evidence_span': '外部审查', 'label_origin': 'machine_inferred', 'routing_only': True, 'source_level': 'B'}		internal_fragment	1.0	"{""2023"":1,""2024"":1}"	FXZZ202303010;FXZZ202406011	A1/A2	pending_human_review
791d0a73cba04150dc75	提升自	cross_paper_discovery	bounded_chinese_ngram_maximal_repeat	2	2	2;3	"{""1"":0,""2"":1,""3"":1}"	制度构建	{'confidence': 0.1, 'domain': 'unrouted', 'evidence_source': 'keyword', 'evidence_span': '负面清单', 'label_origin': 'machine_inferred', 'routing_only': True, 'source_level': 'B'}		internal_fragment	1.166667	"{""2024"":2}"	FXZZ202403003;FXZZ202406013	A1/A2	pending_human_review
d46b0eba53e17f46d4e2	改革开放后	cross_paper_discovery	bounded_chinese_ngram_maximal_repeat	2	2	2;3	"{""1"":0,""2"":1,""3"":1}"		{'confidence': 0.1, 'domain': 'unrouted', 'evidence_source': 'keyword', 'evidence_span': '交互型研究范式', 'label_origin': 'machine_inferred', 'routing_only': True, 'source_level': 'B'}		internal_fragment	0.8	"{""2023"":1,""2026"":1}"	FXZZ202302001;FXZZ202607001	A1/A2	pending_human_review
7fc53c28263b288a4f1f	政府的行	cross_paper_discovery	bounded_chinese_ngram_maximal_repeat	2	2	1;2	"{""1"":1,""2"":1,""3"":0}"		{'confidence': 0.1, 'domain': 'unrouted', 'evidence_source': 'keyword', 'evidence_span': '行政委托', 'label_origin': 'machine_inferred', 'routing_only': True, 'source_level': 'B'}		internal_fragment	1.0	"{""2023"":1,""2024"":1}"	FXZZ202312003;FXZZ202404005	A1/A2	pending_human_review
ba9533179ff5b21d60c8	政法法	cross_paper_discovery	bounded_chinese_ngram_maximal_repeat	2	2	1;2	"{""1"":1,""2"":3,""3"":0}"		{'confidence': 0.1, 'domain': 'unrouted', 'evidence_source': 'keyword', 'evidence_span': '社会自治', 'label_origin': 'machine_inferred', 'routing_only': True, 'source_level': 'B'}		internal_fragment	1.083334	"{""2023"":1,""2024"":3}"	FXZZ202311005;FXZZ202403012	A1/A2	pending_human_review
472ece76b40aa8da3164	政策基础	cross_paper_discovery	bounded_chinese_ngram_maximal_repeat	2	2	2	"{""1"":0,""2"":2,""3"":0}"		{'confidence': 0.1, 'domain': 'unrouted', 'evidence_source': 'keyword', 'evidence_span': '双边冲突规则', 'label_origin': 'machine_inferred', 'routing_only': True, 'source_level': 'B'};{'confidence': 0.68, 'domain': '程序法', 'evidence_source': 'keyword', 'evidence_span': '程序问题', 'label_origin': 'machine_inferred', 'routing_only': True, 'source_level': 'B'}			1.0	"{""2023"":1,""2024"":1}"	FXZZ202308012;FXZZ202406013	A1/A2	pending_human_review
123cb2dfed8c248fa272	政策导	cross_paper_discovery	bounded_chinese_ngram_maximal_repeat	2	2	2	"{""1"":0,""2"":2,""3"":0}"		{'confidence': 0.1, 'domain': 'unrouted', 'evidence_source': 'keyword', 'evidence_span': '全面依法治国', 'label_origin': 'machine_inferred', 'routing_only': True, 'source_level': 'B'};{'confidence': 0.68, 'domain': '程序法', 'evidence_source': 'keyword', 'evidence_span': '主观程序正义', 'label_origin': 'machine_inferred', 'routing_only': True, 'source_level': 'B'}		internal_fragment	1.166667	"{""2023"":1,""2024"":1}"	FXZZ202301001;FXZZ202407007	A1/A2	pending_human_review
f7d01e49b32ab4d0a303	故意伤害罪	cross_paper_discovery	bounded_chinese_ngram_maximal_repeat	2	2	1;3	"{""1"":1,""2"":0,""3"":1}"	程序审查	{'confidence': 0.1, 'domain': 'unrouted', 'evidence_source': 'keyword', 'evidence_span': '监察范围', 'label_origin': 'machine_inferred', 'routing_only': True, 'source_level': 'B'};{'confidence': 0.66, 'domain': '规范理论', 'evidence_source': 'keyword', 'evidence_span': '轻罪规范', 'label_origin': 'machine_inferred', 'routing_only': True, 'source_level': 'B'}			0.8	"{""2023"":1,""2024"":1}"	FXZZ202307006;FXZZ202401007	A1/A2	pending_human_review
e2a642c9461fd6aae501	效力	legal_term	config_legal_term_longest_match	18	18	1;2;3	"{""1"":11,""2"":20,""3"":11}"	案例适用;比较法;程序审查;规范依据;证据证明	{'confidence': 0.1, 'domain': 'unrouted', 'evidence_source': 'keyword', 'evidence_span': '参与分配', 'label_origin': 'machine_inferred', 'routing_only': True, 'source_level': 'B'};{'confidence': 0.66, 'domain': '比较法', 'evidence_source': 'keyword', 'evidence_span': '国际投资条约', 'label_origin': 'machine_inferred', 'routing_only': True, 'source_level': 'B'};{'confidence': 0.68, 'domain': '侵权责任', 'evidence_source': 'keyword', 'evidence_span': '企业社会责任', 'label_origin': 'machine_inferred', 'routing_only': True, 'source_level': 'B'};{'confidence': 0.68, 'domain': '程序法', 'evidence_source': 'keyword', 'evidence_span': '司法审查', 'label_origin': 'machine_inferred', 'routing_only': True, 'source_level': 'B'};{'confidence': 0.72, 'domain': '合同法', 'evidence_source': 'keyword', 'evidence_span': '违约金', 'label_origin': 'machine_inferred', 'routing_only': True, 'source_level': 'B'}				"{""2023"":26,""2024"":7,""2026"":9}"	FXZZ202301009;FXZZ202303007;FXZZ202303011;FXZZ202303012;FXZZ202307002;FXZZ202307008;FXZZ202308005;FXZZ202308009;FXZZ202309005;FXZZ202309008;FXZZ202309009;FXZZ202310010;FXZZ202403009;FXZZ202405010;FXZZ202406002;FXZZ202406013;FXZZ202412010;FXZZ202607007	A1/A2	pending_human_review
f7307d3a592b3a1453f7	效实现	cross_paper_discovery	bounded_chinese_ngram_maximal_repeat	2	2	1;2	"{""1"":1,""2"":1,""3"":0}"		{'confidence': 0.1, 'domain': 'unrouted', 'evidence_source': 'keyword', 'evidence_span': '劳动法', 'label_origin': 'machine_inferred', 'routing_only': True, 'source_level': 'B'}		internal_fragment	1.166667	"{""2023"":1,""2024"":1}"	FXZZ202303011;FXZZ202412003	A1/A2	pending_human_review
34ff5e23408d36ed05bf	效的法	cross_paper_discovery	bounded_chinese_ngram_maximal_repeat	2	2	1;2	"{""1"":1,""2"":1,""3"":0}"	法律后果	{'confidence': 0.1, 'domain': 'unrouted', 'evidence_source': 'keyword', 'evidence_span': '司法酌减', 'label_origin': 'machine_inferred', 'routing_only': True, 'source_level': 'B'};{'confidence': 0.72, 'domain': '合同法', 'evidence_source': 'keyword', 'evidence_span': '违约金', 'label_origin': 'machine_inferred', 'routing_only': True, 'source_level': 'B'}		internal_fragment	1.333334	"{""2023"":1,""2024"":1}"	FXZZ202309008;FXZZ202401002	A1/A2	pending_human_review
ce3c913c369097570711	救济	legal_term	config_legal_term_longest_match	12	12	1;2;3	"{""1"":4,""2"":11,""3"":7}"	权利救济;程序审查;规范依据	{'confidence': 0.1, 'domain': 'unrouted', 'evidence_source': 'keyword', 'evidence_span': '默会正义', 'label_origin': 'machine_inferred', 'routing_only': True, 'source_level': 'B'};{'confidence': 0.68, 'domain': '程序法', 'evidence_source': 'keyword', 'evidence_span': '逮捕程序正当化', 'label_origin': 'machine_inferred', 'routing_only': True, 'source_level': 'B'};{'confidence': 0.72, 'domain': '合同法', 'evidence_source': 'keyword', 'evidence_span': '违约金调整', 'label_origin': 'machine_inferred', 'routing_only': True, 'source_level': 'B'}				"{""2023"":11,""2024"":9,""2025"":1,""2026"":1}"	FXZZ202303002;FXZZ202305002;FXZZ202306008;FXZZ202307002;FXZZ202309003;FXZZ202312009;FXZZ202403003;FXZZ202404005;FXZZ202412003;FXZZ202412013;FXZZ202501004;FXZZ202607006	A1/A2	pending_human_review
c07de1fc2b7425f546d5	救济机制	cross_paper_discovery	bounded_chinese_ngram_maximal_repeat	2	2	2	"{""1"":0,""2"":2,""3"":0}"	权利救济	{'confidence': 0.1, 'domain': 'unrouted', 'evidence_source': 'keyword', 'evidence_span': '提级巡察', 'label_origin': 'machine_inferred', 'routing_only': True, 'source_level': 'B'}		generic_container;internal_fragment	0.875	"{""2023"":1,""2024"":1}"	FXZZ202305002;FXZZ202403003	A1/A2	pending_human_review
e4d8e83dd1838cedf818	救济规则	cross_paper_discovery	bounded_chinese_ngram_maximal_repeat	2	2	2;3	"{""1"":0,""2"":1,""3"":1}"	权利救济	{'confidence': 0.1, 'domain': 'unrouted', 'evidence_source': 'keyword', 'evidence_span': '负面清单', 'label_origin': 'machine_inferred', 'routing_only': True, 'source_level': 'B'}		internal_fragment	1.0	"{""2024"":2}"	FXZZ202403003;FXZZ202404005	A1/A2	pending_human_review
b3b665ed2c5a0b7efc20	教义学	cross_paper_discovery	bounded_chinese_ngram_maximal_repeat	7	7	1;2;3	"{""1"":8,""2"":11,""3"":4}"	规范依据	{'confidence': 0.1, 'domain': 'unrouted', 'evidence_source': 'keyword', 'evidence_span': '立法技术', 'label_origin': 'machine_inferred', 'routing_only': True, 'source_level': 'B'};{'confidence': 0.68, 'domain': '程序法', 'evidence_source': 'keyword', 'evidence_span': '义务性程序兜底条款', 'label_origin': 'machine_inferred', 'routing_only': True, 'source_level': 'B'};{'confidence': 0.72, 'domain': '合同法', 'evidence_source': 'keyword', 'evidence_span': '合同解释', 'label_origin': 'machine_inferred', 'routing_only': True, 'source_level': 'B'}		internal_fragment	3.347826	"{""2023"":8,""2024"":15}"	FXZZ202301006;FXZZ202304006;FXZZ202305007;FXZZ202305012;FXZZ202403012;FXZZ202405004;FXZZ202405007	A1/A2	pending_human_review
274bed2114d8d9d65ca5	数字化	cross_paper_discovery	bounded_chinese_ngram_maximal_repeat	4	4	1;2	"{""1"":1,""2"":5,""3"":0}"	制度构建;程序审查	{'confidence': 0.1, 'domain': 'unrouted', 'evidence_source': 'keyword', 'evidence_span': '数据自决权', 'label_origin': 'machine_inferred', 'routing_only': True, 'source_level': 'B'};{'confidence': 0.68, 'domain': '程序法', 'evidence_source': 'keyword', 'evidence_span': '正当裁判', 'label_origin': 'machine_inferred', 'routing_only': True, 'source_level': 'B'}		internal_fragment	2.222222	"{""2023"":5,""2024"":1}"	FXZZ202301003;FXZZ202310002;FXZZ202311012;FXZZ202401003	A1/A2	pending_human_review
ad6c3bd4e154be2ef933	数字化发展	cross_paper_discovery	bounded_chinese_ngram_maximal_repeat	2	2	2	"{""1"":0,""2"":3,""3"":0}"		{'confidence': 0.1, 'domain': 'unrouted', 'evidence_source': 'keyword', 'evidence_span': '数据自决权', 'label_origin': 'machine_inferred', 'routing_only': True, 'source_level': 'B'};{'confidence': 0.68, 'domain': '程序法', 'evidence_source': 'keyword', 'evidence_span': '正当裁判', 'label_origin': 'machine_inferred', 'routing_only': True, 'source_level': 'B'}		internal_fragment;low_wordhood_score	0.666667	"{""2023"":3}"	FXZZ202301003;FXZZ202310002	A1/A2	pending_human_review
4c2b5b3d6600a50e956e	数字时代	cross_paper_discovery	bounded_chinese_ngram_maximal_repeat	4	4	1;2;3	"{""1"":5,""2"":6,""3"":5}"	制度构建;权利救济;比较法	{'confidence': 0.1, 'domain': 'unrouted', 'evidence_source': 'keyword', 'evidence_span': '立法技术', 'label_origin': 'machine_inferred', 'routing_only': True, 'source_level': 'B'}		internal_fragment	1.40625	"{""2023"":1,""2024"":15}"	FXZZ202311004;FXZZ202401003;FXZZ202403003;FXZZ202412006	A1/A2	pending_human_review
e68e721dc0929f8ca878	数字经济	cross_paper_discovery	bounded_chinese_ngram_maximal_repeat	4	4	1;2;3	"{""1"":5,""2"":12,""3"":4}"	制度构建;构成要件;规范依据	{'confidence': 0.1, 'domain': 'unrouted', 'evidence_source': 'keyword', 'evidence_span': '追认', 'label_origin': 'machine_inferred', 'routing_only': True, 'source_level': 'B'};{'confidence': 0.68, 'domain': '侵权责任', 'evidence_source': 'keyword', 'evidence_span': '监护人责任', 'label_origin': 'machine_inferred', 'routing_only': True, 'source_level': 'B'}		internal_fragment	1.166667	"{""2023"":17,""2024"":4}"	FXZZ202307014;FXZZ202310007;FXZZ202403003;FXZZ202406011	A1/A2	pending_human_review
dc7bb2f2ecf5e1ea3616	数字经济时代	cross_paper_discovery	bounded_chinese_ngram_maximal_repeat	2	2	1;2	"{""1"":2,""2"":4,""3"":0}"	构成要件	{'confidence': 0.1, 'domain': 'unrouted', 'evidence_source': 'keyword', 'evidence_span': '追认', 'label_origin': 'machine_inferred', 'routing_only': True, 'source_level': 'B'};{'confidence': 0.68, 'domain': '侵权责任', 'evidence_source': 'keyword', 'evidence_span': '监护人责任', 'label_origin': 'machine_inferred', 'routing_only': True, 'source_level': 'B'}		internal_fragment;low_wordhood_score	0.472222	"{""2023"":5,""2024"":1}"	FXZZ202310007;FXZZ202406011	A1/A2	pending_human_review
d61d6c76dc704deb1aca	数据保护	cross_paper_discovery	bounded_chinese_ngram_maximal_repeat	3	3	1;2	"{""1"":2,""2"":3,""3"":0}"	规范依据	{'confidence': 0.1, 'domain': 'unrouted', 'evidence_source': 'keyword', 'evidence_span': '隐私权', 'label_origin': 'machine_inferred', 'routing_only': True, 'source_level': 'B'};{'confidence': 0.68, 'domain': '程序法', 'evidence_source': 'keyword', 'evidence_span': '正当程序', 'label_origin': 'machine_inferred', 'routing_only': True, 'source_level': 'B'}		internal_fragment	1.35	"{""2023"":2,""2024"":3}"	FXZZ202301011;FXZZ202404005;FXZZ202407003	A1/A2	pending_human_review
cb3dcfc9c34cdadbf663	数据共享	cross_paper_discovery	bounded_chinese_ngram_maximal_repeat	2	2	2;3	"{""1"":0,""2"":1,""3"":2}"	规范依据	{'confidence': 0.1, 'domain': 'unrouted', 'evidence_source': 'keyword', 'evidence_span': '整全性', 'label_origin': 'machine_inferred', 'routing_only': True, 'source_level': 'B'};{'confidence': 0.66, 'domain': '比较法', 'evidence_source': 'keyword', 'evidence_span': '国际投资协定', 'label_origin': 'machine_inferred', 'routing_only': True, 'source_level': 'B'}		internal_fragment	0.833333	"{""2023"":1,""2024"":2}"	FXZZ202309004;FXZZ202407012	A1/A2	pending_human_review
9b7dd9b6827d6d4436bd	数据本	cross_paper_discovery	bounded_chinese_ngram_maximal_repeat	2	2	2	"{""1"":0,""2"":2,""3"":0}"		{'confidence': 0.1, 'domain': 'unrouted', 'evidence_source': 'keyword', 'evidence_span': '数据自决权', 'label_origin': 'machine_inferred', 'routing_only': True, 'source_level': 'B'}		internal_fragment	1.333334	"{""2023"":1,""2024"":1}"	FXZZ202301003;FXZZ202404005	A1/A2	pending_human_review
7d2fc240d989c2b88cf8	数据权	cross_paper_discovery	bounded_chinese_ngram_maximal_repeat	4	4	1;2;3	"{""1"":4,""2"":11,""3"":2}"	制度构建;规范依据	{'confidence': 0.1, 'domain': 'unrouted', 'evidence_source': 'keyword', 'evidence_span': '数据自决权', 'label_origin': 'machine_inferred', 'routing_only': True, 'source_level': 'B'}		internal_fragment	1.686274	"{""2023"":12,""2024"":5}"	FXZZ202301003;FXZZ202310012;FXZZ202311012;FXZZ202404005	A1/A2	pending_human_review
394d04d2d93986f08875	数据来源	cross_paper_discovery	bounded_chinese_ngram_maximal_repeat	2	2	2;3	"{""1"":0,""2"":1,""3"":1}"		{'confidence': 0.1, 'domain': 'unrouted', 'evidence_source': 'keyword', 'evidence_span': '法律实现', 'label_origin': 'machine_inferred', 'routing_only': True, 'source_level': 'B'}		internal_fragment	1.0	"{""2023"":1,""2024"":1}"	FXZZ202308011;FXZZ202412005	A1/A2	pending_human_review
fd06d185e1c3aec15022	数据法	cross_paper_discovery	bounded_chinese_ngram_maximal_repeat	2	2	2;3	"{""1"":0,""2"":2,""3"":1}"		{'confidence': 0.1, 'domain': 'unrouted', 'evidence_source': 'keyword', 'evidence_span': '多元共治', 'label_origin': 'machine_inferred', 'routing_only': True, 'source_level': 'B'}		internal_fragment	1.333334	"{""2023"":2,""2024"":1}"	FXZZ202311012;FXZZ202404005	A1/A2	pending_human_review
85f9fd1c569e4a11decc	数据的一	cross_paper_discovery	bounded_chinese_ngram_maximal_repeat	2	2	2	"{""1"":0,""2"":2,""3"":0}"		{'confidence': 0.1, 'domain': 'unrouted', 'evidence_source': 'keyword', 'evidence_span': '通信秘密', 'label_origin': 'machine_inferred', 'routing_only': True, 'source_level': 'B'}		internal_fragment	1.0	"{""2023"":1,""2024"":1}"	FXZZ202302009;FXZZ202407013	A1/A2	pending_human_review
4413968635f918e36292	数据财产权	cross_paper_discovery	bounded_chinese_ngram_maximal_repeat	2	2	3	"{""1"":0,""2"":0,""3"":3}"	制度构建	{'confidence': 0.1, 'domain': 'unrouted', 'evidence_source': 'keyword', 'evidence_span': '不足禁止', 'label_origin': 'machine_inferred', 'routing_only': True, 'source_level': 'B'}		internal_fragment;low_wordhood_score	0.666667	"{""2024"":3}"	FXZZ202407013;FXZZ202412005	A1/A2	pending_human_review
7f0f348bd17c6de82254	整体性	cross_paper_discovery	bounded_chinese_ngram_maximal_repeat	3	3	2;3	"{""1"":0,""2"":1,""3"":2}"		{'confidence': 0.1, 'domain': 'unrouted', 'evidence_source': 'keyword', 'evidence_span': '合宪性控制', 'label_origin': 'machine_inferred', 'routing_only': True, 'source_level': 'B'};{'confidence': 0.68, 'domain': '程序法', 'evidence_source': 'keyword', 'evidence_span': '保证债务诉讼时效', 'label_origin': 'machine_inferred', 'routing_only': True, 'source_level': 'B'}			1.833333	"{""2023"":1,""2024"":2}"	FXZZ202308003;FXZZ202401008;FXZZ202412002	A1/A2	pending_human_review
a31bf9760d974a6010ac	整体法	cross_paper_discovery	bounded_chinese_ngram_maximal_repeat	2	2	2;3	"{""1"":0,""2"":1,""3"":4}"	规范依据	{'confidence': 0.1, 'domain': 'unrouted', 'evidence_source': 'keyword', 'evidence_span': '法律治理', 'label_origin': 'machine_inferred', 'routing_only': True, 'source_level': 'B'};{'confidence': 0.68, 'domain': '程序法', 'evidence_source': 'keyword', 'evidence_span': '保证债务诉讼时效', 'label_origin': 'machine_inferred', 'routing_only': True, 'source_level': 'B'}		internal_fragment	1.000001	"{""2023"":1,""2024"":4}"	FXZZ202312010;FXZZ202401008	A1/A2	pending_human_review
06cbf9f382b8d6c87189	文义解释	cross_paper_discovery	bounded_chinese_ngram_maximal_repeat	2	2	2	"{""1"":0,""2"":2,""3"":0}"	规范依据	{'confidence': 0.1, 'domain': 'unrouted', 'evidence_source': 'keyword', 'evidence_span': '科技宪法', 'label_origin': 'machine_inferred', 'routing_only': True, 'source_level': 'B'}		internal_fragment	0.875	"{""2023"":2}"	FXZZ202302004;FXZZ202310009	A1/A2	pending_human_review
d380cdc9fca91ce67425	文明新	cross_paper_discovery	bounded_chinese_ngram_maximal_repeat	2	2	2	"{""1"":0,""2"":2,""3"":0}"		{'confidence': 0.1, 'domain': 'unrouted', 'evidence_source': 'keyword', 'evidence_span': '数字正义', 'label_origin': 'machine_inferred', 'routing_only': True, 'source_level': 'B'}		internal_fragment	1.333334	"{""2024"":1,""2025"":1}"	FXZZ202401002;FXZZ202501004	A1/A2	pending_human_review
8c4a8c144ddb173b4fa5	新世纪	cross_paper_discovery	bounded_chinese_ngram_maximal_repeat	2	2	2	"{""1"":0,""2"":2,""3"":0}"	权利救济	{'confidence': 0.1, 'domain': 'unrouted', 'evidence_source': 'keyword', 'evidence_span': '收养秩序', 'label_origin': 'machine_inferred', 'routing_only': True, 'source_level': 'B'}		internal_fragment	1.333334	"{""2023"":1,""2024"":1}"	FXZZ202307003;FXZZ202412013	A1/A2	pending_human_review
b2c2332ae4e9caa31e30	新发展	cross_paper_discovery	bounded_chinese_ngram_maximal_repeat	5	5	2;3	"{""1"":0,""2"":4,""3"":1}"	程序审查	{'confidence': 0.1, 'domain': 'unrouted', 'evidence_source': 'keyword', 'evidence_span': '投资争端解决', 'label_origin': 'machine_inferred', 'routing_only': True, 'source_level': 'B'};{'confidence': 0.66, 'domain': '比较法', 'evidence_source': 'keyword', 'evidence_span': '国际投资条约', 'label_origin': 'machine_inferred', 'routing_only': True, 'source_level': 'B'};{'confidence': 0.68, 'domain': '侵权责任', 'evidence_source': 'keyword', 'evidence_span': '企业社会责任', 'label_origin': 'machine_inferred', 'routing_only': True, 'source_level': 'B'}		internal_fragment	3.000001	"{""2023"":4,""2025"":1}"	FXZZ202303012;FXZZ202304014;FXZZ202311013;FXZZ202312002;FXZZ202501004	A1/A2	pending_human_review
1f15ea91bc8651879132	新定位	cross_paper_discovery	bounded_chinese_ngram_maximal_repeat	3	3	1;3	"{""1"":2,""2"":0,""3"":1}"	制度构建	{'confidence': 0.1, 'domain': 'unrouted', 'evidence_source': 'keyword', 'evidence_span': '立法技术', 'label_origin': 'machine_inferred', 'routing_only': True, 'source_level': 'B'}		internal_fragment	1.666667	"{""2023"":1,""2024"":1,""2026"":1}"	FXZZ202311004;FXZZ202401006;FXZZ202607007	A1/A2	pending_human_review
c44564f16376e3e8de6c	新思路	cross_paper_discovery	bounded_chinese_ngram_maximal_repeat	3	3	1;3	"{""1"":1,""2"":0,""3"":2}"	案例适用	{'confidence': 0.1, 'domain': 'unrouted', 'evidence_source': 'keyword', 'evidence_span': '适度干预', 'label_origin': 'machine_inferred', 'routing_only': True, 'source_level': 'B'};{'confidence': 0.68, 'domain': '侵权责任', 'evidence_source': 'keyword', 'evidence_span': '定金责任', 'label_origin': 'machine_inferred', 'routing_only': True, 'source_level': 'B'};{'confidence': 0.68, 'domain': '程序法', 'evidence_source': 'keyword', 'evidence_span': '程序简化', 'label_origin': 'machine_inferred', 'routing_only': True, 'source_level': 'B'};{'confidence': 0.72, 'domain': '合同法', 'evidence_source': 'keyword', 'evidence_span': '违约定金', 'label_origin': 'machine_inferred', 'routing_only': True, 'source_level': 'B'}		internal_fragment	1.833333	"{""2023"":3}"	FXZZ202301012;FXZZ202303006;FXZZ202308010	A1/A2	pending_human_review
c9c82bfa1e93230b1829	新时代	cross_paper_discovery	bounded_chinese_ngram_maximal_repeat	4	4	1;2	"{""1"":6,""2"":2,""3"":0}"		{'confidence': 0.1, 'domain': 'unrouted', 'evidence_source': 'keyword', 'evidence_span': '法律方法论', 'label_origin': 'machine_inferred', 'routing_only': True, 'source_level': 'B'}		internal_fragment	1.833333	"{""2024"":2,""2025"":5,""2026"":1}"	FXZZ202405002;FXZZ202412003;FXZZ202501004;FXZZ202607002	A1/A2	pending_human_review
af86b94ce580c1c7396a	新时代语境	cross_paper_discovery	bounded_chinese_ngram_maximal_repeat	2	2	1;2	"{""1"":1,""2"":1,""3"":0}"		{'confidence': 0.1, 'domain': 'unrouted', 'evidence_source': 'keyword', 'evidence_span': '复议证据制度', 'label_origin': 'machine_inferred', 'routing_only': True, 'source_level': 'B'}		internal_fragment;low_wordhood_score	0.6	"{""2024"":1,""2026"":1}"	FXZZ202412003;FXZZ202607002	A1/A2	pending_human_review
74dca50f428d998245da	新需求	cross_paper_discovery	bounded_chinese_ngram_maximal_repeat	2	2	1;3	"{""1"":1,""2"":0,""3"":1}"	制度构建	{'confidence': 0.1, 'domain': 'unrouted', 'evidence_source': 'keyword', 'evidence_span': '立法技术', 'label_origin': 'machine_inferred', 'routing_only': True, 'source_level': 'B'};{'confidence': 0.72, 'domain': '合同法', 'evidence_source': 'keyword', 'evidence_span': '可诉请履行性', 'label_origin': 'machine_inferred', 'routing_only': True, 'source_level': 'B'}		internal_fragment	1.166667	"{""2023"":1,""2024"":1}"	FXZZ202311004;FXZZ202412009	A1/A2	pending_human_review
127a0a5873b674a23506	方式的合	cross_paper_discovery	bounded_chinese_ngram_maximal_repeat	2	2	2	"{""1"":0,""2"":2,""3"":0}"		{'confidence': 0.1, 'domain': 'unrouted', 'evidence_source': 'keyword', 'evidence_span': '均衡性原则', 'label_origin': 'machine_inferred', 'routing_only': True, 'source_level': 'B'};{'confidence': 0.68, 'domain': '程序法', 'evidence_source': 'keyword', 'evidence_span': '程序正当原则', 'label_origin': 'machine_inferred', 'routing_only': True, 'source_level': 'B'}		internal_fragment	1.0	"{""2023"":1,""2024"":1}"	FXZZ202309003;FXZZ202404010	A1/A2	pending_human_review
a4029ed4582e9e630b81	方式的改	cross_paper_discovery	bounded_chinese_ngram_maximal_repeat	2	2	2	"{""1"":0,""2"":2,""3"":0}"		{'confidence': 0.1, 'domain': 'unrouted', 'evidence_source': 'keyword', 'evidence_span': '立法技术', 'label_origin': 'machine_inferred', 'routing_only': True, 'source_level': 'B'}		internal_fragment	1.0	"{""2023"":2}"	FXZZ202301006;FXZZ202308002	A1/A2	pending_human_review
478d0e565c05c2e2d478	方法论	cross_paper_discovery	bounded_chinese_ngram_maximal_repeat	3	3	1;2;3	"{""1"":1,""2"":1,""3"":1}"		{'confidence': 0.1, 'domain': 'unrouted', 'evidence_source': 'keyword', 'evidence_span': '司法鉴定标准化', 'label_origin': 'machine_inferred', 'routing_only': True, 'source_level': 'B'};{'confidence': 0.68, 'domain': '程序法', 'evidence_source': 'keyword', 'evidence_span': '审查认证规则', 'label_origin': 'machine_inferred', 'routing_only': True, 'source_level': 'B'}		internal_fragment	1.5	"{""2023"":1,""2024"":2}"	FXZZ202309010;FXZZ202405002;FXZZ202405003	A1/A2	pending_human_review
4b85a1805eaebfc79d58	方法问题	cross_paper_discovery	bounded_chinese_ngram_maximal_repeat	2	2	1	"{""1"":2,""2"":0,""3"":0}"	程序审查	{'confidence': 0.1, 'domain': 'unrouted', 'evidence_source': 'keyword', 'evidence_span': '法律方法', 'label_origin': 'machine_inferred', 'routing_only': True, 'source_level': 'B'};{'confidence': 0.68, 'domain': '程序法', 'evidence_source': 'keyword', 'evidence_span': '裁判要点', 'label_origin': 'machine_inferred', 'routing_only': True, 'source_level': 'B'}		internal_fragment	0.875	"{""2023"":2}"	FXZZ202302002;FXZZ202307014	A1/A2	pending_human_review
0f0ebfcfb388919de8e0	施体系	cross_paper_discovery	bounded_chinese_ngram_maximal_repeat	3	3	2;3	"{""1"":0,""2"":2,""3"":1}"		{'confidence': 0.1, 'domain': 'unrouted', 'evidence_source': 'keyword', 'evidence_span': '数字正义', 'label_origin': 'machine_inferred', 'routing_only': True, 'source_level': 'B'}		generic_container;internal_fragment	1.5	"{""2024"":3}"	FXZZ202401002;FXZZ202405002;FXZZ202412011	A1/A2	pending_human_review
2440ab65766b95ddd068	无权代理	cross_paper_discovery	bounded_chinese_ngram_maximal_repeat	3	3	1;2;3	"{""1"":2,""2"":6,""3"":2}"	构成要件;法律后果	{'confidence': 0.1, 'domain': 'unrouted', 'evidence_source': 'keyword', 'evidence_span': '受害人故意', 'label_origin': 'machine_inferred', 'routing_only': True, 'source_level': 'B'};{'confidence': 0.68, 'domain': '侵权责任', 'evidence_source': 'keyword', 'evidence_span': '无权代理人责任', 'label_origin': 'machine_inferred', 'routing_only': True, 'source_level': 'B'}		internal_fragment	1.0875	"{""2023"":8,""2024"":2}"	FXZZ202301010;FXZZ202307008;FXZZ202403008	A1/A2	pending_human_review
a01e9c560809408409d6	无权代理人	cross_paper_discovery	bounded_chinese_ngram_maximal_repeat	2	2	1;2;3	"{""1"":2,""2"":4,""3"":2}"	构成要件	{'confidence': 0.1, 'domain': 'unrouted', 'evidence_source': 'keyword', 'evidence_span': '受害人故意', 'label_origin': 'machine_inferred', 'routing_only': True, 'source_level': 'B'};{'confidence': 0.68, 'domain': '侵权责任', 'evidence_source': 'keyword', 'evidence_span': '无权代理人责任', 'label_origin': 'machine_inferred', 'routing_only': True, 'source_level': 'B'}		internal_fragment;low_wordhood_score	0.6	"{""2023"":8}"	FXZZ202301010;FXZZ202307008	A1/A2	pending_human_review
0e4dc5f29f54fa91bb88	无法解	cross_paper_discovery	bounded_chinese_ngram_maximal_repeat	2	2	2	"{""1"":0,""2"":2,""3"":0}"		{'confidence': 0.1, 'domain': 'unrouted', 'evidence_source': 'keyword', 'evidence_span': '行政管理体制', 'label_origin': 'machine_inferred', 'routing_only': True, 'source_level': 'B'}		internal_fragment	1.333334	"{""2023"":2}"	FXZZ202310003;FXZZ202311012	A1/A2	pending_human_review
82ac02e8af2b5440708e	无节制	cross_paper_discovery	bounded_chinese_ngram_maximal_repeat	2	2	1	"{""1"":2,""2"":0,""3"":0}"	研究结论	{'confidence': 0.1, 'domain': 'unrouted', 'evidence_source': 'keyword', 'evidence_span': '体系解释', 'label_origin': 'machine_inferred', 'routing_only': True, 'source_level': 'B'};{'confidence': 0.66, 'domain': '规范理论', 'evidence_source': 'keyword', 'evidence_span': '规范保护目的', 'label_origin': 'machine_inferred', 'routing_only': True, 'source_level': 'B'}		internal_fragment	1.333334	"{""2023"":1,""2024"":1}"	FXZZ202308006;FXZZ202403005	A1/A2	pending_human_review
f85285ecb1f58011f5fa	时代化	cross_paper_discovery	bounded_chinese_ngram_maximal_repeat	3	3	1;2;3	"{""1"":2,""2"":2,""3"":1}"		{'confidence': 0.1, 'domain': 'unrouted', 'evidence_source': 'keyword', 'evidence_span': '数字正义', 'label_origin': 'machine_inferred', 'routing_only': True, 'source_level': 'B'}			1.6	"{""2024"":4,""2026"":1}"	FXZZ202401002;FXZZ202405002;FXZZ202607001	A1/A2	pending_human_review
2fdba971021130155ef9	时应当	cross_paper_discovery	bounded_chinese_ngram_maximal_repeat	2	2	2;3	"{""1"":0,""2"":1,""3"":1}"	规范依据	{'confidence': 0.1, 'domain': 'unrouted', 'evidence_source': 'keyword', 'evidence_span': '污染环境罪', 'label_origin': 'machine_inferred', 'routing_only': True, 'source_level': 'B'};{'confidence': 0.66, 'domain': '规范理论', 'evidence_source': 'keyword', 'evidence_span': '保护性规范', 'label_origin': 'machine_inferred', 'routing_only': True, 'source_level': 'B'}		internal_fragment	1.333334	"{""2023"":1,""2024"":1}"	FXZZ202309005;FXZZ202407008	A1/A2	pending_human_review
b145a708d8c20f7d1284	明义务	cross_paper_discovery	bounded_chinese_ngram_maximal_repeat	2	2	3	"{""1"":0,""2"":0,""3"":2}"		{'confidence': 0.1, 'domain': 'unrouted', 'evidence_source': 'keyword', 'evidence_span': '受害人故意', 'label_origin': 'machine_inferred', 'routing_only': True, 'source_level': 'B'};{'confidence': 0.68, 'domain': '侵权责任', 'evidence_source': 'keyword', 'evidence_span': '无权代理人责任', 'label_origin': 'machine_inferred', 'routing_only': True, 'source_level': 'B'}		internal_fragment	1.333334	"{""2023"":1,""2024"":1}"	FXZZ202301010;FXZZ202407007	A1/A2	pending_human_review
824b5bca9cb201caf3b0	明确影响	cross_paper_discovery	bounded_chinese_ngram_maximal_repeat	2	2	2	"{""1"":0,""2"":2,""3"":0}"	制度构建	{'confidence': 0.1, 'domain': 'unrouted', 'evidence_source': 'keyword', 'evidence_span': '合目的性改革', 'label_origin': 'machine_inferred', 'routing_only': True, 'source_level': 'B'}		internal_fragment	0.875	"{""2023"":1,""2024"":1}"	FXZZ202301004;FXZZ202405003	A1/A2	pending_human_review
7b900991ec4d57291019	明确性	cross_paper_discovery	bounded_chinese_ngram_maximal_repeat	4	4	2;3	"{""1"":0,""2"":4,""3"":2}"	程序审查;规范依据	{'confidence': 0.1, 'domain': 'unrouted', 'evidence_source': 'keyword', 'evidence_span': '犯罪情节', 'label_origin': 'machine_inferred', 'routing_only': True, 'source_level': 'B'};{'confidence': 0.68, 'domain': '程序法', 'evidence_source': 'keyword', 'evidence_span': '核准程序', 'label_origin': 'machine_inferred', 'routing_only': True, 'source_level': 'B'}			2.333333	"{""2023"":3,""2024"":3}"	FXZZ202307005;FXZZ202309005;FXZZ202405005;FXZZ202412005	A1/A2	pending_human_review
1f4a79650fb8eaa6fa56	明确性原则	cross_paper_discovery	bounded_chinese_ngram_maximal_repeat	2	2	2	"{""1"":0,""2"":2,""3"":0}"		{'confidence': 0.1, 'domain': 'unrouted', 'evidence_source': 'keyword', 'evidence_span': '犯罪情节', 'label_origin': 'machine_inferred', 'routing_only': True, 'source_level': 'B'};{'confidence': 0.68, 'domain': '程序法', 'evidence_source': 'keyword', 'evidence_span': '核准程序', 'label_origin': 'machine_inferred', 'routing_only': True, 'source_level': 'B'}		internal_fragment	0.8	"{""2023"":1,""2024"":1}"	FXZZ202307005;FXZZ202405005	A1/A2	pending_human_review
a41320c3de17cc4dc372	明确拒绝	cross_paper_discovery	bounded_chinese_ngram_maximal_repeat	2	2	2;3	"{""1"":0,""2"":1,""3"":1}"		{'confidence': 0.1, 'domain': 'unrouted', 'evidence_source': 'keyword', 'evidence_span': '隐私权保护', 'label_origin': 'machine_inferred', 'routing_only': True, 'source_level': 'B'}		internal_fragment	1.0	"{""2024"":2}"	FXZZ202403002;FXZZ202404010	A1/A2	pending_human_review
8c638f523ab1c17540d0	明确规定	cross_paper_discovery	bounded_chinese_ngram_maximal_repeat	2	2	2;3	"{""1"":0,""2"":1,""3"":1}"		{'confidence': 0.1, 'domain': 'unrouted', 'evidence_source': 'keyword', 'evidence_span': '投资争端解决', 'label_origin': 'machine_inferred', 'routing_only': True, 'source_level': 'B'};{'confidence': 0.66, 'domain': '比较法', 'evidence_source': 'keyword', 'evidence_span': '国际投资条约', 'label_origin': 'machine_inferred', 'routing_only': True, 'source_level': 'B'};{'confidence': 0.68, 'domain': '侵权责任', 'evidence_source': 'keyword', 'evidence_span': '企业社会责任', 'label_origin': 'machine_inferred', 'routing_only': True, 'source_level': 'B'}		internal_fragment	1.0	"{""2023"":1,""2024"":1}"	FXZZ202303012;FXZZ202401005	A1/A2	pending_human_review
7d072e9d729d1675117d	明规则	cross_paper_discovery	bounded_chinese_ngram_maximal_repeat	2	2	3	"{""1"":0,""2"":0,""3"":3}"	程序审查	{'confidence': 0.1, 'domain': 'unrouted', 'evidence_source': 'keyword', 'evidence_span': '透明度', 'label_origin': 'machine_inferred', 'routing_only': True, 'source_level': 'B'};{'confidence': 0.66, 'domain': '比较法', 'evidence_source': 'keyword', 'evidence_span': '国际经贸合作', 'label_origin': 'machine_inferred', 'routing_only': True, 'source_level': 'B'};{'confidence': 0.68, 'domain': '程序法', 'evidence_source': 'keyword', 'evidence_span': '检察公益诉讼', 'label_origin': 'machine_inferred', 'routing_only': True, 'source_level': 'B'}		internal_fragment	1.111112	"{""2023"":1,""2026"":2}"	FXZZ202302012;FXZZ202607003	A1/A2	pending_human_review
2a9640fd2398b8808d54	明责任	cross_paper_discovery	bounded_chinese_ngram_maximal_repeat	3	3	2;3	"{""1"":0,""2"":2,""3"":1}"	制度构建;程序审查;证据证明	{'confidence': 0.1, 'domain': 'unrouted', 'evidence_source': 'keyword', 'evidence_span': '印证方法', 'label_origin': 'machine_inferred', 'routing_only': True, 'source_level': 'B'};{'confidence': 0.68, 'domain': '程序法', 'evidence_source': 'keyword', 'evidence_span': '检察公益诉讼', 'label_origin': 'machine_inferred', 'routing_only': True, 'source_level': 'B'}		internal_fragment	1.666667	"{""2024"":1,""2026"":2}"	FXZZ202406009;FXZZ202607003;FXZZ202607008	A1/A2	pending_human_review
08c9756a0d9fee1d7bc8	易引发	cross_paper_discovery	bounded_chinese_ngram_maximal_repeat	2	2	3	"{""1"":0,""2"":0,""3"":2}"		{'confidence': 0.1, 'domain': 'unrouted', 'evidence_source': 'keyword', 'evidence_span': '除名之诉', 'label_origin': 'machine_inferred', 'routing_only': True, 'source_level': 'B'}		internal_fragment	1.166667	"{""2023"":1,""2024"":1}"	FXZZ202303007;FXZZ202405013	A1/A2	pending_human_review
fbbd293540f1c9f77905	普遍性	cross_paper_discovery	bounded_chinese_ngram_maximal_repeat	2	2	2	"{""1"":0,""2"":2,""3"":0}"	制度构建	{'confidence': 0.1, 'domain': 'unrouted', 'evidence_source': 'keyword', 'evidence_span': '“农业面源污染防治—碳汇交易”制度', 'label_origin': 'machine_inferred', 'routing_only': True, 'source_level': 'B'}		internal_fragment	1.333334	"{""2023"":2}"	FXZZ202307011;FXZZ202311002	A1/A2	pending_human_review
2ca96178ec91812769f4	更契合	cross_paper_discovery	bounded_chinese_ngram_maximal_repeat	2	2	1;2	"{""1"":1,""2"":1,""3"":0}"		{'confidence': 0.1, 'domain': 'unrouted', 'evidence_source': 'keyword', 'evidence_span': '代位', 'label_origin': 'machine_inferred', 'routing_only': True, 'source_level': 'B'}		internal_fragment	1.333334	"{""2023"":1,""2024"":1}"	FXZZ202302008;FXZZ202406009	A1/A2	pending_human_review
acfb3d3e72ce1ae792d7	替代国	cross_paper_discovery	bounded_chinese_ngram_maximal_repeat	2	2	2;3	"{""1"":0,""2"":1,""3"":1}"		{'confidence': 0.1, 'domain': 'unrouted', 'evidence_source': 'keyword', 'evidence_span': '体系效应', 'label_origin': 'machine_inferred', 'routing_only': True, 'source_level': 'B'};{'confidence': 0.66, 'domain': '比较法', 'evidence_source': 'keyword', 'evidence_span': '国际民事管辖权', 'label_origin': 'machine_inferred', 'routing_only': True, 'source_level': 'B'}		internal_fragment	1.333334	"{""2023"":2}"	FXZZ202301013;FXZZ202312011	A1/A2	pending_human_review
77af756876702bec6641	替代性	cross_paper_discovery	bounded_chinese_ngram_maximal_repeat	2	2	3	"{""1"":0,""2"":0,""3"":3}"	程序审查	{'confidence': 0.1, 'domain': 'unrouted', 'evidence_source': 'keyword', 'evidence_span': '劳动法', 'label_origin': 'machine_inferred', 'routing_only': True, 'source_level': 'B'}		internal_fragment	1.222223	"{""2023"":2,""2024"":1}"	FXZZ202303011;FXZZ202412004	A1/A2	pending_human_review
73f07456620a8d1014e9	最大化	cross_paper_discovery	bounded_chinese_ngram_maximal_repeat	2	2	2;3	"{""1"":0,""2"":1,""3"":1}"		{'confidence': 0.1, 'domain': 'unrouted', 'evidence_source': 'keyword', 'evidence_span': '辅助性原则', 'label_origin': 'machine_inferred', 'routing_only': True, 'source_level': 'B'}		internal_fragment	1.333334	"{""2023"":2}"	FXZZ202301013;FXZZ202312004	A1/A2	pending_human_review
bee63c956d12587252c2	最根本	cross_paper_discovery	bounded_chinese_ngram_maximal_repeat	2	2	1;2	"{""1"":1,""2"":1,""3"":0}"	制度构建	{'confidence': 0.1, 'domain': 'unrouted', 'evidence_source': 'keyword', 'evidence_span': '依宪执政', 'label_origin': 'machine_inferred', 'routing_only': True, 'source_level': 'B'}		internal_fragment	1.000001	"{""2023"":1,""2026"":1}"	FXZZ202303001;FXZZ202607001	A1/A2	pending_human_review
318c875113e134b71cce	服务提供者	cross_paper_discovery	bounded_chinese_ngram_maximal_repeat	2	2	1;2;3	"{""1"":7,""2"":5,""3"":1}"	程序审查	{'confidence': 0.1, 'domain': 'unrouted', 'evidence_source': 'keyword', 'evidence_span': '隐私权', 'label_origin': 'machine_inferred', 'routing_only': True, 'source_level': 'B'}		internal_fragment;low_wordhood_score	0.553846	"{""2023"":4,""2024"":9}"	FXZZ202301011;FXZZ202407009	A1/A2	pending_human_review
e238bafba3ea28dbaa52	未完全	cross_paper_discovery	bounded_chinese_ngram_maximal_repeat	2	2	1;2	"{""1"":1,""2"":1,""3"":0}"	案例适用;比较法	{'confidence': 0.1, 'domain': 'unrouted', 'evidence_source': 'keyword', 'evidence_span': '注意义务', 'label_origin': 'machine_inferred', 'routing_only': True, 'source_level': 'B'};{'confidence': 0.66, 'domain': '规范理论', 'evidence_source': 'keyword', 'evidence_span': '保护性规范', 'label_origin': 'machine_inferred', 'routing_only': True, 'source_level': 'B'};{'confidence': 0.72, 'domain': '合同法', 'evidence_source': 'keyword', 'evidence_span': '违约金调整', 'label_origin': 'machine_inferred', 'routing_only': True, 'source_level': 'B'}		internal_fragment	1.166667	"{""2024"":1,""2026"":1}"	FXZZ202407008;FXZZ202607006	A1/A2	pending_human_review
f0d9d54338941dbc83ef	未得到	cross_paper_discovery	bounded_chinese_ngram_maximal_repeat	2	2	3	"{""1"":0,""2"":0,""3"":2}"	程序审查	{'confidence': 0.1, 'domain': 'unrouted', 'evidence_source': 'keyword', 'evidence_span': '刑法保障', 'label_origin': 'machine_inferred', 'routing_only': True, 'source_level': 'B'}		internal_fragment	1.333334	"{""2023"":1,""2024"":1}"	FXZZ202301007;FXZZ202404003	A1/A2	pending_human_review
16e66510ca2f6900d0ec	未成年人	cross_paper_discovery	bounded_chinese_ngram_maximal_repeat	2	2	2	"{""1"":0,""2"":4,""3"":0}"		{'confidence': 0.1, 'domain': 'unrouted', 'evidence_source': 'keyword', 'evidence_span': '监察范围', 'label_origin': 'machine_inferred', 'routing_only': True, 'source_level': 'B'}		internal_fragment;low_wordhood_score	0.75	"{""2023"":1,""2024"":3}"	FXZZ202307006;FXZZ202405007	A1/A2	pending_human_review
641b9ee33cae25de0ff7	未明确	cross_paper_discovery	bounded_chinese_ngram_maximal_repeat	3	3	2	"{""1"":0,""2"":3,""3"":0}"	权利救济;程序审查;规范依据	{'confidence': 0.1, 'domain': 'unrouted', 'evidence_source': 'keyword', 'evidence_span': '合目的性改革', 'label_origin': 'machine_inferred', 'routing_only': True, 'source_level': 'B'};{'confidence': 0.66, 'domain': '规范理论', 'evidence_source': 'keyword', 'evidence_span': '保护性规范', 'label_origin': 'machine_inferred', 'routing_only': True, 'source_level': 'B'}		internal_fragment	2.0	"{""2023"":2,""2024"":1}"	FXZZ202301004;FXZZ202305005;FXZZ202407008	A1/A2	pending_human_review
4c76b07223966dd9ed1d	未生效	cross_paper_discovery	bounded_chinese_ngram_maximal_repeat	2	2	2;3	"{""1"":0,""2"":2,""3"":1}"		{'confidence': 0.1, 'domain': 'unrouted', 'evidence_source': 'keyword', 'evidence_span': '除名之诉', 'label_origin': 'machine_inferred', 'routing_only': True, 'source_level': 'B'}			1.111112	"{""2023"":2,""2026"":1}"	FXZZ202303007;FXZZ202607007	A1/A2	pending_human_review
499239928ba889bb1ce1	本分析	cross_paper_discovery	bounded_chinese_ngram_maximal_repeat	2	2	1;2	"{""1"":1,""2"":1,""3"":0}"	权利救济;证据证明	{'confidence': 0.1, 'domain': 'unrouted', 'evidence_source': 'keyword', 'evidence_span': '竞争中性', 'label_origin': 'machine_inferred', 'routing_only': True, 'source_level': 'B'};{'confidence': 0.68, 'domain': '程序法', 'evidence_source': 'keyword', 'evidence_span': '外部审查', 'label_origin': 'machine_inferred', 'routing_only': True, 'source_level': 'B'}		internal_fragment	1.166667	"{""2023"":1,""2026"":1}"	FXZZ202303010;FXZZ202607003	A1/A2	pending_human_review
ce607591d224fe6818c5	本制度	cross_paper_discovery	bounded_chinese_ngram_maximal_repeat	2	2	2	"{""1"":0,""2"":2,""3"":0}"	制度构建	{'confidence': 0.1, 'domain': 'unrouted', 'evidence_source': 'keyword', 'evidence_span': '依宪执政', 'label_origin': 'machine_inferred', 'routing_only': True, 'source_level': 'B'};{'confidence': 0.68, 'domain': '程序法', 'evidence_source': 'keyword', 'evidence_span': '程序问题', 'label_origin': 'machine_inferred', 'routing_only': True, 'source_level': 'B'}		internal_fragment	1.333334	"{""2023"":2}"	FXZZ202303001;FXZZ202308012	A1/A2	pending_human_review
f1d166d48c987a075399	本立场	cross_paper_discovery	bounded_chinese_ngram_maximal_repeat	3	3	2	"{""1"":0,""2"":3,""3"":0}"		{'confidence': 0.1, 'domain': 'unrouted', 'evidence_source': 'keyword', 'evidence_span': '消费者权益保护法', 'label_origin': 'machine_inferred', 'routing_only': True, 'source_level': 'B'}		internal_fragment	1.833333	"{""2023"":2,""2026"":1}"	FXZZ202306012;FXZZ202308009;FXZZ202607001	A1/A2	pending_human_review
f11645424a958f839d6f	本质区	cross_paper_discovery	bounded_chinese_ngram_maximal_repeat	2	2	2	"{""1"":0,""2"":2,""3"":0}"		{'confidence': 0.1, 'domain': 'unrouted', 'evidence_source': 'keyword', 'evidence_span': '消费者权益保护法', 'label_origin': 'machine_inferred', 'routing_only': True, 'source_level': 'B'}		internal_fragment	1.166667	"{""2023"":1,""2024"":1}"	FXZZ202306012;FXZZ202405009	A1/A2	pending_human_review
5c8ba3150ef587df83b6	本质属性	cross_paper_discovery	bounded_chinese_ngram_maximal_repeat	2	2	2;3	"{""1"":0,""2"":1,""3"":1}"		{'confidence': 0.1, 'domain': 'unrouted', 'evidence_source': 'keyword', 'evidence_span': '合目的性改革', 'label_origin': 'machine_inferred', 'routing_only': True, 'source_level': 'B'};{'confidence': 0.68, 'domain': '程序法', 'evidence_source': 'keyword', 'evidence_span': '备案审查', 'label_origin': 'machine_inferred', 'routing_only': True, 'source_level': 'B'}		internal_fragment	0.875	"{""2023"":1,""2024"":1}"	FXZZ202301004;FXZZ202407004	A1/A2	pending_human_review
8b7d310367784d5ab24a	本身具	cross_paper_discovery	bounded_chinese_ngram_maximal_repeat	2	2	2;3	"{""1"":0,""2"":1,""3"":1}"	规范依据	{'confidence': 0.1, 'domain': 'unrouted', 'evidence_source': 'keyword', 'evidence_span': '保证期间', 'label_origin': 'machine_inferred', 'routing_only': True, 'source_level': 'B'};{'confidence': 0.68, 'domain': '程序法', 'evidence_source': 'keyword', 'evidence_span': '保证债务诉讼时效', 'label_origin': 'machine_inferred', 'routing_only': True, 'source_level': 'B'}		internal_fragment	1.333334	"{""2024"":2}"	FXZZ202401008;FXZZ202404005	A1/A2	pending_human_review
f92beb891810d1905aaa	本遵循	cross_paper_discovery	bounded_chinese_ngram_maximal_repeat	2	2	2	"{""1"":0,""2"":2,""3"":0}"		{'confidence': 0.1, 'domain': 'unrouted', 'evidence_source': 'keyword', 'evidence_span': '第三人', 'label_origin': 'machine_inferred', 'routing_only': True, 'source_level': 'B'}		internal_fragment	1.166667	"{""2023"":1,""2024"":1}"	FXZZ202305013;FXZZ202405007	A1/A2	pending_human_review
a77168ba0c35c458e053	机关监督	cross_paper_discovery	bounded_chinese_ngram_maximal_repeat	2	2	2;3	"{""1"":0,""2"":1,""3"":1}"	程序审查	{'confidence': 0.1, 'domain': 'unrouted', 'evidence_source': 'keyword', 'evidence_span': '城市规划', 'label_origin': 'machine_inferred', 'routing_only': True, 'source_level': 'B'};{'confidence': 0.68, 'domain': '程序法', 'evidence_source': 'keyword', 'evidence_span': '备案审查', 'label_origin': 'machine_inferred', 'routing_only': True, 'source_level': 'B'}		internal_fragment	1.0	"{""2023"":1,""2024"":1}"	FXZZ202305003;FXZZ202407004	A1/A2	pending_human_review
4a05d56cbc4616eca76d	机制的构建	cross_paper_discovery	bounded_chinese_ngram_maximal_repeat	2	2	1;2	"{""1"":1,""2"":1,""3"":0}"		{'confidence': 0.1, 'domain': 'unrouted', 'evidence_source': 'keyword', 'evidence_span': '侦查秘密原则', 'label_origin': 'machine_inferred', 'routing_only': True, 'source_level': 'B'};{'confidence': 0.68, 'domain': '程序法', 'evidence_source': 'keyword', 'evidence_span': '逮捕程序正当化', 'label_origin': 'machine_inferred', 'routing_only': True, 'source_level': 'B'}		generic_container;internal_fragment;low_wordhood_score	0.7	"{""2023"":2}"	FXZZ202304014;FXZZ202306008	A1/A2	pending_human_review
cec6d167bca16bbb0c8c	权与合同	cross_paper_discovery	bounded_chinese_ngram_maximal_repeat	2	2	1;2	"{""1"":1,""2"":1,""3"":0}"		{'confidence': 0.1, 'domain': 'unrouted', 'evidence_source': 'keyword', 'evidence_span': '实质等同原则', 'label_origin': 'machine_inferred', 'routing_only': True, 'source_level': 'B'};{'confidence': 0.72, 'domain': '合同法', 'evidence_source': 'keyword', 'evidence_span': '解除权', 'label_origin': 'machine_inferred', 'routing_only': True, 'source_level': 'B'}		internal_fragment	1.0	"{""2023"":2}"	FXZZ202305009;FXZZ202312007	A1/A2	pending_human_review
0787466cc1085e688546	权主体	cross_paper_discovery	bounded_chinese_ngram_maximal_repeat	2	2	1;2	"{""1"":2,""2"":1,""3"":0}"		{'confidence': 0.1, 'domain': 'unrouted', 'evidence_source': 'keyword', 'evidence_span': '基本权利', 'label_origin': 'machine_inferred', 'routing_only': True, 'source_level': 'B'}		internal_fragment	1.222223	"{""2024"":2,""2025"":1}"	FXZZ202412002;FXZZ202501004	A1/A2	pending_human_review
317d51cc23c45884091b	权代理人承担	cross_paper_discovery	bounded_chinese_ngram_maximal_repeat	2	2	2;3	"{""1"":0,""2"":1,""3"":1}"		{'confidence': 0.1, 'domain': 'unrouted', 'evidence_source': 'keyword', 'evidence_span': '受害人故意', 'label_origin': 'machine_inferred', 'routing_only': True, 'source_level': 'B'};{'confidence': 0.68, 'domain': '侵权责任', 'evidence_source': 'keyword', 'evidence_span': '无权代理人责任', 'label_origin': 'machine_inferred', 'routing_only': True, 'source_level': 'B'}		internal_fragment;low_wordhood_score	0.666666	"{""2023"":2}"	FXZZ202301010;FXZZ202307008	A1/A2	pending_human_review
bc211bf4b3a78b61435e	权代理责任	cross_paper_discovery	bounded_chinese_ngram_maximal_repeat	2	2	2;3	"{""1"":0,""2"":1,""3"":1}"		{'confidence': 0.1, 'domain': 'unrouted', 'evidence_source': 'keyword', 'evidence_span': '破产别除权', 'label_origin': 'machine_inferred', 'routing_only': True, 'source_level': 'B'}		internal_fragment	0.8	"{""2023"":1,""2024"":1}"	FXZZ202307008;FXZZ202403008	A1/A2	pending_human_review
f251706145b02e603a3c	权保护	cross_paper_discovery	bounded_chinese_ngram_maximal_repeat	7	7	1;2;3	"{""1"":4,""2"":8,""3"":8}"	制度构建;权利救济;比较法;程序审查;规范依据	{'confidence': 0.1, 'domain': 'unrouted', 'evidence_source': 'keyword', 'evidence_span': '适度干预', 'label_origin': 'machine_inferred', 'routing_only': True, 'source_level': 'B'};{'confidence': 0.68, 'domain': '侵权责任', 'evidence_source': 'keyword', 'evidence_span': '司法责任制', 'label_origin': 'machine_inferred', 'routing_only': True, 'source_level': 'B'}		internal_fragment	3.266666	"{""2023"":2,""2024"":18}"	FXZZ202301012;FXZZ202307007;FXZZ202403003;FXZZ202403010;FXZZ202404005;FXZZ202407013;FXZZ202412006	A1/A2	pending_human_review
b0792b7b312abdf21e6e	权保障	cross_paper_discovery	bounded_chinese_ngram_maximal_repeat	3	3	1;2;3	"{""1"":4,""2"":2,""3"":1}"	制度构建;权利救济	{'confidence': 0.1, 'domain': 'unrouted', 'evidence_source': 'keyword', 'evidence_span': '数据自决权', 'label_origin': 'machine_inferred', 'routing_only': True, 'source_level': 'B'}		internal_fragment	1.571429	"{""2023"":1,""2024"":3,""2025"":3}"	FXZZ202301003;FXZZ202401003;FXZZ202501004	A1/A2	pending_human_review
5a72ee634ad5104e0ceb	权决定	cross_paper_discovery	bounded_chinese_ngram_maximal_repeat	2	2	2;3	"{""1"":0,""2"":1,""3"":1}"	规范依据	{'confidence': 0.1, 'domain': 'unrouted', 'evidence_source': 'keyword', 'evidence_span': '合目的性改革', 'label_origin': 'machine_inferred', 'routing_only': True, 'source_level': 'B'}		internal_fragment	1.333334	"{""2023"":1,""2024"":1}"	FXZZ202301004;FXZZ202404005	A1/A2	pending_human_review
5b931ae63559bce3c3f3	权利	legal_term	config_legal_term_longest_match	48	48	1;2;3	"{""1"":33,""2"":75,""3"":33}"	制度构建;权利救济;比较法;程序审查;规范依据	{'confidence': 0.1, 'domain': 'unrouted', 'evidence_source': 'keyword', 'evidence_span': '数据自决权', 'label_origin': 'machine_inferred', 'routing_only': True, 'source_level': 'B'};{'confidence': 0.66, 'domain': '比较法', 'evidence_source': 'keyword', 'evidence_span': '域外适用', 'label_origin': 'machine_inferred', 'routing_only': True, 'source_level': 'B'};{'confidence': 0.66, 'domain': '规范理论', 'evidence_source': 'keyword', 'evidence_span': '规范解构', 'label_origin': 'machine_inferred', 'routing_only': True, 'source_level': 'B'};{'confidence': 0.68, 'domain': '程序法', 'evidence_source': 'keyword', 'evidence_span': '审查认证规则', 'label_origin': 'machine_inferred', 'routing_only': True, 'source_level': 'B'};{'confidence': 0.72, 'domain': '合同法', 'evidence_source': 'keyword', 'evidence_span': '违约方申请解除', 'label_origin': 'machine_inferred', 'routing_only': True, 'source_level': 'B'}				"{""2023"":56,""2024"":84,""2026"":1}"	FXZZ202301003;FXZZ202301005;FXZZ202301008;FXZZ202301011;FXZZ202302004;FXZZ202302007;FXZZ202302010;FXZZ202303003;FXZZ202303008;FXZZ202303011;FXZZ202304010;FXZZ202304012;FXZZ202305008;FXZZ202307002;FXZZ202307004;FXZZ202307006;FXZZ202307007;FXZZ202307009;FXZZ202309010;FXZZ202309012;FXZZ202310005;FXZZ202310013;FXZZ202311003;FXZZ202311010;FXZZ202312008;FXZZ202401003;FXZZ202401004;FXZZ202401005;FXZZ202401012;FXZZ202401013;FXZZ202403002;FXZZ202403003;FXZZ202404004;FXZZ202404005;FXZZ202404013;FXZZ202405005;FXZZ202405006;FXZZ202405013;FXZZ202406002;FXZZ202407001;FXZZ202407003;FXZZ202407006;FXZZ202407011;FXZZ202412003;FXZZ202412005;FXZZ202412010;FXZZ202412011;FXZZ202607008	A1/A2	pending_human_review
4c3fdecb6896aa8e63a3	权利主	cross_paper_discovery	bounded_chinese_ngram_maximal_repeat	2	2	3	"{""1"":0,""2"":0,""3"":2}"		{'confidence': 0.1, 'domain': 'unrouted', 'evidence_source': 'keyword', 'evidence_span': '集体行动困境', 'label_origin': 'machine_inferred', 'routing_only': True, 'source_level': 'B'};{'confidence': 0.68, 'domain': '程序法', 'evidence_source': 'keyword', 'evidence_span': '检察公益诉讼谦抑性', 'label_origin': 'machine_inferred', 'routing_only': True, 'source_level': 'B'}		internal_fragment	1.333334	"{""2023"":1,""2024"":1}"	FXZZ202309012;FXZZ202401005	A1/A2	pending_human_review
174f9b8abd350450d026	权利义	cross_paper_discovery	bounded_chinese_ngram_maximal_repeat	3	3	2;3	"{""1"":0,""2"":2,""3"":1}"	程序审查	{'confidence': 0.1, 'domain': 'unrouted', 'evidence_source': 'keyword', 'evidence_span': '股权利益', 'label_origin': 'machine_inferred', 'routing_only': True, 'source_level': 'B'}		internal_fragment	1.5	"{""2023"":1,""2024"":1,""2026"":1}"	FXZZ202302007;FXZZ202406005;FXZZ202607002	A1/A2	pending_human_review
6bd44963587f8efa71b6	权利义务	legal_term	config_legal_term_longest_match	3	3	2;3	"{""1"":0,""2"":2,""3"":1}"	程序审查	{'confidence': 0.1, 'domain': 'unrouted', 'evidence_source': 'keyword', 'evidence_span': '股权利益', 'label_origin': 'machine_inferred', 'routing_only': True, 'source_level': 'B'}				"{""2023"":1,""2024"":1,""2026"":1}"	FXZZ202302007;FXZZ202406005;FXZZ202607002	A1/A2	pending_human_review
0cdd24f0448bf9ef8f46	权利人	cross_paper_discovery	bounded_chinese_ngram_maximal_repeat	2	2	3	"{""1"":0,""2"":0,""3"":2}"		{'confidence': 0.1, 'domain': 'unrouted', 'evidence_source': 'keyword', 'evidence_span': '添附', 'label_origin': 'machine_inferred', 'routing_only': True, 'source_level': 'B'}			1.166667	"{""2023"":1,""2024"":1}"	FXZZ202303008;FXZZ202403003	A1/A2	pending_human_review
f17d4b607a774fc95317	权利体系	cross_paper_discovery	bounded_chinese_ngram_maximal_repeat	4	4	1;2;3	"{""1"":2,""2"":8,""3"":1}"		{'confidence': 0.1, 'domain': 'unrouted', 'evidence_source': 'keyword', 'evidence_span': '数据自决权', 'label_origin': 'machine_inferred', 'routing_only': True, 'source_level': 'B'};{'confidence': 0.68, 'domain': '程序法', 'evidence_source': 'keyword', 'evidence_span': '正当程序', 'label_origin': 'machine_inferred', 'routing_only': True, 'source_level': 'B'}		generic_container;internal_fragment	1.409091	"{""2023"":9,""2024"":2}"	FXZZ202301003;FXZZ202311003;FXZZ202404005;FXZZ202407003	A1/A2	pending_human_review
e91fcf4749d06ae56775	权利保	cross_paper_discovery	bounded_chinese_ngram_maximal_repeat	6	6	2;3	"{""1"":0,""2"":9,""3"":7}"		{'confidence': 0.1, 'domain': 'unrouted', 'evidence_source': 'keyword', 'evidence_span': '一体化处罚观', 'label_origin': 'machine_inferred', 'routing_only': True, 'source_level': 'B'}		internal_fragment	2.4375	"{""2023"":5,""2024"":11}"	FXZZ202302010;FXZZ202303003;FXZZ202307007;FXZZ202401005;FXZZ202405013;FXZZ202412011	A1/A2	pending_human_review
bfb4ee343c5e635c8e89	权利保护	cross_paper_discovery	bounded_chinese_ngram_maximal_repeat	4	4	2;3	"{""1"":0,""2"":5,""3"":5}"		{'confidence': 0.1, 'domain': 'unrouted', 'evidence_source': 'keyword', 'evidence_span': '一体化处罚观', 'label_origin': 'machine_inferred', 'routing_only': True, 'source_level': 'B'}		internal_fragment	1.45	"{""2023"":1,""2024"":9}"	FXZZ202302010;FXZZ202401005;FXZZ202405013;FXZZ202412011	A1/A2	pending_human_review
40f97a33dd4c1669e888	权利保障	cross_paper_discovery	bounded_chinese_ngram_maximal_repeat	3	3	2;3	"{""1"":0,""2"":4,""3"":2}"		{'confidence': 0.1, 'domain': 'unrouted', 'evidence_source': 'keyword', 'evidence_span': '法律控制', 'label_origin': 'machine_inferred', 'routing_only': True, 'source_level': 'B'}		internal_fragment	1.1875	"{""2023"":4,""2024"":2}"	FXZZ202303003;FXZZ202307007;FXZZ202412011	A1/A2	pending_human_review
2c5438ccd3c083b9d8e1	权利基础	cross_paper_discovery	bounded_chinese_ngram_maximal_repeat	2	2	2	"{""1"":0,""2"":2,""3"":0}"		{'confidence': 0.1, 'domain': 'unrouted', 'evidence_source': 'keyword', 'evidence_span': '社会危害性', 'label_origin': 'machine_inferred', 'routing_only': True, 'source_level': 'B'}		internal_fragment	1.0	"{""2024"":2}"	FXZZ202404005;FXZZ202412011	A1/A2	pending_human_review
841642b3b9a8f2a97bd6	权利归属	cross_paper_discovery	bounded_chinese_ngram_maximal_repeat	2	2	2	"{""1"":0,""2"":2,""3"":0}"		{'confidence': 0.1, 'domain': 'unrouted', 'evidence_source': 'keyword', 'evidence_span': '填补赔偿', 'label_origin': 'machine_inferred', 'routing_only': True, 'source_level': 'B'};{'confidence': 0.72, 'domain': '合同法', 'evidence_source': 'keyword', 'evidence_span': '违约方申请解除', 'label_origin': 'machine_inferred', 'routing_only': True, 'source_level': 'B'}		internal_fragment	1.0	"{""2023"":1,""2024"":1}"	FXZZ202305008;FXZZ202404005	A1/A2	pending_human_review
dd67849fbc205f7e9c64	权利性	cross_paper_discovery	bounded_chinese_ngram_maximal_repeat	2	2	1;2;3	"{""1"":2,""2"":3,""3"":2}"	程序审查;规范依据	{'confidence': 0.1, 'domain': 'unrouted', 'evidence_source': 'keyword', 'evidence_span': '“避风港”规则', 'label_origin': 'machine_inferred', 'routing_only': True, 'source_level': 'B'}		internal_fragment	0.857143	"{""2023"":2,""2024"":5}"	FXZZ202307009;FXZZ202405005	A1/A2	pending_human_review
a06fb07792dcc817ff20	权利概念	cross_paper_discovery	bounded_chinese_ngram_maximal_repeat	2	2	1	"{""1"":2,""2"":0,""3"":0}"		{'confidence': 0.1, 'domain': 'unrouted', 'evidence_source': 'keyword', 'evidence_span': '公共利益', 'label_origin': 'machine_inferred', 'routing_only': True, 'source_level': 'B'}		internal_fragment	0.875	"{""2024"":2}"	FXZZ202404004;FXZZ202407001	A1/A2	pending_human_review
33b79c47e46e160e0d19	权利维	cross_paper_discovery	bounded_chinese_ngram_maximal_repeat	2	2	1;2	"{""1"":2,""2"":1,""3"":0}"	规范依据	{'confidence': 0.1, 'domain': 'unrouted', 'evidence_source': 'keyword', 'evidence_span': '信用规制', 'label_origin': 'machine_inferred', 'routing_only': True, 'source_level': 'B'}		internal_fragment	1.222223	"{""2024"":3}"	FXZZ202401005;FXZZ202404005	A1/A2	pending_human_review
6e774da8e4ed4390293d	权利行	cross_paper_discovery	bounded_chinese_ngram_maximal_repeat	3	3	2;3	"{""1"":0,""2"":3,""3"":1}"		{'confidence': 0.1, 'domain': 'unrouted', 'evidence_source': 'keyword', 'evidence_span': '集体行动困境', 'label_origin': 'machine_inferred', 'routing_only': True, 'source_level': 'B'};{'confidence': 0.68, 'domain': '程序法', 'evidence_source': 'keyword', 'evidence_span': '检察公益诉讼谦抑性', 'label_origin': 'machine_inferred', 'routing_only': True, 'source_level': 'B'}		internal_fragment	1.625	"{""2023"":2,""2024"":2}"	FXZZ202309012;FXZZ202404005;FXZZ202407006	A1/A2	pending_human_review
214e75575e65af1abfcc	权利行使	cross_paper_discovery	bounded_chinese_ngram_maximal_repeat	2	2	2;3	"{""1"":0,""2"":2,""3"":1}"		{'confidence': 0.1, 'domain': 'unrouted', 'evidence_source': 'keyword', 'evidence_span': '集体行动困境', 'label_origin': 'machine_inferred', 'routing_only': True, 'source_level': 'B'};{'confidence': 0.68, 'domain': '程序法', 'evidence_source': 'keyword', 'evidence_span': '检察公益诉讼谦抑性', 'label_origin': 'machine_inferred', 'routing_only': True, 'source_level': 'B'}		internal_fragment	0.833333	"{""2023"":2,""2024"":1}"	FXZZ202309012;FXZZ202407006	A1/A2	pending_human_review
e1a6be3688e0baa9aaee	权制度	cross_paper_discovery	bounded_chinese_ngram_maximal_repeat	3	3	1;2;3	"{""1"":1,""2"":5,""3"":3}"	制度构建;构成要件;证据证明	{'confidence': 0.1, 'domain': 'unrouted', 'evidence_source': 'keyword', 'evidence_span': '撤回权', 'label_origin': 'machine_inferred', 'routing_only': True, 'source_level': 'B'};{'confidence': 0.72, 'domain': '合同法', 'evidence_source': 'keyword', 'evidence_span': '解除权', 'label_origin': 'machine_inferred', 'routing_only': True, 'source_level': 'B'}		internal_fragment	1.5	"{""2023"":1,""2024"":2,""2026"":6}"	FXZZ202312007;FXZZ202407013;FXZZ202607008	A1/A2	pending_human_review
50a42a34458beb86da8e	权原则	cross_paper_discovery	bounded_chinese_ngram_maximal_repeat	2	2	3	"{""1"":0,""2"":0,""3"":2}"		{'confidence': 0.1, 'domain': 'unrouted', 'evidence_source': 'keyword', 'evidence_span': '刑法保障', 'label_origin': 'machine_inferred', 'routing_only': True, 'source_level': 'B'}		internal_fragment	1.333334	"{""2023"":1,""2026"":1}"	FXZZ202301007;FXZZ202607005	A1/A2	pending_human_review
51f324f0c349ebf02f4a	权客体	cross_paper_discovery	bounded_chinese_ngram_maximal_repeat	2	2	1;2	"{""1"":1,""2"":1,""3"":0}"		{'confidence': 0.1, 'domain': 'unrouted', 'evidence_source': 'keyword', 'evidence_span': '《民法典》第33条', 'label_origin': 'machine_inferred', 'routing_only': True, 'source_level': 'B'}		internal_fragment	1.333334	"{""2024"":1,""2025"":1}"	FXZZ202405008;FXZZ202501004	A1/A2	pending_human_review
299a749d852db8a6ea8d	权属性	cross_paper_discovery	bounded_chinese_ngram_maximal_repeat	2	2	1;2	"{""1"":1,""2"":2,""3"":0}"		{'confidence': 0.1, 'domain': 'unrouted', 'evidence_source': 'keyword', 'evidence_span': '民事代理', 'label_origin': 'machine_inferred', 'routing_only': True, 'source_level': 'B'};{'confidence': 0.68, 'domain': '程序法', 'evidence_source': 'keyword', 'evidence_span': '正当程序', 'label_origin': 'machine_inferred', 'routing_only': True, 'source_level': 'B'}		internal_fragment	1.111112	"{""2023"":1,""2024"":2}"	FXZZ202307007;FXZZ202407003	A1/A2	pending_human_review
5201bf10f53128c0c562	权方案	cross_paper_discovery	bounded_chinese_ngram_maximal_repeat	2	2	1;2	"{""1"":1,""2"":1,""3"":0}"	比较法	{'confidence': 0.1, 'domain': 'unrouted', 'evidence_source': 'keyword', 'evidence_span': '数据自决权', 'label_origin': 'machine_inferred', 'routing_only': True, 'source_level': 'B'}		internal_fragment	1.333334	"{""2023"":1,""2024"":1}"	FXZZ202301003;FXZZ202401013	A1/A2	pending_human_review
bd9d3d0c3f3107497cb4	权法治	cross_paper_discovery	bounded_chinese_ngram_maximal_repeat	2	2	1	"{""1"":4,""2"":0,""3"":0}"		{'confidence': 0.1, 'domain': 'unrouted', 'evidence_source': 'keyword', 'evidence_span': '民事代理', 'label_origin': 'machine_inferred', 'routing_only': True, 'source_level': 'B'}		internal_fragment	1.000001	"{""2023"":2,""2025"":2}"	FXZZ202307007;FXZZ202501004	A1/A2	pending_human_review
6780a830fd4a45314dfa	权犯罪	cross_paper_discovery	bounded_chinese_ngram_maximal_repeat	2	2	1;2	"{""1"":1,""2"":2,""3"":0}"		{'confidence': 0.1, 'domain': 'unrouted', 'evidence_source': 'keyword', 'evidence_span': '加速到期', 'label_origin': 'machine_inferred', 'routing_only': True, 'source_level': 'B'}		internal_fragment	1.222223	"{""2023"":1,""2024"":2}"	FXZZ202308007;FXZZ202412008	A1/A2	pending_human_review
a652ee852971c64a44cb	权理论	cross_paper_discovery	bounded_chinese_ngram_maximal_repeat	3	3	1;2	"{""1"":2,""2"":2,""3"":0}"		{'confidence': 0.1, 'domain': 'unrouted', 'evidence_source': 'keyword', 'evidence_span': '法的安定性', 'label_origin': 'machine_inferred', 'routing_only': True, 'source_level': 'B'};{'confidence': 0.68, 'domain': '程序法', 'evidence_source': 'keyword', 'evidence_span': '正当裁判', 'label_origin': 'machine_inferred', 'routing_only': True, 'source_level': 'B'}		internal_fragment	1.75	"{""2023"":1,""2024"":3}"	FXZZ202310002;FXZZ202404013;FXZZ202412003	A1/A2	pending_human_review
603876a4164e26deaec0	权的一	cross_paper_discovery	bounded_chinese_ngram_maximal_repeat	2	2	2;3	"{""1"":0,""2"":1,""3"":1}"		{'confidence': 0.1, 'domain': 'unrouted', 'evidence_source': 'keyword', 'evidence_span': '添附', 'label_origin': 'machine_inferred', 'routing_only': True, 'source_level': 'B'}		internal_fragment	1.333334	"{""2023"":2}"	FXZZ202303008;FXZZ202312003	A1/A2	pending_human_review
a47f1a94f9178ae87d0f	权的保	cross_paper_discovery	bounded_chinese_ngram_maximal_repeat	3	3	1;2	"{""1"":1,""2"":2,""3"":0}"		{'confidence': 0.1, 'domain': 'unrouted', 'evidence_source': 'keyword', 'evidence_span': '添附', 'label_origin': 'machine_inferred', 'routing_only': True, 'source_level': 'B'}		internal_fragment	1.833333	"{""2023"":1,""2024"":2}"	FXZZ202303008;FXZZ202407013;FXZZ202412006	A1/A2	pending_human_review
9fa92bc2357c97acf9e2	权的保护	cross_paper_discovery	bounded_chinese_ngram_maximal_repeat	2	2	1;2	"{""1"":1,""2"":1,""3"":0}"		{'confidence': 0.1, 'domain': 'unrouted', 'evidence_source': 'keyword', 'evidence_span': '实质违法性', 'label_origin': 'machine_inferred', 'routing_only': True, 'source_level': 'B'}		internal_fragment	1.0	"{""2024"":2}"	FXZZ202407013;FXZZ202412006	A1/A2	pending_human_review
20e9ced1d1f06e738344	权的实	cross_paper_discovery	bounded_chinese_ngram_maximal_repeat	5	5	1;2	"{""1"":3,""2"":3,""3"":0}"	程序审查	{'confidence': 0.1, 'domain': 'unrouted', 'evidence_source': 'keyword', 'evidence_span': '劳动法', 'label_origin': 'machine_inferred', 'routing_only': True, 'source_level': 'B'};{'confidence': 0.68, 'domain': '程序法', 'evidence_source': 'keyword', 'evidence_span': '程序简化', 'label_origin': 'machine_inferred', 'routing_only': True, 'source_level': 'B'}		internal_fragment	2.916667	"{""2023"":5,""2026"":1}"	FXZZ202303011;FXZZ202307009;FXZZ202308010;FXZZ202311012;FXZZ202607005	A1/A2	pending_human_review
fd378b2ba2ba73b9b474	权的实现	cross_paper_discovery	bounded_chinese_ngram_maximal_repeat	2	2	1	"{""1"":2,""2"":0,""3"":0}"		{'confidence': 0.1, 'domain': 'unrouted', 'evidence_source': 'keyword', 'evidence_span': '多元共治', 'label_origin': 'machine_inferred', 'routing_only': True, 'source_level': 'B'}		internal_fragment	1.0	"{""2023"":1,""2026"":1}"	FXZZ202311012;FXZZ202607005	A1/A2	pending_human_review
701d9443a2090ff0ea53	权的平	cross_paper_discovery	bounded_chinese_ngram_maximal_repeat	3	3	2;3	"{""1"":0,""2"":2,""3"":2}"	程序审查;规范依据	{'confidence': 0.1, 'domain': 'unrouted', 'evidence_source': 'keyword', 'evidence_span': '参与分配', 'label_origin': 'machine_inferred', 'routing_only': True, 'source_level': 'B'}		internal_fragment	1.625	"{""2023"":2,""2024"":2}"	FXZZ202301009;FXZZ202404013;FXZZ202412005	A1/A2	pending_human_review
a78c794b62306560f5ad	权的平衡	cross_paper_discovery	bounded_chinese_ngram_maximal_repeat	2	2	2;3	"{""1"":0,""2"":1,""3"":1}"	规范依据	{'confidence': 0.1, 'domain': 'unrouted', 'evidence_source': 'keyword', 'evidence_span': '不足禁止', 'label_origin': 'machine_inferred', 'routing_only': True, 'source_level': 'B'}		internal_fragment	1.0	"{""2024"":2}"	FXZZ202404013;FXZZ202412005	A1/A2	pending_human_review
03c8496105fff8cf849f	权的排除	cross_paper_discovery	bounded_chinese_ngram_maximal_repeat	2	2	1;2	"{""1"":1,""2"":2,""3"":0}"		{'confidence': 0.1, 'domain': 'unrouted', 'evidence_source': 'keyword', 'evidence_span': '实质等同原则', 'label_origin': 'machine_inferred', 'routing_only': True, 'source_level': 'B'};{'confidence': 0.72, 'domain': '合同法', 'evidence_source': 'keyword', 'evidence_span': '解除权', 'label_origin': 'machine_inferred', 'routing_only': True, 'source_level': 'B'}		internal_fragment	0.833333	"{""2023"":3}"	FXZZ202305009;FXZZ202312007	A1/A2	pending_human_review
34e7a5e2b903f3da5077	权的数	cross_paper_discovery	bounded_chinese_ngram_maximal_repeat	2	2	2;3	"{""1"":0,""2"":1,""3"":1}"	程序审查	{'confidence': 0.1, 'domain': 'unrouted', 'evidence_source': 'keyword', 'evidence_span': '添附', 'label_origin': 'machine_inferred', 'routing_only': True, 'source_level': 'B'}		internal_fragment	1.333334	"{""2023"":1,""2024"":1}"	FXZZ202303008;FXZZ202412005	A1/A2	pending_human_review
8792a68cdd524ce0d566	权的本质	cross_paper_discovery	bounded_chinese_ngram_maximal_repeat	2	2	2	"{""1"":0,""2"":2,""3"":0}"		{'confidence': 0.1, 'domain': 'unrouted', 'evidence_source': 'keyword', 'evidence_span': '数据自决权', 'label_origin': 'machine_inferred', 'routing_only': True, 'source_level': 'B'}		internal_fragment	1.0	"{""2023"":1,""2024"":1}"	FXZZ202301003;FXZZ202401013	A1/A2	pending_human_review
cacb4ec96583aab2f353	权的权	cross_paper_discovery	bounded_chinese_ngram_maximal_repeat	2	2	1;2	"{""1"":2,""2"":1,""3"":0}"		{'confidence': 0.1, 'domain': 'unrouted', 'evidence_source': 'keyword', 'evidence_span': '填补赔偿', 'label_origin': 'machine_inferred', 'routing_only': True, 'source_level': 'B'};{'confidence': 0.68, 'domain': '程序法', 'evidence_source': 'keyword', 'evidence_span': '正当程序', 'label_origin': 'machine_inferred', 'routing_only': True, 'source_level': 'B'};{'confidence': 0.72, 'domain': '合同法', 'evidence_source': 'keyword', 'evidence_span': '违约方申请解除', 'label_origin': 'machine_inferred', 'routing_only': True, 'source_level': 'B'}		internal_fragment	1.111112	"{""2023"":2,""2024"":1}"	FXZZ202305008;FXZZ202407003	A1/A2	pending_human_review
ab00a860f8cbfe48fb9d	权的正当	cross_paper_discovery	bounded_chinese_ngram_maximal_repeat	2	2	1	"{""1"":3,""2"":0,""3"":0}"		{'confidence': 0.1, 'domain': 'unrouted', 'evidence_source': 'keyword', 'evidence_span': '损失分担', 'label_origin': 'machine_inferred', 'routing_only': True, 'source_level': 'B'};{'confidence': 0.66, 'domain': '比较法', 'evidence_source': 'keyword', 'evidence_span': '国际民事管辖权', 'label_origin': 'machine_inferred', 'routing_only': True, 'source_level': 'B'}		internal_fragment	0.833333	"{""2023"":3}"	FXZZ202304007;FXZZ202312011	A1/A2	pending_human_review
7bb864d2f03a745843b5	权的法	cross_paper_discovery	bounded_chinese_ngram_maximal_repeat	5	5	1;2;3	"{""1"":2,""2"":2,""3"":1}"	制度构建;权利救济;规范依据	{'confidence': 0.1, 'domain': 'unrouted', 'evidence_source': 'keyword', 'evidence_span': '缺席审判', 'label_origin': 'machine_inferred', 'routing_only': True, 'source_level': 'B'};{'confidence': 0.68, 'domain': '程序法', 'evidence_source': 'keyword', 'evidence_span': '诉讼要件', 'label_origin': 'machine_inferred', 'routing_only': True, 'source_level': 'B'}		internal_fragment	3.000001	"{""2023"":3,""2024"":2}"	FXZZ202303009;FXZZ202305009;FXZZ202305011;FXZZ202403003;FXZZ202404013	A1/A2	pending_human_review
63045fe4649500445f4a	权的法律	cross_paper_discovery	bounded_chinese_ngram_maximal_repeat	3	3	1;2;3	"{""1"":1,""2"":1,""3"":1}"	权利救济;规范依据	{'confidence': 0.1, 'domain': 'unrouted', 'evidence_source': 'keyword', 'evidence_span': '实质等同原则', 'label_origin': 'machine_inferred', 'routing_only': True, 'source_level': 'B'}		internal_fragment	1.5	"{""2023"":1,""2024"":2}"	FXZZ202305009;FXZZ202403003;FXZZ202404013	A1/A2	pending_human_review
d5325f1f978387717fb5	权的理	cross_paper_discovery	bounded_chinese_ngram_maximal_repeat	2	2	2;3	"{""1"":0,""2"":1,""3"":1}"		{'confidence': 0.1, 'domain': 'unrouted', 'evidence_source': 'keyword', 'evidence_span': '犯罪情节', 'label_origin': 'machine_inferred', 'routing_only': True, 'source_level': 'B'};{'confidence': 0.66, 'domain': '比较法', 'evidence_source': 'keyword', 'evidence_span': '国际民事管辖权', 'label_origin': 'machine_inferred', 'routing_only': True, 'source_level': 'B'};{'confidence': 0.68, 'domain': '程序法', 'evidence_source': 'keyword', 'evidence_span': '核准程序', 'label_origin': 'machine_inferred', 'routing_only': True, 'source_level': 'B'}		internal_fragment	1.333334	"{""2023"":2}"	FXZZ202307005;FXZZ202312011	A1/A2	pending_human_review
16eb6de5208e411b8af4	权的行使	cross_paper_discovery	bounded_chinese_ngram_maximal_repeat	2	2	1;2	"{""1"":1,""2"":4,""3"":0}"	法律后果	{'confidence': 0.1, 'domain': 'unrouted', 'evidence_source': 'keyword', 'evidence_span': '纠纷解决体系', 'label_origin': 'machine_inferred', 'routing_only': True, 'source_level': 'B'};{'confidence': 0.72, 'domain': '合同法', 'evidence_source': 'keyword', 'evidence_span': '解除权', 'label_origin': 'machine_inferred', 'routing_only': True, 'source_level': 'B'}		internal_fragment	0.8	"{""2023"":5}"	FXZZ202311003;FXZZ202312007	A1/A2	pending_human_review
6d6a32e0c8fd040adac9	权的适用	cross_paper_discovery	bounded_chinese_ngram_maximal_repeat	3	3	1;2	"{""1"":4,""2"":1,""3"":0}"		{'confidence': 0.1, 'domain': 'unrouted', 'evidence_source': 'keyword', 'evidence_span': '撤回权', 'label_origin': 'machine_inferred', 'routing_only': True, 'source_level': 'B'};{'confidence': 0.68, 'domain': '程序法', 'evidence_source': 'keyword', 'evidence_span': '正当程序', 'label_origin': 'machine_inferred', 'routing_only': True, 'source_level': 'B'};{'confidence': 0.72, 'domain': '合同法', 'evidence_source': 'keyword', 'evidence_span': '解除权', 'label_origin': 'machine_inferred', 'routing_only': True, 'source_level': 'B'}		function_fragment;internal_fragment	1.275	"{""2023"":1,""2024"":2,""2026"":2}"	FXZZ202312007;FXZZ202407003;FXZZ202607005	A1/A2	pending_human_review
e4be1737d81aaf829ecf	权益保	cross_paper_discovery	bounded_chinese_ngram_maximal_repeat	4	4	1;2;3	"{""1"":2,""2"":5,""3"":1}"	制度构建;规范依据	{'confidence': 0.1, 'domain': 'unrouted', 'evidence_source': 'keyword', 'evidence_span': '分配功能', 'label_origin': 'machine_inferred', 'routing_only': True, 'source_level': 'B'};{'confidence': 0.66, 'domain': '规范理论', 'evidence_source': 'keyword', 'evidence_span': '规范解构', 'label_origin': 'machine_inferred', 'routing_only': True, 'source_level': 'B'}		internal_fragment	1.916666	"{""2023"":3,""2024"":5}"	FXZZ202304012;FXZZ202311006;FXZZ202401003;FXZZ202406011	A1/A2	pending_human_review
b0a2a4bceee529bc7300	权益保护	cross_paper_discovery	bounded_chinese_ngram_maximal_repeat	2	2	2;3	"{""1"":0,""2"":1,""3"":1}"		{'confidence': 0.1, 'domain': 'unrouted', 'evidence_source': 'keyword', 'evidence_span': '多元立法模式', 'label_origin': 'machine_inferred', 'routing_only': True, 'source_level': 'B'}		internal_fragment	1.0	"{""2023"":1,""2024"":1}"	FXZZ202311006;FXZZ202406011	A1/A2	pending_human_review
444c3a41dc805f29a59e	权益保障	cross_paper_discovery	bounded_chinese_ngram_maximal_repeat	2	2	1;2	"{""1"":2,""2"":4,""3"":0}"	制度构建;规范依据	{'confidence': 0.1, 'domain': 'unrouted', 'evidence_source': 'keyword', 'evidence_span': '分配功能', 'label_origin': 'machine_inferred', 'routing_only': True, 'source_level': 'B'};{'confidence': 0.66, 'domain': '规范理论', 'evidence_source': 'keyword', 'evidence_span': '规范解构', 'label_origin': 'machine_inferred', 'routing_only': True, 'source_level': 'B'}		internal_fragment	0.833333	"{""2023"":2,""2024"":4}"	FXZZ202304012;FXZZ202401003	A1/A2	pending_human_review
a18dcdd65603bde447a0	权继承	cross_paper_discovery	bounded_chinese_ngram_maximal_repeat	2	2	2	"{""1"":0,""2"":2,""3"":0}"		{'confidence': 0.1, 'domain': 'unrouted', 'evidence_source': 'keyword', 'evidence_span': '股权利益', 'label_origin': 'machine_inferred', 'routing_only': True, 'source_level': 'B'}		internal_fragment	1.333334	"{""2023"":1,""2024"":1}"	FXZZ202302007;FXZZ202405010	A1/A2	pending_human_review
99935e174c9849f2b564	权行使	cross_paper_discovery	bounded_chinese_ngram_maximal_repeat	2	2	1;2	"{""1"":2,""2"":2,""3"":0}"	规范依据	{'confidence': 0.1, 'domain': 'unrouted', 'evidence_source': 'keyword', 'evidence_span': '撤回权', 'label_origin': 'machine_inferred', 'routing_only': True, 'source_level': 'B'};{'confidence': 0.72, 'domain': '合同法', 'evidence_source': 'keyword', 'evidence_span': '解除权', 'label_origin': 'machine_inferred', 'routing_only': True, 'source_level': 'B'}		internal_fragment	1.000001	"{""2023"":3,""2024"":1}"	FXZZ202312007;FXZZ202404013	A1/A2	pending_human_review
2bd48a308f5fb2e69b6d	权规则	cross_paper_discovery	bounded_chinese_ngram_maximal_repeat	5	5	1;2;3	"{""1"":1,""2"":4,""3"":2}"	比较法	{'confidence': 0.1, 'domain': 'unrouted', 'evidence_source': 'keyword', 'evidence_span': '法律定义', 'label_origin': 'machine_inferred', 'routing_only': True, 'source_level': 'B'};{'confidence': 0.68, 'domain': '程序法', 'evidence_source': 'keyword', 'evidence_span': '诉讼权利', 'label_origin': 'machine_inferred', 'routing_only': True, 'source_level': 'B'}		internal_fragment	2.619048	"{""2023"":4,""2024"":3}"	FXZZ202304009;FXZZ202307009;FXZZ202309012;FXZZ202401013;FXZZ202405010	A1/A2	pending_human_review
3ced38bbf5a47c84ba3d	权规范	cross_paper_discovery	bounded_chinese_ngram_maximal_repeat	4	4	1;2;3	"{""1"":2,""2"":4,""3"":2}"	规范依据	{'confidence': 0.1, 'domain': 'unrouted', 'evidence_source': 'keyword', 'evidence_span': '添附', 'label_origin': 'machine_inferred', 'routing_only': True, 'source_level': 'B'};{'confidence': 0.66, 'domain': '比较法', 'evidence_source': 'keyword', 'evidence_span': '国际民事管辖权', 'label_origin': 'machine_inferred', 'routing_only': True, 'source_level': 'B'}		internal_fragment	1.916666	"{""2023"":3,""2024"":5}"	FXZZ202303008;FXZZ202312011;FXZZ202404013;FXZZ202412003	A1/A2	pending_human_review
3d56a8a3b322d0435de3	权规范构造	cross_paper_discovery	bounded_chinese_ngram_maximal_repeat	2	2	1;2;3	"{""1"":2,""2"":1,""3"":2}"	规范依据	{'confidence': 0.1, 'domain': 'unrouted', 'evidence_source': 'keyword', 'evidence_span': '复议证据制度', 'label_origin': 'machine_inferred', 'routing_only': True, 'source_level': 'B'}		internal_fragment;low_wordhood_score	0.56	"{""2024"":5}"	FXZZ202404013;FXZZ202412003	A1/A2	pending_human_review
38c0004d735e0e258de2	权转让	cross_paper_discovery	bounded_chinese_ngram_maximal_repeat	2	2	2;3	"{""1"":0,""2"":1,""3"":1}"		{'confidence': 0.1, 'domain': 'unrouted', 'evidence_source': 'keyword', 'evidence_span': '股权利益', 'label_origin': 'machine_inferred', 'routing_only': True, 'source_level': 'B'}		internal_fragment	1.333334	"{""2023"":2}"	FXZZ202302007;FXZZ202302009	A1/A2	pending_human_review
b436b4a6e0f30544160d	权适用	cross_paper_discovery	bounded_chinese_ngram_maximal_repeat	3	3	1;2;3	"{""1"":1,""2"":2,""3"":1}"	规范依据	{'confidence': 0.1, 'domain': 'unrouted', 'evidence_source': 'keyword', 'evidence_span': '撤回权', 'label_origin': 'machine_inferred', 'routing_only': True, 'source_level': 'B'};{'confidence': 0.68, 'domain': '程序法', 'evidence_source': 'keyword', 'evidence_span': '正当程序', 'label_origin': 'machine_inferred', 'routing_only': True, 'source_level': 'B'};{'confidence': 0.72, 'domain': '合同法', 'evidence_source': 'keyword', 'evidence_span': '解除权', 'label_origin': 'machine_inferred', 'routing_only': True, 'source_level': 'B'}		internal_fragment	1.75	"{""2023"":2,""2024"":1,""2026"":1}"	FXZZ202312007;FXZZ202407003;FXZZ202607005	A1/A2	pending_human_review
4b3a1928ed02836fc88e	条款作	cross_paper_discovery	bounded_chinese_ngram_maximal_repeat	2	2	2	"{""1"":0,""2"":2,""3"":0}"		{'confidence': 0.1, 'domain': 'unrouted', 'evidence_source': 'keyword', 'evidence_span': '事实问题清单', 'label_origin': 'machine_inferred', 'routing_only': True, 'source_level': 'B'}		internal_fragment	1.333334	"{""2023"":1,""2024"":1}"	FXZZ202311010;FXZZ202406013	A1/A2	pending_human_review
381451bcc4c82d14c9cf	条款的引入	cross_paper_discovery	bounded_chinese_ngram_maximal_repeat	2	2	1;2	"{""1"":1,""2"":1,""3"":0}"		{'confidence': 0.1, 'domain': 'unrouted', 'evidence_source': 'keyword', 'evidence_span': '共同行为', 'label_origin': 'machine_inferred', 'routing_only': True, 'source_level': 'B'}		internal_fragment	0.8	"{""2023"":1,""2024"":1}"	FXZZ202302011;FXZZ202406013	A1/A2	pending_human_review
2d3489d578325800aed4	条款的文本	cross_paper_discovery	bounded_chinese_ngram_maximal_repeat	2	2	1;2	"{""1"":1,""2"":1,""3"":0}"		{'confidence': 0.1, 'domain': 'unrouted', 'evidence_source': 'keyword', 'evidence_span': '投资争端解决', 'label_origin': 'machine_inferred', 'routing_only': True, 'source_level': 'B'};{'confidence': 0.66, 'domain': '比较法', 'evidence_source': 'keyword', 'evidence_span': '国际投资条约', 'label_origin': 'machine_inferred', 'routing_only': True, 'source_level': 'B'};{'confidence': 0.68, 'domain': '侵权责任', 'evidence_source': 'keyword', 'evidence_span': '企业社会责任', 'label_origin': 'machine_inferred', 'routing_only': True, 'source_level': 'B'};{'confidence': 0.72, 'domain': '合同法', 'evidence_source': 'keyword', 'evidence_span': '可诉请履行性', 'label_origin': 'machine_inferred', 'routing_only': True, 'source_level': 'B'}		internal_fragment	0.8	"{""2023"":1,""2024"":1}"	FXZZ202303012;FXZZ202412009	A1/A2	pending_human_review
b3ea50a270b9f110315d	条款相	cross_paper_discovery	bounded_chinese_ngram_maximal_repeat	2	2	2;3	"{""1"":0,""2"":1,""3"":1}"	比较法	{'confidence': 0.1, 'domain': 'unrouted', 'evidence_source': 'keyword', 'evidence_span': '体系效应', 'label_origin': 'machine_inferred', 'routing_only': True, 'source_level': 'B'};{'confidence': 0.66, 'domain': '比较法', 'evidence_source': 'keyword', 'evidence_span': '国际民事管辖权', 'label_origin': 'machine_inferred', 'routing_only': True, 'source_level': 'B'}		internal_fragment	1.333334	"{""2023"":2}"	FXZZ202311013;FXZZ202312011	A1/A2	pending_human_review
a243ecac0cb5c017a850	条规定	cross_paper_discovery	bounded_chinese_ngram_maximal_repeat	2	2	2	"{""1"":0,""2"":2,""3"":0}"		{'confidence': 0.1, 'domain': 'unrouted', 'evidence_source': 'keyword', 'evidence_span': '可携带权', 'label_origin': 'machine_inferred', 'routing_only': True, 'source_level': 'B'};{'confidence': 0.66, 'domain': '规范理论', 'evidence_source': 'keyword', 'evidence_span': '保护性规范', 'label_origin': 'machine_inferred', 'routing_only': True, 'source_level': 'B'}		internal_fragment	1.166667	"{""2023"":1,""2024"":1}"	FXZZ202311011;FXZZ202407008	A1/A2	pending_human_review
4fac7f3364d97fde7537	构成要	cross_paper_discovery	bounded_chinese_ngram_maximal_repeat	8	8	1;2;3	"{""1"":2,""2"":10,""3"":2}"	构成要件;规范依据	{'confidence': 0.1, 'domain': 'unrouted', 'evidence_source': 'keyword', 'evidence_span': '实际控制人', 'label_origin': 'machine_inferred', 'routing_only': True, 'source_level': 'B'};{'confidence': 0.68, 'domain': '侵权责任', 'evidence_source': 'keyword', 'evidence_span': '直接责任人员', 'label_origin': 'machine_inferred', 'routing_only': True, 'source_level': 'B'}		internal_fragment	3.52381	"{""2023"":10,""2024"":4}"	FXZZ202304005;FXZZ202306002;FXZZ202306012;FXZZ202307008;FXZZ202308007;FXZZ202312005;FXZZ202407005;FXZZ202407007	A1/A2	pending_human_review
545618c3d51de38ec38a	构成要件	legal_term	config_legal_term_longest_match	6	6	1;2;3	"{""1"":2,""2"":8,""3"":1}"	构成要件;规范依据	{'confidence': 0.1, 'domain': 'unrouted', 'evidence_source': 'keyword', 'evidence_span': '实际控制人', 'label_origin': 'machine_inferred', 'routing_only': True, 'source_level': 'B'};{'confidence': 0.68, 'domain': '侵权责任', 'evidence_source': 'keyword', 'evidence_span': '直接责任人员', 'label_origin': 'machine_inferred', 'routing_only': True, 'source_level': 'B'}				"{""2023"":9,""2024"":2}"	FXZZ202304005;FXZZ202306012;FXZZ202307008;FXZZ202308007;FXZZ202312005;FXZZ202407007	A1/A2	pending_human_review
f8b5c1764eebec5f4e7a	构成要件	legal_pattern	config_legal_pattern	6	6	1;2;3	"{""1"":2,""2"":8,""3"":1}"	构成要件;规范依据	{'confidence': 0.1, 'domain': 'unrouted', 'evidence_source': 'keyword', 'evidence_span': '实际控制人', 'label_origin': 'machine_inferred', 'routing_only': True, 'source_level': 'B'};{'confidence': 0.68, 'domain': '侵权责任', 'evidence_source': 'keyword', 'evidence_span': '直接责任人员', 'label_origin': 'machine_inferred', 'routing_only': True, 'source_level': 'B'}				"{""2023"":9,""2024"":2}"	FXZZ202304005;FXZZ202306012;FXZZ202307008;FXZZ202308007;FXZZ202312005;FXZZ202407007	A1/A2	pending_human_review
aeca8532b6a1205ba7a0	构成要件要素	cross_paper_discovery	bounded_chinese_ngram_maximal_repeat	2	2	2;3	"{""1"":0,""2"":1,""3"":1}"	构成要件	{'confidence': 0.1, 'domain': 'unrouted', 'evidence_source': 'keyword', 'evidence_span': '实际控制人', 'label_origin': 'machine_inferred', 'routing_only': True, 'source_level': 'B'};{'confidence': 0.68, 'domain': '侵权责任', 'evidence_source': 'keyword', 'evidence_span': '直接责任人员', 'label_origin': 'machine_inferred', 'routing_only': True, 'source_level': 'B'}		internal_fragment;low_wordhood_score	0.666666	"{""2023"":2}"	FXZZ202304005;FXZZ202308007	A1/A2	pending_human_review
473291b4963d987adea0	构成要素	cross_paper_discovery	bounded_chinese_ngram_maximal_repeat	3	3	2;3	"{""1"":0,""2"":2,""3"":1}"	规范依据	{'confidence': 0.1, 'domain': 'unrouted', 'evidence_source': 'keyword', 'evidence_span': '法逻辑诠释', 'label_origin': 'machine_inferred', 'routing_only': True, 'source_level': 'B'}		internal_fragment	1.375	"{""2023"":1,""2024"":2}"	FXZZ202306002;FXZZ202407005;FXZZ202407007	A1/A2	pending_human_review
57a7f61fcb6bb95e68c1	构的法律	cross_paper_discovery	bounded_chinese_ngram_maximal_repeat	2	2	2	"{""1"":0,""2"":3,""3"":0}"		{'confidence': 0.1, 'domain': 'unrouted', 'evidence_source': 'keyword', 'evidence_span': '默会正义', 'label_origin': 'machine_inferred', 'routing_only': True, 'source_level': 'B'}		internal_fragment	0.916667	"{""2023"":3}"	FXZZ202303002;FXZZ202312010	A1/A2	pending_human_review
613f143f863b545c1aa6	查模式	cross_paper_discovery	bounded_chinese_ngram_maximal_repeat	2	2	1;2;3	"{""1"":1,""2"":2,""3"":1}"	程序审查	{'confidence': 0.1, 'domain': 'unrouted', 'evidence_source': 'keyword', 'evidence_span': '无因管理', 'label_origin': 'machine_inferred', 'routing_only': True, 'source_level': 'B'};{'confidence': 0.68, 'domain': '程序法', 'evidence_source': 'keyword', 'evidence_span': '公益诉讼', 'label_origin': 'machine_inferred', 'routing_only': True, 'source_level': 'B'};{'confidence': 0.72, 'domain': '合同法', 'evidence_source': 'keyword', 'evidence_span': '行政代履行', 'label_origin': 'machine_inferred', 'routing_only': True, 'source_level': 'B'}		generic_container;internal_fragment	1.133334	"{""2024"":4}"	FXZZ202407010;FXZZ202412004	A1/A2	pending_human_review
6701e17e14c065a12d36	查程序	cross_paper_discovery	bounded_chinese_ngram_maximal_repeat	3	3	1;2;3	"{""1"":2,""2"":6,""3"":3}"	制度构建;程序审查	{'confidence': 0.1, 'domain': 'unrouted', 'evidence_source': 'keyword', 'evidence_span': '法教义学', 'label_origin': 'machine_inferred', 'routing_only': True, 'source_level': 'B'}		internal_fragment	1.384615	"{""2023"":2,""2024"":9}"	FXZZ202305011;FXZZ202307007;FXZZ202406005	A1/A2	pending_human_review
ddd3c6226a792a9e200a	查规则	cross_paper_discovery	bounded_chinese_ngram_maximal_repeat	2	2	1;2;3	"{""1"":3,""2"":4,""3"":1}"	程序审查;规范依据;证据证明	{'confidence': 0.1, 'domain': 'unrouted', 'evidence_source': 'keyword', 'evidence_span': '疏明', 'label_origin': 'machine_inferred', 'routing_only': True, 'source_level': 'B'};{'confidence': 0.68, 'domain': '程序法', 'evidence_source': 'keyword', 'evidence_span': '司法审查', 'label_origin': 'machine_inferred', 'routing_only': True, 'source_level': 'B'}		internal_fragment	0.875	"{""2023"":7,""2024"":1}"	FXZZ202310010;FXZZ202412004	A1/A2	pending_human_review
eec9bfddda72b7252003	标准不统一	cross_paper_discovery	bounded_chinese_ngram_maximal_repeat	2	2	2	"{""1"":0,""2"":2,""3"":0}"	程序审查	{'confidence': 0.1, 'domain': 'unrouted', 'evidence_source': 'keyword', 'evidence_span': '合目的性改革', 'label_origin': 'machine_inferred', 'routing_only': True, 'source_level': 'B'}		internal_fragment	0.8	"{""2023"":2}"	FXZZ202301004;FXZZ202309011	A1/A2	pending_human_review
70a41e47f2fabf17b553	标准制	cross_paper_discovery	bounded_chinese_ngram_maximal_repeat	2	2	3	"{""1"":0,""2"":0,""3"":2}"	制度构建;程序审查	{'confidence': 0.1, 'domain': 'unrouted', 'evidence_source': 'keyword', 'evidence_span': '负面清单', 'label_origin': 'machine_inferred', 'routing_only': True, 'source_level': 'B'}		internal_fragment	1.333334	"{""2024"":2}"	FXZZ202403003;FXZZ202406006	A1/A2	pending_human_review
7d161515311acd0fd978	标准化	cross_paper_discovery	bounded_chinese_ngram_maximal_repeat	2	2	2;3	"{""1"":0,""2"":2,""3"":1}"		{'confidence': 0.1, 'domain': 'unrouted', 'evidence_source': 'keyword', 'evidence_span': '惩罚机制', 'label_origin': 'machine_inferred', 'routing_only': True, 'source_level': 'B'}		internal_fragment	1.333334	"{""2023"":3}"	FXZZ202309011;FXZZ202312010	A1/A2	pending_human_review
30a683e986364e5dfbc1	标准模	cross_paper_discovery	bounded_chinese_ngram_maximal_repeat	2	2	3	"{""1"":0,""2"":0,""3"":2}"		{'confidence': 0.1, 'domain': 'unrouted', 'evidence_source': 'keyword', 'evidence_span': '疏明', 'label_origin': 'machine_inferred', 'routing_only': True, 'source_level': 'B'};{'confidence': 0.68, 'domain': '程序法', 'evidence_source': 'keyword', 'evidence_span': '司法审查', 'label_origin': 'machine_inferred', 'routing_only': True, 'source_level': 'B'}		internal_fragment	1.333334	"{""2023"":1,""2024"":1}"	FXZZ202310010;FXZZ202407007	A1/A2	pending_human_review
15e5f83bb722c0696ac9	标准的具体适用	cross_paper_discovery	bounded_chinese_ngram_maximal_repeat	2	2	2	"{""1"":0,""2"":2,""3"":0}"		{'confidence': 0.1, 'domain': 'unrouted', 'evidence_source': 'keyword', 'evidence_span': '印证方法', 'label_origin': 'machine_inferred', 'routing_only': True, 'source_level': 'B'}		internal_fragment;low_wordhood_score	0.571428	"{""2024"":2}"	FXZZ202406009;FXZZ202407007	A1/A2	pending_human_review
451d6aff58bef80ad90c	标准的实	cross_paper_discovery	bounded_chinese_ngram_maximal_repeat	3	3	1;2;3	"{""1"":1,""2"":1,""3"":1}"		{'confidence': 0.1, 'domain': 'unrouted', 'evidence_source': 'keyword', 'evidence_span': '印证方法', 'label_origin': 'machine_inferred', 'routing_only': True, 'source_level': 'B'};{'confidence': 0.72, 'domain': '合同法', 'evidence_source': 'keyword', 'evidence_span': '违约金调整', 'label_origin': 'machine_inferred', 'routing_only': True, 'source_level': 'B'}		internal_fragment	1.375	"{""2024"":2,""2026"":1}"	FXZZ202406009;FXZZ202407007;FXZZ202607006	A1/A2	pending_human_review
ea27ea5805000480e23c	标准的实质	cross_paper_discovery	bounded_chinese_ngram_maximal_repeat	2	2	1;3	"{""1"":1,""2"":0,""3"":1}"		{'confidence': 0.1, 'domain': 'unrouted', 'evidence_source': 'keyword', 'evidence_span': '印证方法', 'label_origin': 'machine_inferred', 'routing_only': True, 'source_level': 'B'}		internal_fragment	0.8	"{""2024"":2}"	FXZZ202406009;FXZZ202407007	A1/A2	pending_human_review
535004b879774a544e72	标准的限	cross_paper_discovery	bounded_chinese_ngram_maximal_repeat	2	2	1;2	"{""1"":1,""2"":2,""3"":0}"		{'confidence': 0.1, 'domain': 'unrouted', 'evidence_source': 'keyword', 'evidence_span': '信息自决', 'label_origin': 'machine_inferred', 'routing_only': True, 'source_level': 'B'};{'confidence': 0.72, 'domain': '合同法', 'evidence_source': 'keyword', 'evidence_span': '合同自由', 'label_origin': 'machine_inferred', 'routing_only': True, 'source_level': 'B'}		internal_fragment	0.833333	"{""2023"":2,""2024"":1}"	FXZZ202306006;FXZZ202407007	A1/A2	pending_human_review
16e84b2240f1f62cb3e2	样本选取	cross_paper_discovery	bounded_chinese_ngram_maximal_repeat	2	2	2	"{""1"":0,""2"":2,""3"":0}"		{'confidence': 0.1, 'domain': 'unrouted', 'evidence_source': 'keyword', 'evidence_span': '法律实现', 'label_origin': 'machine_inferred', 'routing_only': True, 'source_level': 'B'};{'confidence': 0.66, 'domain': '规范理论', 'evidence_source': 'keyword', 'evidence_span': '轻罪规范', 'label_origin': 'machine_inferred', 'routing_only': True, 'source_level': 'B'}		internal_fragment	0.875	"{""2023"":1,""2024"":1}"	FXZZ202308011;FXZZ202401007	A1/A2	pending_human_review
0b4fdaf66e5ea118ec7b	核心要	cross_paper_discovery	bounded_chinese_ngram_maximal_repeat	6	6	1;2;3	"{""1"":1,""2"":4,""3"":1}"		{'confidence': 0.1, 'domain': 'unrouted', 'evidence_source': 'keyword', 'evidence_span': '简约性原则', 'label_origin': 'machine_inferred', 'routing_only': True, 'source_level': 'B'}		internal_fragment	2.666667	"{""2023"":3,""2024"":3}"	FXZZ202305013;FXZZ202306010;FXZZ202308003;FXZZ202401002;FXZZ202404012;FXZZ202412002	A1/A2	pending_human_review
4c5c1f7bc9b6b2394716	核心要义	cross_paper_discovery	bounded_chinese_ngram_maximal_repeat	2	2	2	"{""1"":0,""2"":2,""3"":0}"		{'confidence': 0.1, 'domain': 'unrouted', 'evidence_source': 'keyword', 'evidence_span': '数字正义', 'label_origin': 'machine_inferred', 'routing_only': True, 'source_level': 'B'}		internal_fragment	0.875	"{""2024"":2}"	FXZZ202401002;FXZZ202412002	A1/A2	pending_human_review
364c14f0ec4595728980	核心要素	cross_paper_discovery	bounded_chinese_ngram_maximal_repeat	4	4	1;2;3	"{""1"":1,""2"":2,""3"":1}"		{'confidence': 0.1, 'domain': 'unrouted', 'evidence_source': 'keyword', 'evidence_span': '简约性原则', 'label_origin': 'machine_inferred', 'routing_only': True, 'source_level': 'B'}		internal_fragment	1.5	"{""2023"":3,""2024"":1}"	FXZZ202305013;FXZZ202306010;FXZZ202308003;FXZZ202404012	A1/A2	pending_human_review
b1ae4474a51fdd065e3c	核心规	cross_paper_discovery	bounded_chinese_ngram_maximal_repeat	2	2	2	"{""1"":0,""2"":2,""3"":0}"		{'confidence': 0.1, 'domain': 'unrouted', 'evidence_source': 'keyword', 'evidence_span': '补正解释', 'label_origin': 'machine_inferred', 'routing_only': True, 'source_level': 'B'}		internal_fragment	1.333334	"{""2023"":2}"	FXZZ202310005;FXZZ202311013	A1/A2	pending_human_review
ecbc68afa5486b422f55	格保护	cross_paper_discovery	bounded_chinese_ngram_maximal_repeat	2	2	1;2	"{""1"":4,""2"":3,""3"":0}"		{'confidence': 0.1, 'domain': 'unrouted', 'evidence_source': 'keyword', 'evidence_span': '事实问题清单', 'label_origin': 'machine_inferred', 'routing_only': True, 'source_level': 'B'}		internal_fragment	0.857143	"{""2023"":7}"	FXZZ202311010;FXZZ202312010	A1/A2	pending_human_review
023c0bde2cece33953dd	案件中的运用	cross_paper_discovery	bounded_chinese_ngram_maximal_repeat	2	2	1;2	"{""1"":1,""2"":1,""3"":0}"	制度构建	{'confidence': 0.1, 'domain': 'unrouted', 'evidence_source': 'keyword', 'evidence_span': '实质等同原则', 'label_origin': 'machine_inferred', 'routing_only': True, 'source_level': 'B'};{'confidence': 0.66, 'domain': '规范理论', 'evidence_source': 'keyword', 'evidence_span': '规范保护目的', 'label_origin': 'machine_inferred', 'routing_only': True, 'source_level': 'B'}		internal_fragment;low_wordhood_score	0.666666	"{""2023"":2}"	FXZZ202305009;FXZZ202306003	A1/A2	pending_human_review
7e7bed62c358e5b5a75e	案件处理	cross_paper_discovery	bounded_chinese_ngram_maximal_repeat	2	2	2	"{""1"":0,""2"":2,""3"":0}"		{'confidence': 0.1, 'domain': 'unrouted', 'evidence_source': 'keyword', 'evidence_span': '代位', 'label_origin': 'machine_inferred', 'routing_only': True, 'source_level': 'B'};{'confidence': 0.68, 'domain': '程序法', 'evidence_source': 'keyword', 'evidence_span': '特别程序', 'label_origin': 'machine_inferred', 'routing_only': True, 'source_level': 'B'}		internal_fragment	1.0	"{""2023"":1,""2024"":1}"	FXZZ202302008;FXZZ202406004	A1/A2	pending_human_review
497310c161f23995baba	案件类型	cross_paper_discovery	bounded_chinese_ngram_maximal_repeat	2	2	2	"{""1"":0,""2"":2,""3"":0}"		{'confidence': 0.1, 'domain': 'unrouted', 'evidence_source': 'keyword', 'evidence_span': '可携带权', 'label_origin': 'machine_inferred', 'routing_only': True, 'source_level': 'B'};{'confidence': 0.68, 'domain': '程序法', 'evidence_source': 'keyword', 'evidence_span': '程序正当原则', 'label_origin': 'machine_inferred', 'routing_only': True, 'source_level': 'B'}		internal_fragment	1.0	"{""2023"":1,""2024"":1}"	FXZZ202311011;FXZZ202405012	A1/A2	pending_human_review
83126ca8fae095022035	案审查	cross_paper_discovery	bounded_chinese_ngram_maximal_repeat	3	3	1;2;3	"{""1"":4,""2"":4,""3"":1}"	程序审查;规范依据	{'confidence': 0.1, 'domain': 'unrouted', 'evidence_source': 'keyword', 'evidence_span': '司法酌减', 'label_origin': 'machine_inferred', 'routing_only': True, 'source_level': 'B'};{'confidence': 0.72, 'domain': '合同法', 'evidence_source': 'keyword', 'evidence_span': '违约金', 'label_origin': 'machine_inferred', 'routing_only': True, 'source_level': 'B'}		internal_fragment	1.222222	"{""2023"":1,""2024"":8}"	FXZZ202309008;FXZZ202404002;FXZZ202407005	A1/A2	pending_human_review
55f1d4823af9cf27e1cc	案证据	cross_paper_discovery	bounded_chinese_ngram_maximal_repeat	2	2	1;2	"{""1"":3,""2"":6,""3"":0}"	权利救济;构成要件;比较法;程序审查;证据证明	{'confidence': 0.1, 'domain': 'unrouted', 'evidence_source': 'keyword', 'evidence_span': '法律适用法', 'label_origin': 'machine_inferred', 'routing_only': True, 'source_level': 'B'};{'confidence': 0.66, 'domain': '比较法', 'evidence_source': 'keyword', 'evidence_span': '域外适用', 'label_origin': 'machine_inferred', 'routing_only': True, 'source_level': 'B'}		internal_fragment	0.888889	"{""2024"":9}"	FXZZ202401011;FXZZ202406010	A1/A2	pending_human_review
c5246792b2bb7c6fa55c	检察公益诉讼	cross_paper_discovery	bounded_chinese_ngram_maximal_repeat	2	2	1;2;3	"{""1"":7,""2"":6,""3"":6}"	制度构建;权利救济;程序审查;证据证明	{'confidence': 0.1, 'domain': 'unrouted', 'evidence_source': 'keyword', 'evidence_span': '专门性证据', 'label_origin': 'machine_inferred', 'routing_only': True, 'source_level': 'B'};{'confidence': 0.68, 'domain': '程序法', 'evidence_source': 'keyword', 'evidence_span': '检察公益诉讼', 'label_origin': 'machine_inferred', 'routing_only': True, 'source_level': 'B'}		internal_fragment;low_wordhood_score	0.421052	"{""2023"":10,""2026"":9}"	FXZZ202309013;FXZZ202607003	A1/A2	pending_human_review
3f7c815368a48a46ac9b	检察机关	cross_paper_discovery	bounded_chinese_ngram_maximal_repeat	4	4	1;2;3	"{""1"":1,""2"":4,""3"":3}"	制度构建;权利救济;程序审查;规范依据	{'confidence': 0.1, 'domain': 'unrouted', 'evidence_source': 'keyword', 'evidence_span': '缺席审判', 'label_origin': 'machine_inferred', 'routing_only': True, 'source_level': 'B'};{'confidence': 0.66, 'domain': '规范理论', 'evidence_source': 'keyword', 'evidence_span': '轻罪规范', 'label_origin': 'machine_inferred', 'routing_only': True, 'source_level': 'B'};{'confidence': 0.68, 'domain': '程序法', 'evidence_source': 'keyword', 'evidence_span': '诉讼要件', 'label_origin': 'machine_inferred', 'routing_only': True, 'source_level': 'B'}		internal_fragment	1.625	"{""2023"":2,""2024"":6}"	FXZZ202303009;FXZZ202307007;FXZZ202401007;FXZZ202407004	A1/A2	pending_human_review
0c1a6d27d5bf7274098b	概念的解释	cross_paper_discovery	bounded_chinese_ngram_maximal_repeat	2	2	1;2;3	"{""1"":1,""2"":1,""3"":1}"	构成要件;规范依据	{'confidence': 0.1, 'domain': 'unrouted', 'evidence_source': 'keyword', 'evidence_span': '要求', 'label_origin': 'machine_inferred', 'routing_only': True, 'source_level': 'B'}		lexical_support;low_wordhood_score	0.733333	"{""2023"":1,""2024"":2}"	FXZZ202308013;FXZZ202407001	A1/A2	pending_human_review
0b540aba1a4a02fd226e	模式的优	cross_paper_discovery	bounded_chinese_ngram_maximal_repeat	2	2	2	"{""1"":0,""2"":4,""3"":0}"		{'confidence': 0.1, 'domain': 'unrouted', 'evidence_source': 'keyword', 'evidence_span': '整体法秩序', 'label_origin': 'machine_inferred', 'routing_only': True, 'source_level': 'B'};{'confidence': 0.66, 'domain': '规范理论', 'evidence_source': 'keyword', 'evidence_span': '轻罪规范', 'label_origin': 'machine_inferred', 'routing_only': True, 'source_level': 'B'};{'confidence': 0.68, 'domain': '程序法', 'evidence_source': 'keyword', 'evidence_span': '备案审查', 'label_origin': 'machine_inferred', 'routing_only': True, 'source_level': 'B'}		generic_container;internal_fragment	0.8125	"{""2024"":4}"	FXZZ202401007;FXZZ202407004	A1/A2	pending_human_review
7edee1809c8496b3fb00	模式的理	cross_paper_discovery	bounded_chinese_ngram_maximal_repeat	2	2	1;2	"{""1"":1,""2"":1,""3"":0}"	制度构建	{'confidence': 0.1, 'domain': 'unrouted', 'evidence_source': 'keyword', 'evidence_span': '分配功能', 'label_origin': 'machine_inferred', 'routing_only': True, 'source_level': 'B'};{'confidence': 0.66, 'domain': '规范理论', 'evidence_source': 'keyword', 'evidence_span': '规范解构', 'label_origin': 'machine_inferred', 'routing_only': True, 'source_level': 'B'};{'confidence': 0.68, 'domain': '程序法', 'evidence_source': 'keyword', 'evidence_span': '备案审查', 'label_origin': 'machine_inferred', 'routing_only': True, 'source_level': 'B'}		generic_container;internal_fragment	1.0	"{""2023"":1,""2024"":1}"	FXZZ202304012;FXZZ202407004	A1/A2	pending_human_review
ddba5d7e6bd185e6d83d	模式转	cross_paper_discovery	bounded_chinese_ngram_maximal_repeat	2	2	1;3	"{""1"":1,""2"":0,""3"":1}"		{'confidence': 0.1, 'domain': 'unrouted', 'evidence_source': 'keyword', 'evidence_span': '竞争中性', 'label_origin': 'machine_inferred', 'routing_only': True, 'source_level': 'B'};{'confidence': 0.68, 'domain': '程序法', 'evidence_source': 'keyword', 'evidence_span': '外部审查', 'label_origin': 'machine_inferred', 'routing_only': True, 'source_level': 'B'};{'confidence': 0.72, 'domain': '合同法', 'evidence_source': 'keyword', 'evidence_span': '行政代履行', 'label_origin': 'machine_inferred', 'routing_only': True, 'source_level': 'B'}		generic_container;internal_fragment	1.333334	"{""2023"":1,""2024"":1}"	FXZZ202303010;FXZZ202407010	A1/A2	pending_human_review
187df4b675939fbbdfe4	模式选择	cross_paper_discovery	bounded_chinese_ngram_maximal_repeat	5	5	1;2;3	"{""1"":1,""2"":3,""3"":1}"	权利救济	{'confidence': 0.1, 'domain': 'unrouted', 'evidence_source': 'keyword', 'evidence_span': '数据自决权', 'label_origin': 'machine_inferred', 'routing_only': True, 'source_level': 'B'}		generic_container;internal_fragment	2.0	"{""2023"":2,""2024"":3}"	FXZZ202301003;FXZZ202303007;FXZZ202405009;FXZZ202412011;FXZZ202412013	A1/A2	pending_human_review
d9e0c3ca443504b20b91	模糊化	cross_paper_discovery	bounded_chinese_ngram_maximal_repeat	2	2	2	"{""1"":0,""2"":2,""3"":0}"		{'confidence': 0.1, 'domain': 'unrouted', 'evidence_source': 'keyword', 'evidence_span': '体系解释', 'label_origin': 'machine_inferred', 'routing_only': True, 'source_level': 'B'};{'confidence': 0.66, 'domain': '规范理论', 'evidence_source': 'keyword', 'evidence_span': '规范保护目的', 'label_origin': 'machine_inferred', 'routing_only': True, 'source_level': 'B'}		internal_fragment	1.166667	"{""2023"":1,""2024"":1}"	FXZZ202308006;FXZZ202412006	A1/A2	pending_human_review
a07d6c622d1cdd7811f8	正义理	cross_paper_discovery	bounded_chinese_ngram_maximal_repeat	3	3	1;2;3	"{""1"":3,""2"":1,""3"":1}"	程序审查	{'confidence': 0.1, 'domain': 'unrouted', 'evidence_source': 'keyword', 'evidence_span': '全面依法治国', 'label_origin': 'machine_inferred', 'routing_only': True, 'source_level': 'B'};{'confidence': 0.68, 'domain': '程序法', 'evidence_source': 'keyword', 'evidence_span': '主观程序正义', 'label_origin': 'machine_inferred', 'routing_only': True, 'source_level': 'B'}		internal_fragment	1.5	"{""2023"":3,""2024"":1,""2026"":1}"	FXZZ202301001;FXZZ202406011;FXZZ202607002	A1/A2	pending_human_review
152953664dc68b1edd12	正义理论	cross_paper_discovery	bounded_chinese_ngram_maximal_repeat	2	2	1;2	"{""1"":3,""2"":1,""3"":0}"	程序审查	{'confidence': 0.1, 'domain': 'unrouted', 'evidence_source': 'keyword', 'evidence_span': '全面依法治国', 'label_origin': 'machine_inferred', 'routing_only': True, 'source_level': 'B'};{'confidence': 0.68, 'domain': '程序法', 'evidence_source': 'keyword', 'evidence_span': '主观程序正义', 'label_origin': 'machine_inferred', 'routing_only': True, 'source_level': 'B'}		internal_fragment;low_wordhood_score	0.75	"{""2023"":3,""2026"":1}"	FXZZ202301001;FXZZ202607002	A1/A2	pending_human_review
d000dae60edbb7735866	正义观	cross_paper_discovery	bounded_chinese_ngram_maximal_repeat	3	3	2;3	"{""1"":0,""2"":2,""3"":1}"	制度构建	{'confidence': 0.1, 'domain': 'unrouted', 'evidence_source': 'keyword', 'evidence_span': '双边冲突规则', 'label_origin': 'machine_inferred', 'routing_only': True, 'source_level': 'B'};{'confidence': 0.68, 'domain': '程序法', 'evidence_source': 'keyword', 'evidence_span': '程序问题', 'label_origin': 'machine_inferred', 'routing_only': True, 'source_level': 'B'}		internal_fragment	1.833333	"{""2023"":1,""2024"":2}"	FXZZ202308012;FXZZ202405002;FXZZ202412002	A1/A2	pending_human_review
08bba002f6e2575b3bcf	正当性	cross_paper_discovery	bounded_chinese_ngram_maximal_repeat	18	18	1;2;3	"{""1"":9,""2"":12,""3"":3}"	比较法;规范依据	{'confidence': 0.1, 'domain': 'unrouted', 'evidence_source': 'keyword', 'evidence_span': '合目的性改革', 'label_origin': 'machine_inferred', 'routing_only': True, 'source_level': 'B'};{'confidence': 0.66, 'domain': '比较法', 'evidence_source': 'keyword', 'evidence_span': '国际民事管辖权', 'label_origin': 'machine_inferred', 'routing_only': True, 'source_level': 'B'};{'confidence': 0.66, 'domain': '规范理论', 'evidence_source': 'keyword', 'evidence_span': '规范自身平等', 'label_origin': 'machine_inferred', 'routing_only': True, 'source_level': 'B'};{'confidence': 0.68, 'domain': '侵权责任', 'evidence_source': 'keyword', 'evidence_span': '定金责任', 'label_origin': 'machine_inferred', 'routing_only': True, 'source_level': 'B'};{'confidence': 0.68, 'domain': '程序法', 'evidence_source': 'keyword', 'evidence_span': '核准程序', 'label_origin': 'machine_inferred', 'routing_only': True, 'source_level': 'B'};{'confidence': 0.72, 'domain': '合同法', 'evidence_source': 'keyword', 'evidence_span': '违约定金', 'label_origin': 'machine_inferred', 'routing_only': True, 'source_level': 'B'}		internal_fragment	8.25	"{""2023"":18,""2024"":6}"	FXZZ202301004;FXZZ202301009;FXZZ202302003;FXZZ202303006;FXZZ202303008;FXZZ202304005;FXZZ202306006;FXZZ202307005;FXZZ202308007;FXZZ202308012;FXZZ202309006;FXZZ202312006;FXZZ202312008;FXZZ202312011;FXZZ202403005;FXZZ202404007;FXZZ202404009;FXZZ202412005	A1/A2	pending_human_review
76b418505dcbb652d157	正当性基础	cross_paper_discovery	bounded_chinese_ngram_maximal_repeat	6	6	1;2	"{""1"":4,""2"":3,""3"":0}"	规范依据	{'confidence': 0.1, 'domain': 'unrouted', 'evidence_source': 'keyword', 'evidence_span': '参与分配', 'label_origin': 'machine_inferred', 'routing_only': True, 'source_level': 'B'};{'confidence': 0.68, 'domain': '程序法', 'evidence_source': 'keyword', 'evidence_span': '程序问题', 'label_origin': 'machine_inferred', 'routing_only': True, 'source_level': 'B'}		internal_fragment	1.542857	"{""2023"":4,""2024"":3}"	FXZZ202301009;FXZZ202303008;FXZZ202308007;FXZZ202308012;FXZZ202404007;FXZZ202412005	A1/A2	pending_human_review
0d37fd85e62a1cbae268	正当性检视	cross_paper_discovery	bounded_chinese_ngram_maximal_repeat	2	2	1	"{""1"":2,""2"":0,""3"":0}"	比较法	{'confidence': 0.1, 'domain': 'unrouted', 'evidence_source': 'keyword', 'evidence_span': '社会产权', 'label_origin': 'machine_inferred', 'routing_only': True, 'source_level': 'B'};{'confidence': 0.66, 'domain': '比较法', 'evidence_source': 'keyword', 'evidence_span': '国际民事管辖权', 'label_origin': 'machine_inferred', 'routing_only': True, 'source_level': 'B'};{'confidence': 0.68, 'domain': '程序法', 'evidence_source': 'keyword', 'evidence_span': '消费公益诉讼', 'label_origin': 'machine_inferred', 'routing_only': True, 'source_level': 'B'}		internal_fragment;low_wordhood_score	0.6	"{""2023"":2}"	FXZZ202312008;FXZZ202312011	A1/A2	pending_human_review
6627460248692ce32131	正当理	cross_paper_discovery	bounded_chinese_ngram_maximal_repeat	3	3	1;2	"{""1"":3,""2"":1,""3"":0}"		{'confidence': 0.1, 'domain': 'unrouted', 'evidence_source': 'keyword', 'evidence_span': '损失分担', 'label_origin': 'machine_inferred', 'routing_only': True, 'source_level': 'B'}		internal_fragment	1.5	"{""2023"":3,""2024"":1}"	FXZZ202304007;FXZZ202311010;FXZZ202401003	A1/A2	pending_human_review
a6cf7b5b879691c26e77	正当程序	cross_paper_discovery	bounded_chinese_ngram_maximal_repeat	3	3	2;3	"{""1"":0,""2"":2,""3"":4}"	制度构建;程序审查	{'confidence': 0.1, 'domain': 'unrouted', 'evidence_source': 'keyword', 'evidence_span': '刑法保障', 'label_origin': 'machine_inferred', 'routing_only': True, 'source_level': 'B'};{'confidence': 0.68, 'domain': '程序法', 'evidence_source': 'keyword', 'evidence_span': '司法审查', 'label_origin': 'machine_inferred', 'routing_only': True, 'source_level': 'B'}		internal_fragment	1.1875	"{""2023"":5,""2024"":1}"	FXZZ202301007;FXZZ202310010;FXZZ202405005	A1/A2	pending_human_review
c5b95d37e024896abac6	正正义	cross_paper_discovery	bounded_chinese_ngram_maximal_repeat	2	2	1;2	"{""1"":1,""2"":1,""3"":0}"		{'confidence': 0.1, 'domain': 'unrouted', 'evidence_source': 'keyword', 'evidence_span': '法律技术', 'label_origin': 'machine_inferred', 'routing_only': True, 'source_level': 'B'}		internal_fragment	1.333334	"{""2024"":1,""2026"":1}"	FXZZ202404002;FXZZ202607002	A1/A2	pending_human_review
7e32525e151054e50e43	正确适用	cross_paper_discovery	bounded_chinese_ngram_maximal_repeat	2	2	2;3	"{""1"":0,""2"":1,""3"":1}"	制度构建;规范依据	{'confidence': 0.1, 'domain': 'unrouted', 'evidence_source': 'keyword', 'evidence_span': '辅助性原则', 'label_origin': 'machine_inferred', 'routing_only': True, 'source_level': 'B'}		internal_fragment;lexical_support	1.0	"{""2023"":2}"	FXZZ202308013;FXZZ202312004	A1/A2	pending_human_review
86de9e41510e5ba59f5b	死刑案件	cross_paper_discovery	bounded_chinese_ngram_maximal_repeat	2	2	2	"{""1"":0,""2"":3,""3"":0}"		{'confidence': 0.1, 'domain': 'unrouted', 'evidence_source': 'keyword', 'evidence_span': '法教义学', 'label_origin': 'machine_inferred', 'routing_only': True, 'source_level': 'B'}		internal_fragment	1.0	"{""2023"":3}"	FXZZ202305011;FXZZ202311011	A1/A2	pending_human_review
30e4a03d7a4ceda67479	比例原则	cross_paper_discovery	bounded_chinese_ngram_maximal_repeat	9	9	1;2;3	"{""1"":1,""2"":7,""3"":8}"	程序审查	{'confidence': 0.1, 'domain': 'unrouted', 'evidence_source': 'keyword', 'evidence_span': '数据自决权', 'label_origin': 'machine_inferred', 'routing_only': True, 'source_level': 'B'};{'confidence': 0.66, 'domain': '规范理论', 'evidence_source': 'keyword', 'evidence_span': '规范自身平等', 'label_origin': 'machine_inferred', 'routing_only': True, 'source_level': 'B'};{'confidence': 0.68, 'domain': '程序法', 'evidence_source': 'keyword', 'evidence_span': '核准程序', 'label_origin': 'machine_inferred', 'routing_only': True, 'source_level': 'B'}		internal_fragment	3.445312	"{""2023"":11,""2024"":5}"	FXZZ202301003;FXZZ202302003;FXZZ202303007;FXZZ202303008;FXZZ202307005;FXZZ202307007;FXZZ202310013;FXZZ202403005;FXZZ202412005	A1/A2	pending_human_review
40586dd90915cfcdb932	比较分析	cross_paper_discovery	bounded_chinese_ngram_maximal_repeat	2	2	2	"{""1"":0,""2"":2,""3"":0}"		{'confidence': 0.1, 'domain': 'unrouted', 'evidence_source': 'keyword', 'evidence_span': '司法酌减', 'label_origin': 'machine_inferred', 'routing_only': True, 'source_level': 'B'};{'confidence': 0.72, 'domain': '合同法', 'evidence_source': 'keyword', 'evidence_span': '违约金', 'label_origin': 'machine_inferred', 'routing_only': True, 'source_level': 'B'}		internal_fragment	0.875	"{""2023"":2}"	FXZZ202304014;FXZZ202309008	A1/A2	pending_human_review
ea142ab5ffb67515c175	比较法	cross_paper_discovery	bounded_chinese_ngram_maximal_repeat	8	8	1;2	"{""1"":4,""2"":4,""3"":0}"	比较法;规范依据;证据证明	{'confidence': 0.1, 'domain': 'unrouted', 'evidence_source': 'keyword', 'evidence_span': '受害人故意', 'label_origin': 'machine_inferred', 'routing_only': True, 'source_level': 'B'};{'confidence': 0.66, 'domain': '比较法', 'evidence_source': 'keyword', 'evidence_span': '域外适用', 'label_origin': 'machine_inferred', 'routing_only': True, 'source_level': 'B'};{'confidence': 0.66, 'domain': '规范理论', 'evidence_source': 'keyword', 'evidence_span': '保护性规范', 'label_origin': 'machine_inferred', 'routing_only': True, 'source_level': 'B'};{'confidence': 0.68, 'domain': '侵权责任', 'evidence_source': 'keyword', 'evidence_span': '无权代理人责任', 'label_origin': 'machine_inferred', 'routing_only': True, 'source_level': 'B'};{'confidence': 0.68, 'domain': '程序法', 'evidence_source': 'keyword', 'evidence_span': '消费公益诉讼', 'label_origin': 'machine_inferred', 'routing_only': True, 'source_level': 'B'}			4.166667	"{""2023"":4,""2024"":4}"	FXZZ202301010;FXZZ202311009;FXZZ202312008;FXZZ202312009;FXZZ202401011;FXZZ202405004;FXZZ202407008;FXZZ202412008	A1/A2	pending_human_review
00796922aa130748a6ea	民事行为能力	cross_paper_discovery	bounded_chinese_ngram_maximal_repeat	2	2	1;2	"{""1"":1,""2"":1,""3"":0}"		{'confidence': 0.1, 'domain': 'unrouted', 'evidence_source': 'keyword', 'evidence_span': '司法酌减', 'label_origin': 'machine_inferred', 'routing_only': True, 'source_level': 'B'};{'confidence': 0.66, 'domain': '规范理论', 'evidence_source': 'keyword', 'evidence_span': '合同法规范', 'label_origin': 'machine_inferred', 'routing_only': True, 'source_level': 'B'};{'confidence': 0.72, 'domain': '合同法', 'evidence_source': 'keyword', 'evidence_span': '违约金', 'label_origin': 'machine_inferred', 'routing_only': True, 'source_level': 'B'}		internal_fragment;low_wordhood_score	0.666666	"{""2023"":2}"	FXZZ202309008;FXZZ202310008	A1/A2	pending_human_review
872a10b937cf577f9819	民事诉讼	cross_paper_discovery	bounded_chinese_ngram_maximal_repeat	3	3	1;2	"{""1"":2,""2"":2,""3"":0}"	权利救济;程序审查;证据证明	{'confidence': 0.1, 'domain': 'unrouted', 'evidence_source': 'keyword', 'evidence_span': '法的安定性', 'label_origin': 'machine_inferred', 'routing_only': True, 'source_level': 'B'};{'confidence': 0.66, 'domain': '比较法', 'evidence_source': 'keyword', 'evidence_span': '国际民事管辖权', 'label_origin': 'machine_inferred', 'routing_only': True, 'source_level': 'B'};{'confidence': 0.68, 'domain': '程序法', 'evidence_source': 'keyword', 'evidence_span': '正当裁判', 'label_origin': 'machine_inferred', 'routing_only': True, 'source_level': 'B'}			1.40625	"{""2023"":2,""2024"":2}"	FXZZ202310002;FXZZ202312011;FXZZ202401011	A1/A2	pending_human_review
e5a47bc321cfb6576248	民政府	cross_paper_discovery	bounded_chinese_ngram_maximal_repeat	2	2	1;2	"{""1"":2,""2"":6,""3"":0}"	程序审查;规范依据	{'confidence': 0.1, 'domain': 'unrouted', 'evidence_source': 'keyword', 'evidence_span': '立法法', 'label_origin': 'machine_inferred', 'routing_only': True, 'source_level': 'B'}		internal_fragment	0.933334	"{""2023"":8}"	FXZZ202307004;FXZZ202312003	A1/A2	pending_human_review
f25364a9fdcb99f949da	民法典	cross_paper_discovery	bounded_chinese_ngram_maximal_repeat	8	8	1;2	"{""1"":6,""2"":11,""3"":0}"	规范依据	{'confidence': 0.1, 'domain': 'unrouted', 'evidence_source': 'keyword', 'evidence_span': '受害人故意', 'label_origin': 'machine_inferred', 'routing_only': True, 'source_level': 'B'};{'confidence': 0.66, 'domain': '比较法', 'evidence_source': 'keyword', 'evidence_span': '域外适用', 'label_origin': 'machine_inferred', 'routing_only': True, 'source_level': 'B'};{'confidence': 0.66, 'domain': '规范理论', 'evidence_source': 'keyword', 'evidence_span': '保护性规范', 'label_origin': 'machine_inferred', 'routing_only': True, 'source_level': 'B'};{'confidence': 0.68, 'domain': '侵权责任', 'evidence_source': 'keyword', 'evidence_span': '无权代理人责任', 'label_origin': 'machine_inferred', 'routing_only': True, 'source_level': 'B'};{'confidence': 0.68, 'domain': '程序法', 'evidence_source': 'keyword', 'evidence_span': '诉讼权利', 'label_origin': 'machine_inferred', 'routing_only': True, 'source_level': 'B'};{'confidence': 0.72, 'domain': '合同法', 'evidence_source': 'keyword', 'evidence_span': '违约金', 'label_origin': 'machine_inferred', 'routing_only': True, 'source_level': 'B'}			2.82353	"{""2023"":12,""2024"":5}"	FXZZ202301010;FXZZ202303008;FXZZ202304009;FXZZ202309008;FXZZ202310009;FXZZ202311009;FXZZ202401012;FXZZ202407008	A1/A2	pending_human_review
8b800ef65f16cb8eddae	污染环境犯罪	cross_paper_discovery	bounded_chinese_ngram_maximal_repeat	2	2	2	"{""1"":0,""2"":2,""3"":0}"		{'confidence': 0.1, 'domain': 'unrouted', 'evidence_source': 'keyword', 'evidence_span': '承继的共犯', 'label_origin': 'machine_inferred', 'routing_only': True, 'source_level': 'B'}		internal_fragment;low_wordhood_score	0.666666	"{""2023"":1,""2024"":1}"	FXZZ202309006;FXZZ202406006	A1/A2	pending_human_review
9f7c945ab251d8aff848	治实践	cross_paper_discovery	bounded_chinese_ngram_maximal_repeat	3	3	2;3	"{""1"":0,""2"":2,""3"":1}"		{'confidence': 0.1, 'domain': 'unrouted', 'evidence_source': 'keyword', 'evidence_span': '全面依法治国', 'label_origin': 'machine_inferred', 'routing_only': True, 'source_level': 'B'};{'confidence': 0.68, 'domain': '程序法', 'evidence_source': 'keyword', 'evidence_span': '主观程序正义', 'label_origin': 'machine_inferred', 'routing_only': True, 'source_level': 'B'}		internal_fragment	1.833333	"{""2023"":2,""2024"":1}"	FXZZ202301001;FXZZ202302001;FXZZ202401002	A1/A2	pending_human_review
49e3b6e851e8f7223dc5	治引领	cross_paper_discovery	bounded_chinese_ngram_maximal_repeat	2	2	2	"{""1"":0,""2"":2,""3"":0}"		{'confidence': 0.1, 'domain': 'unrouted', 'evidence_source': 'keyword', 'evidence_span': '提级巡察', 'label_origin': 'machine_inferred', 'routing_only': True, 'source_level': 'B'}		internal_fragment	1.333334	"{""2023"":1,""2024"":1}"	FXZZ202305002;FXZZ202406013	A1/A2	pending_human_review
f34a01b3d87400a08842	治模式	cross_paper_discovery	bounded_chinese_ngram_maximal_repeat	3	3	2;3	"{""1"":0,""2"":2,""3"":1}"		{'confidence': 0.1, 'domain': 'unrouted', 'evidence_source': 'keyword', 'evidence_span': '刑法保障', 'label_origin': 'machine_inferred', 'routing_only': True, 'source_level': 'B'}		generic_container;internal_fragment	2.0	"{""2023"":2,""2024"":1}"	FXZZ202301007;FXZZ202311005;FXZZ202412013	A1/A2	pending_human_review
41107a4ca8e3b38baf8e	治理体系	cross_paper_discovery	bounded_chinese_ngram_maximal_repeat	5	5	2;3	"{""1"":0,""2"":3,""3"":2}"	规范依据	{'confidence': 0.1, 'domain': 'unrouted', 'evidence_source': 'keyword', 'evidence_span': '法的安定性', 'label_origin': 'machine_inferred', 'routing_only': True, 'source_level': 'B'};{'confidence': 0.68, 'domain': '程序法', 'evidence_source': 'keyword', 'evidence_span': '正当裁判', 'label_origin': 'machine_inferred', 'routing_only': True, 'source_level': 'B'}		generic_container;internal_fragment	2.25	"{""2023"":2,""2024"":3}"	FXZZ202310002;FXZZ202312002;FXZZ202401008;FXZZ202405002;FXZZ202412008	A1/A2	pending_human_review
932745a8823cabc0c45c	治理模式	cross_paper_discovery	bounded_chinese_ngram_maximal_repeat	3	3	1;2	"{""1"":2,""2"":1,""3"":0}"		{'confidence': 0.1, 'domain': 'unrouted', 'evidence_source': 'keyword', 'evidence_span': '专属经济区内平时军事活动', 'label_origin': 'machine_inferred', 'routing_only': True, 'source_level': 'B'}		generic_container;internal_fragment	1.375	"{""2023"":3}"	FXZZ202310012;FXZZ202311004;FXZZ202312002	A1/A2	pending_human_review
17f592061171b5e2c27b	治理法治	cross_paper_discovery	bounded_chinese_ngram_maximal_repeat	2	2	1	"{""1"":4,""2"":0,""3"":0}"		{'confidence': 0.1, 'domain': 'unrouted', 'evidence_source': 'keyword', 'evidence_span': '重大创新', 'label_origin': 'machine_inferred', 'routing_only': True, 'source_level': 'B'};{'confidence': 0.66, 'domain': '比较法', 'evidence_source': 'keyword', 'evidence_span': '国际投资协定', 'label_origin': 'machine_inferred', 'routing_only': True, 'source_level': 'B'}		internal_fragment;low_wordhood_score	0.75	"{""2023"":1,""2024"":3}"	FXZZ202306001;FXZZ202407012	A1/A2	pending_human_review
21c8dab463eb7a093acc	治理的法律	cross_paper_discovery	bounded_chinese_ngram_maximal_repeat	2	2	1;3	"{""1"":1,""2"":0,""3"":1}"		{'confidence': 0.1, 'domain': 'unrouted', 'evidence_source': 'keyword', 'evidence_span': '法律治理', 'label_origin': 'machine_inferred', 'routing_only': True, 'source_level': 'B'}		internal_fragment	0.8	"{""2023"":1,""2024"":1}"	FXZZ202312010;FXZZ202404003	A1/A2	pending_human_review
24e28e1111f7efcaf954	治理的理论	cross_paper_discovery	bounded_chinese_ngram_maximal_repeat	2	2	1;2	"{""1"":1,""2"":1,""3"":0}"		{'confidence': 0.1, 'domain': 'unrouted', 'evidence_source': 'keyword', 'evidence_span': '专属经济区内平时军事活动', 'label_origin': 'machine_inferred', 'routing_only': True, 'source_level': 'B'}		internal_fragment	0.8	"{""2023"":2}"	FXZZ202310012;FXZZ202312002	A1/A2	pending_human_review
d641dc200ca570f73d1e	法与实	cross_paper_discovery	bounded_chinese_ngram_maximal_repeat	2	2	3	"{""1"":0,""2"":0,""3"":2}"		{'confidence': 0.1, 'domain': 'unrouted', 'evidence_source': 'keyword', 'evidence_span': '透明度', 'label_origin': 'machine_inferred', 'routing_only': True, 'source_level': 'B'};{'confidence': 0.66, 'domain': '比较法', 'evidence_source': 'keyword', 'evidence_span': '国际经贸合作', 'label_origin': 'machine_inferred', 'routing_only': True, 'source_level': 'B'}		internal_fragment	1.333334	"{""2023"":2}"	FXZZ202302012;FXZZ202308013	A1/A2	pending_human_review
1ed69df97f12d92f45ad	法主体	cross_paper_discovery	bounded_chinese_ngram_maximal_repeat	3	3	1;2	"{""1"":1,""2"":2,""3"":0}"	制度构建	{'confidence': 0.1, 'domain': 'unrouted', 'evidence_source': 'keyword', 'evidence_span': '中央与地方关系', 'label_origin': 'machine_inferred', 'routing_only': True, 'source_level': 'B'};{'confidence': 0.68, 'domain': '程序法', 'evidence_source': 'keyword', 'evidence_span': '程序问题', 'label_origin': 'machine_inferred', 'routing_only': True, 'source_level': 'B'}		internal_fragment	1.833333	"{""2023"":2,""2024"":1}"	FXZZ202304002;FXZZ202308012;FXZZ202405011	A1/A2	pending_human_review
dec6bbf4532d76c7cf5e	法事项	cross_paper_discovery	bounded_chinese_ngram_maximal_repeat	2	2	2;3	"{""1"":0,""2"":4,""3"":1}"		{'confidence': 0.1, 'domain': 'unrouted', 'evidence_source': 'keyword', 'evidence_span': '规制路径', 'label_origin': 'machine_inferred', 'routing_only': True, 'source_level': 'B'}		internal_fragment	1.000001	"{""2024"":5}"	FXZZ202406011;FXZZ202407005	A1/A2	pending_human_review
6d3f34d67c3069b1ad3e	法介入	cross_paper_discovery	bounded_chinese_ngram_maximal_repeat	2	2	2;3	"{""1"":0,""2"":1,""3"":1}"		{'confidence': 0.1, 'domain': 'unrouted', 'evidence_source': 'keyword', 'evidence_span': '刑法保障', 'label_origin': 'machine_inferred', 'routing_only': True, 'source_level': 'B'}		internal_fragment	1.333334	"{""2023"":1,""2024"":1}"	FXZZ202301007;FXZZ202406008	A1/A2	pending_human_review
cae3c9013f3a7ba2595c	法价值	cross_paper_discovery	bounded_chinese_ngram_maximal_repeat	3	3	1;2	"{""1"":1,""2"":4,""3"":0}"		{'confidence': 0.1, 'domain': 'unrouted', 'evidence_source': 'keyword', 'evidence_span': '科技宪法', 'label_origin': 'machine_inferred', 'routing_only': True, 'source_level': 'B'}		internal_fragment	1.8	"{""2023"":2,""2024"":3}"	FXZZ202302004;FXZZ202404013;FXZZ202406006	A1/A2	pending_human_review
28c4ed125ea5b5897d03	法体系	cross_paper_discovery	bounded_chinese_ngram_maximal_repeat	7	7	1;2;3	"{""1"":4,""2"":5,""3"":2}"	法律后果	{'confidence': 0.1, 'domain': 'unrouted', 'evidence_source': 'keyword', 'evidence_span': '女性劳动权益保障', 'label_origin': 'machine_inferred', 'routing_only': True, 'source_level': 'B'};{'confidence': 0.72, 'domain': '合同法', 'evidence_source': 'keyword', 'evidence_span': '可诉请履行性', 'label_origin': 'machine_inferred', 'routing_only': True, 'source_level': 'B'}		generic_container;internal_fragment	3.818181	"{""2023"":6,""2024"":4,""2026"":1}"	FXZZ202304011;FXZZ202307006;FXZZ202403003;FXZZ202404005;FXZZ202404013;FXZZ202412009;FXZZ202607007	A1/A2	pending_human_review
2f44e3942e81f14c05d6	法依据	cross_paper_discovery	bounded_chinese_ngram_maximal_repeat	2	2	1;2	"{""1"":1,""2"":2,""3"":0}"	程序审查	{'confidence': 0.1, 'domain': 'unrouted', 'evidence_source': 'keyword', 'evidence_span': '海洋环境保护', 'label_origin': 'machine_inferred', 'routing_only': True, 'source_level': 'B'};{'confidence': 0.68, 'domain': '侵权责任', 'evidence_source': 'keyword', 'evidence_span': '损害赔偿', 'label_origin': 'machine_inferred', 'routing_only': True, 'source_level': 'B'}		internal_fragment	1.111112	"{""2023"":3}"	FXZZ202302013;FXZZ202309005	A1/A2	pending_human_review
6c620f822dc6cfbdaa42	法保护	cross_paper_discovery	bounded_chinese_ngram_maximal_repeat	5	5	1;2;3	"{""1"":2,""2"":2,""3"":2}"		{'confidence': 0.1, 'domain': 'unrouted', 'evidence_source': 'keyword', 'evidence_span': '刑法保障', 'label_origin': 'machine_inferred', 'routing_only': True, 'source_level': 'B'};{'confidence': 0.68, 'domain': '程序法', 'evidence_source': 'keyword', 'evidence_span': '诉讼时效', 'label_origin': 'machine_inferred', 'routing_only': True, 'source_level': 'B'}		internal_fragment	3.055556	"{""2023"":3,""2024"":3}"	FXZZ202301007;FXZZ202311012;FXZZ202404007;FXZZ202412008;FXZZ202412013	A1/A2	pending_human_review
bbd0c98fe3208f41ad22	法保障	cross_paper_discovery	bounded_chinese_ngram_maximal_repeat	3	3	1;2;3	"{""1"":1,""2"":2,""3"":1}"	比较法;规范依据	{'confidence': 0.1, 'domain': 'unrouted', 'evidence_source': 'keyword', 'evidence_span': '刑法保障', 'label_origin': 'machine_inferred', 'routing_only': True, 'source_level': 'B'}		internal_fragment	1.875	"{""2023"":1,""2024"":3}"	FXZZ202301007;FXZZ202406013;FXZZ202412006	A1/A2	pending_human_review
97e62dd91e0e93a0e6bf	法修改	cross_paper_discovery	bounded_chinese_ngram_maximal_repeat	2	2	1;2	"{""1"":3,""2"":2,""3"":0}"		{'confidence': 0.1, 'domain': 'unrouted', 'evidence_source': 'keyword', 'evidence_span': '立法技术', 'label_origin': 'machine_inferred', 'routing_only': True, 'source_level': 'B'}		internal_fragment	1.200001	"{""2023"":5}"	FXZZ202301006;FXZZ202304010	A1/A2	pending_human_review
e31a9bd976b11e690625	法公正	cross_paper_discovery	bounded_chinese_ngram_maximal_repeat	2	2	2;3	"{""1"":0,""2"":2,""3"":2}"		{'confidence': 0.1, 'domain': 'unrouted', 'evidence_source': 'keyword', 'evidence_span': '合宪性控制', 'label_origin': 'machine_inferred', 'routing_only': True, 'source_level': 'B'}		internal_fragment	1.083334	"{""2023"":1,""2024"":3}"	FXZZ202308003;FXZZ202412008	A1/A2	pending_human_review
2cff41e803c53e9cba32	法典化	cross_paper_discovery	bounded_chinese_ngram_maximal_repeat	4	4	1;2	"{""1"":6,""2"":3,""3"":0}"	规范依据	{'confidence': 0.1, 'domain': 'unrouted', 'evidence_source': 'keyword', 'evidence_span': '简约性原则', 'label_origin': 'machine_inferred', 'routing_only': True, 'source_level': 'B'}		internal_fragment	2.266666	"{""2023"":5,""2024"":4}"	FXZZ202306010;FXZZ202307013;FXZZ202311005;FXZZ202401004	A1/A2	pending_human_review
ea08c5d98647a0b647f5	法制度	cross_paper_discovery	bounded_chinese_ngram_maximal_repeat	2	2	2	"{""1"":0,""2"":2,""3"":0}"	制度构建	{'confidence': 0.1, 'domain': 'unrouted', 'evidence_source': 'keyword', 'evidence_span': '税收公平', 'label_origin': 'machine_inferred', 'routing_only': True, 'source_level': 'B'}		internal_fragment	1.333334	"{""2023"":2}"	FXZZ202305012;FXZZ202311005	A1/A2	pending_human_review
a23a694a3b0c01e56a00	法制统一	cross_paper_discovery	bounded_chinese_ngram_maximal_repeat	4	4	1;2;3	"{""1"":1,""2"":2,""3"":1}"	程序审查;规范依据	{'confidence': 0.1, 'domain': 'unrouted', 'evidence_source': 'keyword', 'evidence_span': '合目的性改革', 'label_origin': 'machine_inferred', 'routing_only': True, 'source_level': 'B'};{'confidence': 0.68, 'domain': '程序法', 'evidence_source': 'keyword', 'evidence_span': '核准程序', 'label_origin': 'machine_inferred', 'routing_only': True, 'source_level': 'B'}		internal_fragment	2.0	"{""2023"":3,""2024"":1}"	FXZZ202301004;FXZZ202307005;FXZZ202308005;FXZZ202406002	A1/A2	pending_human_review
9c9c92e3a2ed0dc1ee6e	法功能	cross_paper_discovery	bounded_chinese_ngram_maximal_repeat	2	2	1;2	"{""1"":1,""2"":1,""3"":0}"		{'confidence': 0.1, 'domain': 'unrouted', 'evidence_source': 'keyword', 'evidence_span': '法律定义', 'label_origin': 'machine_inferred', 'routing_only': True, 'source_level': 'B'};{'confidence': 0.66, 'domain': '规范理论', 'evidence_source': 'keyword', 'evidence_span': '规范保护目的', 'label_origin': 'machine_inferred', 'routing_only': True, 'source_level': 'B'};{'confidence': 0.68, 'domain': '程序法', 'evidence_source': 'keyword', 'evidence_span': '诉讼权利', 'label_origin': 'machine_inferred', 'routing_only': True, 'source_level': 'B'}		internal_fragment	1.333334	"{""2023"":2}"	FXZZ202304009;FXZZ202308006	A1/A2	pending_human_review
9b3ca3b7f4711fe61c87	法原则	cross_paper_discovery	bounded_chinese_ngram_maximal_repeat	6	6	1;2	"{""1"":6,""2"":5,""3"":0}"	程序审查	{'confidence': 0.1, 'domain': 'unrouted', 'evidence_source': 'keyword', 'evidence_span': '一体化处罚观', 'label_origin': 'machine_inferred', 'routing_only': True, 'source_level': 'B'};{'confidence': 0.68, 'domain': '程序法', 'evidence_source': 'keyword', 'evidence_span': '审查批准', 'label_origin': 'machine_inferred', 'routing_only': True, 'source_level': 'B'}		internal_fragment	3.181818	"{""2023"":11}"	FXZZ202302010;FXZZ202305010;FXZZ202308004;FXZZ202308013;FXZZ202310013;FXZZ202311005	A1/A2	pending_human_review
c85ae6fe3b1b741d76d1	法和刑	cross_paper_discovery	bounded_chinese_ngram_maximal_repeat	2	2	1;3	"{""1"":1,""2"":0,""3"":1}"		{'confidence': 0.1, 'domain': 'unrouted', 'evidence_source': 'keyword', 'evidence_span': '刑法保障', 'label_origin': 'machine_inferred', 'routing_only': True, 'source_level': 'B'}		internal_fragment	1.333334	"{""2023"":1,""2024"":1}"	FXZZ202301007;FXZZ202405006	A1/A2	pending_human_review
6312dd92ce270578a26a	法哲学	cross_paper_discovery	bounded_chinese_ngram_maximal_repeat	2	2	2;3	"{""1"":0,""2"":1,""3"":1}"		{'confidence': 0.1, 'domain': 'unrouted', 'evidence_source': 'keyword', 'evidence_span': '收养秩序', 'label_origin': 'machine_inferred', 'routing_only': True, 'source_level': 'B'}		internal_fragment	1.333334	"{""2023"":1,""2024"":1}"	FXZZ202307003;FXZZ202403012	A1/A2	pending_human_review
ab0c20c2cd9bff70c0e7	法域外适用	cross_paper_discovery	bounded_chinese_ngram_maximal_repeat	3	3	1;2	"{""1"":3,""2"":3,""3"":0}"	制度构建;比较法	{'confidence': 0.1, 'domain': 'unrouted', 'evidence_source': 'keyword', 'evidence_span': '体系效应', 'label_origin': 'machine_inferred', 'routing_only': True, 'source_level': 'B'};{'confidence': 0.66, 'domain': '比较法', 'evidence_source': 'keyword', 'evidence_span': '国际民事管辖权', 'label_origin': 'machine_inferred', 'routing_only': True, 'source_level': 'B'}		internal_fragment	0.9	"{""2023"":1,""2024"":5}"	FXZZ202312011;FXZZ202401012;FXZZ202401013	A1/A2	pending_human_review
b7313389a39a881a89d6	法基本	cross_paper_discovery	bounded_chinese_ngram_maximal_repeat	3	3	1;2	"{""1"":1,""2"":2,""3"":0}"		{'confidence': 0.1, 'domain': 'unrouted', 'evidence_source': 'keyword', 'evidence_span': '合目的性改革', 'label_origin': 'machine_inferred', 'routing_only': True, 'source_level': 'B'}		internal_fragment	1.666667	"{""2023"":1,""2024"":2}"	FXZZ202301004;FXZZ202404013;FXZZ202412011	A1/A2	pending_human_review
e603e0a6cd80e4847db0	法基本原则	cross_paper_discovery	bounded_chinese_ngram_maximal_repeat	2	2	2	"{""1"":0,""2"":2,""3"":0}"		{'confidence': 0.1, 'domain': 'unrouted', 'evidence_source': 'keyword', 'evidence_span': '合目的性改革', 'label_origin': 'machine_inferred', 'routing_only': True, 'source_level': 'B'}		internal_fragment	0.8	"{""2023"":1,""2024"":1}"	FXZZ202301004;FXZZ202404013	A1/A2	pending_human_review
6ed7b15b05587e3ce578	法基础	cross_paper_discovery	bounded_chinese_ngram_maximal_repeat	3	3	2;3	"{""1"":0,""2"":2,""3"":1}"		{'confidence': 0.1, 'domain': 'unrouted', 'evidence_source': 'keyword', 'evidence_span': '透明度', 'label_origin': 'machine_inferred', 'routing_only': True, 'source_level': 'B'};{'confidence': 0.66, 'domain': '比较法', 'evidence_source': 'keyword', 'evidence_span': '国际经贸合作', 'label_origin': 'machine_inferred', 'routing_only': True, 'source_level': 'B'}		internal_fragment	1.833333	"{""2023"":2,""2024"":1}"	FXZZ202302012;FXZZ202312006;FXZZ202406013	A1/A2	pending_human_review
5041e68eaf88083aa400	法学研究	cross_paper_discovery	bounded_chinese_ngram_maximal_repeat	2	2	1	"{""1"":2,""2"":0,""3"":0}"		{'confidence': 0.1, 'domain': 'unrouted', 'evidence_source': 'keyword', 'evidence_span': '结构功能主义', 'label_origin': 'machine_inferred', 'routing_only': True, 'source_level': 'B'}		internal_fragment	1.0	"{""2024"":2}"	FXZZ202403012;FXZZ202412003	A1/A2	pending_human_review
ef3cf183b0b4e434cb78	法定义	cross_paper_discovery	bounded_chinese_ngram_maximal_repeat	2	2	1;2	"{""1"":1,""2"":2,""3"":0}"	权利救济	{'confidence': 0.1, 'domain': 'unrouted', 'evidence_source': 'keyword', 'evidence_span': '外在体系', 'label_origin': 'machine_inferred', 'routing_only': True, 'source_level': 'B'};{'confidence': 0.72, 'domain': '合同法', 'evidence_source': 'keyword', 'evidence_span': '解除权', 'label_origin': 'machine_inferred', 'routing_only': True, 'source_level': 'B'}		internal_fragment	1.222223	"{""2023"":3}"	FXZZ202304010;FXZZ202312007	A1/A2	pending_human_review
d24a3a8d8f3ed6338967	法定代	cross_paper_discovery	bounded_chinese_ngram_maximal_repeat	2	2	1;2	"{""1"":1,""2"":5,""3"":0}"	法律后果;规范依据	{'confidence': 0.1, 'domain': 'unrouted', 'evidence_source': 'keyword', 'evidence_span': '彩礼协议', 'label_origin': 'machine_inferred', 'routing_only': True, 'source_level': 'B'};{'confidence': 0.66, 'domain': '规范理论', 'evidence_source': 'keyword', 'evidence_span': '合同法规范', 'label_origin': 'machine_inferred', 'routing_only': True, 'source_level': 'B'};{'confidence': 0.72, 'domain': '合同法', 'evidence_source': 'keyword', 'evidence_span': '合同法规范', 'label_origin': 'machine_inferred', 'routing_only': True, 'source_level': 'B'}		internal_fragment	0.833334	"{""2023"":2,""2024"":4}"	FXZZ202310008;FXZZ202403008	A1/A2	pending_human_review
7b63eee081e5bb0035f7	法定化	cross_paper_discovery	bounded_chinese_ngram_maximal_repeat	3	3	1;2	"{""1"":5,""2"":2,""3"":0}"	制度构建;权利救济	{'confidence': 0.1, 'domain': 'unrouted', 'evidence_source': 'keyword', 'evidence_span': '缺席审判', 'label_origin': 'machine_inferred', 'routing_only': True, 'source_level': 'B'};{'confidence': 0.68, 'domain': '程序法', 'evidence_source': 'keyword', 'evidence_span': '诉讼要件', 'label_origin': 'machine_inferred', 'routing_only': True, 'source_level': 'B'}		internal_fragment	1.5	"{""2023"":7}"	FXZZ202303009;FXZZ202306010;FXZZ202311003	A1/A2	pending_human_review
7a60a48bd8eea93b6641	法定性	cross_paper_discovery	bounded_chinese_ngram_maximal_repeat	4	4	1;2;3	"{""1"":1,""2"":1,""3"":3}"		{'confidence': 0.1, 'domain': 'unrouted', 'evidence_source': 'keyword', 'evidence_span': '简约性原则', 'label_origin': 'machine_inferred', 'routing_only': True, 'source_level': 'B'}			2.533333	"{""2023"":4,""2024"":1}"	FXZZ202306010;FXZZ202308007;FXZZ202309005;FXZZ202412005	A1/A2	pending_human_review
2858a1a18c00d212b703	法定程序	cross_paper_discovery	bounded_chinese_ngram_maximal_repeat	2	2	2;3	"{""1"":0,""2"":1,""3"":1}"	程序审查	{'confidence': 0.1, 'domain': 'unrouted', 'evidence_source': 'keyword', 'evidence_span': '社会危害性', 'label_origin': 'machine_inferred', 'routing_only': True, 'source_level': 'B'}		internal_fragment	1.0	"{""2024"":2}"	FXZZ202404005;FXZZ202406005	A1/A2	pending_human_review
85328c7f1d79126ee47e	法定职	cross_paper_discovery	bounded_chinese_ngram_maximal_repeat	3	3	2;3	"{""1"":0,""2"":1,""3"":2}"		{'confidence': 0.1, 'domain': 'unrouted', 'evidence_source': 'keyword', 'evidence_span': '从宽处罚', 'label_origin': 'machine_inferred', 'routing_only': True, 'source_level': 'B'}		internal_fragment	1.833333	"{""2023"":2,""2024"":1}"	FXZZ202305006;FXZZ202307007;FXZZ202412005	A1/A2	pending_human_review
5fee335c80b783df7397	法定职责	cross_paper_discovery	bounded_chinese_ngram_maximal_repeat	2	2	3	"{""1"":0,""2"":0,""3"":2}"		{'confidence': 0.1, 'domain': 'unrouted', 'evidence_source': 'keyword', 'evidence_span': '从宽处罚', 'label_origin': 'machine_inferred', 'routing_only': True, 'source_level': 'B'}		internal_fragment	1.0	"{""2023"":1,""2024"":1}"	FXZZ202305006;FXZZ202412005	A1/A2	pending_human_review
b96d2cbf68d7ebeaf170	法实施	cross_paper_discovery	bounded_chinese_ngram_maximal_repeat	3	3	2;3	"{""1"":0,""2"":1,""3"":2}"		{'confidence': 0.1, 'domain': 'unrouted', 'evidence_source': 'keyword', 'evidence_span': '劳动法', 'label_origin': 'machine_inferred', 'routing_only': True, 'source_level': 'B'}		internal_fragment	2.0	"{""2023"":3}"	FXZZ202303011;FXZZ202306010;FXZZ202307007	A1/A2	pending_human_review
0584e924a5873ed3d7a4	法实践	cross_paper_discovery	bounded_chinese_ngram_maximal_repeat	13	13	1;2;3	"{""1"":3,""2"":9,""3"":2}"	比较法;程序审查;证据证明	{'confidence': 0.1, 'domain': 'unrouted', 'evidence_source': 'keyword', 'evidence_span': '合目的性改革', 'label_origin': 'machine_inferred', 'routing_only': True, 'source_level': 'B'};{'confidence': 0.66, 'domain': '比较法', 'evidence_source': 'keyword', 'evidence_span': '域外适用', 'label_origin': 'machine_inferred', 'routing_only': True, 'source_level': 'B'}		internal_fragment	6.190476	"{""2023"":11,""2024"":3}"	FXZZ202301004;FXZZ202302011;FXZZ202303001;FXZZ202304008;FXZZ202305005;FXZZ202307004;FXZZ202307011;FXZZ202308005;FXZZ202309009;FXZZ202311009;FXZZ202401011;FXZZ202404003;FXZZ202405007	A1/A2	pending_human_review
59f012bfb2324a568850	法审查	cross_paper_discovery	bounded_chinese_ngram_maximal_repeat	5	5	1;2;3	"{""1"":4,""2"":7,""3"":3}"	权利救济;程序审查;规范依据	{'confidence': 0.1, 'domain': 'unrouted', 'evidence_source': 'keyword', 'evidence_span': '除名之诉', 'label_origin': 'machine_inferred', 'routing_only': True, 'source_level': 'B'};{'confidence': 0.68, 'domain': '程序法', 'evidence_source': 'keyword', 'evidence_span': '司法审查', 'label_origin': 'machine_inferred', 'routing_only': True, 'source_level': 'B'}		internal_fragment	2.142858	"{""2023"":14}"	FXZZ202303007;FXZZ202309005;FXZZ202309009;FXZZ202310010;FXZZ202310011	A1/A2	pending_human_review
4aec85873ba0bde569e1	法层面	cross_paper_discovery	bounded_chinese_ngram_maximal_repeat	3	3	1;2;3	"{""1"":1,""2"":2,""3"":1}"		{'confidence': 0.1, 'domain': 'unrouted', 'evidence_source': 'keyword', 'evidence_span': '刑法保障', 'label_origin': 'machine_inferred', 'routing_only': True, 'source_level': 'B'}		internal_fragment	1.75	"{""2023"":4}"	FXZZ202301007;FXZZ202307004;FXZZ202312010	A1/A2	pending_human_review
2a784b6c9589c78b9b7f	法干预	cross_paper_discovery	bounded_chinese_ngram_maximal_repeat	2	2	1;2	"{""1"":1,""2"":2,""3"":0}"		{'confidence': 0.1, 'domain': 'unrouted', 'evidence_source': 'keyword', 'evidence_span': '损失分担', 'label_origin': 'machine_inferred', 'routing_only': True, 'source_level': 'B'};{'confidence': 0.66, 'domain': '规范理论', 'evidence_source': 'keyword', 'evidence_span': '规范保护目的', 'label_origin': 'machine_inferred', 'routing_only': True, 'source_level': 'B'}		internal_fragment	1.222223	"{""2023"":3}"	FXZZ202304007;FXZZ202308006	A1/A2	pending_human_review
758bb1fe1aa795edfc4b	法引入	cross_paper_discovery	bounded_chinese_ngram_maximal_repeat	2	2	1;2	"{""1"":3,""2"":1,""3"":0}"		{'confidence': 0.1, 'domain': 'unrouted', 'evidence_source': 'keyword', 'evidence_span': '结构功能主义', 'label_origin': 'machine_inferred', 'routing_only': True, 'source_level': 'B'}		internal_fragment	1.000001	"{""2024"":4}"	FXZZ202403012;FXZZ202406013	A1/A2	pending_human_review
a8ff5805278a2d2b8ca0	法强化	cross_paper_discovery	bounded_chinese_ngram_maximal_repeat	2	2	2;3	"{""1"":0,""2"":1,""3"":1}"		{'confidence': 0.1, 'domain': 'unrouted', 'evidence_source': 'keyword', 'evidence_span': '专属经济区内平时军事活动', 'label_origin': 'machine_inferred', 'routing_only': True, 'source_level': 'B'}		internal_fragment	1.333334	"{""2023"":2}"	FXZZ202310012;FXZZ202312010	A1/A2	pending_human_review
2688b03653778b5ca49c	法律体系	cross_paper_discovery	bounded_chinese_ngram_maximal_repeat	2	2	1;2	"{""1"":1,""2"":3,""3"":0}"	制度构建;比较法	{'confidence': 0.1, 'domain': 'unrouted', 'evidence_source': 'keyword', 'evidence_span': '合目的性改革', 'label_origin': 'machine_inferred', 'routing_only': True, 'source_level': 'B'}		generic_container;internal_fragment;low_wordhood_score	0.75	"{""2023"":1,""2024"":3}"	FXZZ202301004;FXZZ202401013	A1/A2	pending_human_review
6eaf14ea64a5cb07990e	法律依据	cross_paper_discovery	bounded_chinese_ngram_maximal_repeat	3	3	1;2;3	"{""1"":1,""2"":1,""3"":1}"	规范依据	{'confidence': 0.1, 'domain': 'unrouted', 'evidence_source': 'keyword', 'evidence_span': '立法模', 'label_origin': 'machine_inferred', 'routing_only': True, 'source_level': 'B'}		internal_fragment	1.25	"{""2023"":3}"	FXZZ202304003;FXZZ202305009;FXZZ202309005	A1/A2	pending_human_review
576669ea92e714b09a9f	法律保	cross_paper_discovery	bounded_chinese_ngram_maximal_repeat	8	8	1;2;3	"{""1"":4,""2"":10,""3"":10}"	权利救济;规范依据	{'confidence': 0.1, 'domain': 'unrouted', 'evidence_source': 'keyword', 'evidence_span': '提级巡察', 'label_origin': 'machine_inferred', 'routing_only': True, 'source_level': 'B'};{'confidence': 0.68, 'domain': '程序法', 'evidence_source': 'keyword', 'evidence_span': '核准程序', 'label_origin': 'machine_inferred', 'routing_only': True, 'source_level': 'B'}		internal_fragment	3.5	"{""2023"":21,""2024"":3}"	FXZZ202305002;FXZZ202307005;FXZZ202309004;FXZZ202309005;FXZZ202311007;FXZZ202401005;FXZZ202404012;FXZZ202412005	A1/A2	pending_human_review
bc5bbc1b6857eeefbc46	法律保留	cross_paper_discovery	bounded_chinese_ngram_maximal_repeat	6	6	1;2;3	"{""1"":4,""2"":8,""3"":10}"	规范依据	{'confidence': 0.1, 'domain': 'unrouted', 'evidence_source': 'keyword', 'evidence_span': '犯罪情节', 'label_origin': 'machine_inferred', 'routing_only': True, 'source_level': 'B'};{'confidence': 0.68, 'domain': '程序法', 'evidence_source': 'keyword', 'evidence_span': '核准程序', 'label_origin': 'machine_inferred', 'routing_only': True, 'source_level': 'B'}		internal_fragment	2.181818	"{""2023"":20,""2024"":2}"	FXZZ202307005;FXZZ202309004;FXZZ202309005;FXZZ202311007;FXZZ202401005;FXZZ202412005	A1/A2	pending_human_review
4019e85c899cf38490fe	法律保留原则	cross_paper_discovery	bounded_chinese_ngram_maximal_repeat	3	3	2;3	"{""1"":0,""2"":5,""3"":3}"	规范依据	{'confidence': 0.1, 'domain': 'unrouted', 'evidence_source': 'keyword', 'evidence_span': '犯罪情节', 'label_origin': 'machine_inferred', 'routing_only': True, 'source_level': 'B'};{'confidence': 0.68, 'domain': '程序法', 'evidence_source': 'keyword', 'evidence_span': '核准程序', 'label_origin': 'machine_inferred', 'routing_only': True, 'source_level': 'B'}		internal_fragment;low_wordhood_score	0.78125	"{""2023"":7,""2024"":1}"	FXZZ202307005;FXZZ202309004;FXZZ202401005	A1/A2	pending_human_review
5ed3b1154fe2a226b842	法律保障	cross_paper_discovery	bounded_chinese_ngram_maximal_repeat	2	2	2	"{""1"":0,""2"":2,""3"":0}"	权利救济	{'confidence': 0.1, 'domain': 'unrouted', 'evidence_source': 'keyword', 'evidence_span': '提级巡察', 'label_origin': 'machine_inferred', 'routing_only': True, 'source_level': 'B'}		internal_fragment	1.0	"{""2023"":1,""2024"":1}"	FXZZ202305002;FXZZ202404012	A1/A2	pending_human_review
97e0f22a7167b6decaf3	法律修	cross_paper_discovery	bounded_chinese_ngram_maximal_repeat	3	3	1;2;3	"{""1"":1,""2"":4,""3"":2}"	规范依据	{'confidence': 0.1, 'domain': 'unrouted', 'evidence_source': 'keyword', 'evidence_span': '合目的性改革', 'label_origin': 'machine_inferred', 'routing_only': True, 'source_level': 'B'};{'confidence': 0.68, 'domain': '程序法', 'evidence_source': 'keyword', 'evidence_span': '审查认证规则', 'label_origin': 'machine_inferred', 'routing_only': True, 'source_level': 'B'}		internal_fragment	1.357143	"{""2023"":4,""2024"":3}"	FXZZ202301004;FXZZ202309010;FXZZ202406003	A1/A2	pending_human_review
d6a074337dd3c9c39986	法律制	cross_paper_discovery	bounded_chinese_ngram_maximal_repeat	6	6	1;2;3	"{""1"":1,""2"":4,""3"":1}"	制度构建	{'confidence': 0.1, 'domain': 'unrouted', 'evidence_source': 'keyword', 'evidence_span': '数据自决权', 'label_origin': 'machine_inferred', 'routing_only': True, 'source_level': 'B'};{'confidence': 0.68, 'domain': '程序法', 'evidence_source': 'keyword', 'evidence_span': '义务性程序兜底条款', 'label_origin': 'machine_inferred', 'routing_only': True, 'source_level': 'B'}		internal_fragment	3.166667	"{""2023"":2,""2024"":3,""2026"":1}"	FXZZ202301003;FXZZ202303011;FXZZ202401002;FXZZ202405004;FXZZ202406006;FXZZ202607001	A1/A2	pending_human_review
17b06c335aa3f4b2f627	法律制度	legal_term	config_legal_term_longest_match	6	6	1;2;3	"{""1"":1,""2"":4,""3"":1}"	制度构建	{'confidence': 0.1, 'domain': 'unrouted', 'evidence_source': 'keyword', 'evidence_span': '数据自决权', 'label_origin': 'machine_inferred', 'routing_only': True, 'source_level': 'B'};{'confidence': 0.68, 'domain': '程序法', 'evidence_source': 'keyword', 'evidence_span': '义务性程序兜底条款', 'label_origin': 'machine_inferred', 'routing_only': True, 'source_level': 'B'}				"{""2023"":2,""2024"":3,""2026"":1}"	FXZZ202301003;FXZZ202303011;FXZZ202401002;FXZZ202405004;FXZZ202406006;FXZZ202607001	A1/A2	pending_human_review
5f7ce1cda04feefc0339	法律原则	cross_paper_discovery	bounded_chinese_ngram_maximal_repeat	3	3	1;2	"{""1"":1,""2"":2,""3"":0}"	规范依据	{'confidence': 0.1, 'domain': 'unrouted', 'evidence_source': 'keyword', 'evidence_span': '犯罪情节', 'label_origin': 'machine_inferred', 'routing_only': True, 'source_level': 'B'};{'confidence': 0.68, 'domain': '程序法', 'evidence_source': 'keyword', 'evidence_span': '核准程序', 'label_origin': 'machine_inferred', 'routing_only': True, 'source_level': 'B'}		internal_fragment	1.21875	"{""2023"":1,""2024"":2}"	FXZZ202307005;FXZZ202405004;FXZZ202406003	A1/A2	pending_human_review
f99458006a051983e089	法律实	cross_paper_discovery	bounded_chinese_ngram_maximal_repeat	7	7	1;2	"{""1"":6,""2"":7,""3"":0}"	制度构建	{'confidence': 0.1, 'domain': 'unrouted', 'evidence_source': 'keyword', 'evidence_span': '法律运作', 'label_origin': 'machine_inferred', 'routing_only': True, 'source_level': 'B'};{'confidence': 0.68, 'domain': '程序法', 'evidence_source': 'keyword', 'evidence_span': '检察公益诉讼谦抑性', 'label_origin': 'machine_inferred', 'routing_only': True, 'source_level': 'B'}		internal_fragment	3.589743	"{""2023"":11,""2024"":2}"	FXZZ202301002;FXZZ202302004;FXZZ202309002;FXZZ202309012;FXZZ202312001;FXZZ202404003;FXZZ202406006	A1/A2	pending_human_review
78840ccce66aad7e68e9	法律实践	cross_paper_discovery	bounded_chinese_ngram_maximal_repeat	4	4	1;2	"{""1"":1,""2"":3,""3"":0}"	制度构建	{'confidence': 0.1, 'domain': 'unrouted', 'evidence_source': 'keyword', 'evidence_span': '法律运作', 'label_origin': 'machine_inferred', 'routing_only': True, 'source_level': 'B'}			1.875	"{""2023"":3,""2024"":1}"	FXZZ202301002;FXZZ202309002;FXZZ202312001;FXZZ202404003	A1/A2	pending_human_review
a9fbb00ec9695538e080	法律属性	cross_paper_discovery	bounded_chinese_ngram_maximal_repeat	4	4	1;2;3	"{""1"":3,""2"":2,""3"":1}"		{'confidence': 0.1, 'domain': 'unrouted', 'evidence_source': 'keyword', 'evidence_span': '适度干预', 'label_origin': 'machine_inferred', 'routing_only': True, 'source_level': 'B'}		internal_fragment	1.416667	"{""2023"":6}"	FXZZ202301012;FXZZ202303011;FXZZ202309004;FXZZ202312010	A1/A2	pending_human_review
e25038776478f50c8d59	法律性	cross_paper_discovery	bounded_chinese_ngram_maximal_repeat	3	3	1;2	"{""1"":1,""2"":2,""3"":0}"	程序审查	{'confidence': 0.1, 'domain': 'unrouted', 'evidence_source': 'keyword', 'evidence_span': '法律修正功能', 'label_origin': 'machine_inferred', 'routing_only': True, 'source_level': 'B'}		internal_fragment	1.833333	"{""2023"":1,""2024"":2}"	FXZZ202309009;FXZZ202403011;FXZZ202404005	A1/A2	pending_human_review
9fb9b75f623726a8ab09	法律性质	cross_paper_discovery	bounded_chinese_ngram_maximal_repeat	2	2	1;2	"{""1"":1,""2"":1,""3"":0}"	程序审查	{'confidence': 0.1, 'domain': 'unrouted', 'evidence_source': 'keyword', 'evidence_span': '法律修正功能', 'label_origin': 'machine_inferred', 'routing_only': True, 'source_level': 'B'}		internal_fragment	1.0	"{""2023"":1,""2024"":1}"	FXZZ202309009;FXZZ202404005	A1/A2	pending_human_review
5afb5a14f88c7dcbd032	法律效	cross_paper_discovery	bounded_chinese_ngram_maximal_repeat	5	5	1;2;3	"{""1"":3,""2"":4,""3"":3}"	法律后果	{'confidence': 0.1, 'domain': 'unrouted', 'evidence_source': 'keyword', 'evidence_span': '法条竞合', 'label_origin': 'machine_inferred', 'routing_only': True, 'source_level': 'B'};{'confidence': 0.68, 'domain': '侵权责任', 'evidence_source': 'keyword', 'evidence_span': '定金责任', 'label_origin': 'machine_inferred', 'routing_only': True, 'source_level': 'B'};{'confidence': 0.72, 'domain': '合同法', 'evidence_source': 'keyword', 'evidence_span': '违约定金', 'label_origin': 'machine_inferred', 'routing_only': True, 'source_level': 'B'}		internal_fragment	2.333334	"{""2023"":8,""2024"":2}"	FXZZ202303004;FXZZ202303006;FXZZ202307008;FXZZ202309005;FXZZ202406013	A1/A2	pending_human_review
c31b759c9d334ce8990d	法律效力	cross_paper_discovery	bounded_chinese_ngram_maximal_repeat	2	2	1;2	"{""1"":1,""2"":2,""3"":0}"		{'confidence': 0.1, 'domain': 'unrouted', 'evidence_source': 'keyword', 'evidence_span': '破产别除权', 'label_origin': 'machine_inferred', 'routing_only': True, 'source_level': 'B'}		internal_fragment;lexical_support	0.833333	"{""2023"":1,""2024"":2}"	FXZZ202307008;FXZZ202406013	A1/A2	pending_human_review
c5ee350138aaa485c366	法律效果	legal_term	config_legal_term_longest_match	3	3	1;2;3	"{""1"":2,""2"":2,""3"":3}"	法律后果	{'confidence': 0.1, 'domain': 'unrouted', 'evidence_source': 'keyword', 'evidence_span': '法条竞合', 'label_origin': 'machine_inferred', 'routing_only': True, 'source_level': 'B'};{'confidence': 0.68, 'domain': '侵权责任', 'evidence_source': 'keyword', 'evidence_span': '定金责任', 'label_origin': 'machine_inferred', 'routing_only': True, 'source_level': 'B'};{'confidence': 0.72, 'domain': '合同法', 'evidence_source': 'keyword', 'evidence_span': '违约定金', 'label_origin': 'machine_inferred', 'routing_only': True, 'source_level': 'B'}				"{""2023"":7}"	FXZZ202303004;FXZZ202303006;FXZZ202309005	A1/A2	pending_human_review
e9b12c59fce25c8a0c00	法律效果	legal_pattern	config_legal_pattern	3	3	1;2;3	"{""1"":2,""2"":2,""3"":3}"	法律后果	{'confidence': 0.1, 'domain': 'unrouted', 'evidence_source': 'keyword', 'evidence_span': '法条竞合', 'label_origin': 'machine_inferred', 'routing_only': True, 'source_level': 'B'};{'confidence': 0.68, 'domain': '侵权责任', 'evidence_source': 'keyword', 'evidence_span': '定金责任', 'label_origin': 'machine_inferred', 'routing_only': True, 'source_level': 'B'};{'confidence': 0.72, 'domain': '合同法', 'evidence_source': 'keyword', 'evidence_span': '违约定金', 'label_origin': 'machine_inferred', 'routing_only': True, 'source_level': 'B'}				"{""2023"":7}"	FXZZ202303004;FXZZ202303006;FXZZ202309005	A1/A2	pending_human_review
ffe0a687f06c9fdf1e23	法律文	cross_paper_discovery	bounded_chinese_ngram_maximal_repeat	5	5	1;2;3	"{""1"":2,""2"":7,""3"":1}"	规范依据	{'confidence': 0.1, 'domain': 'unrouted', 'evidence_source': 'keyword', 'evidence_span': '治外法权', 'label_origin': 'machine_inferred', 'routing_only': True, 'source_level': 'B'}		internal_fragment	2.5	"{""2023"":4,""2024"":6}"	FXZZ202309002;FXZZ202309005;FXZZ202401002;FXZZ202405003;FXZZ202407001	A1/A2	pending_human_review
e18f757b8eeb6c2c3246	法律文件	cross_paper_discovery	bounded_chinese_ngram_maximal_repeat	2	2	2;3	"{""1"":0,""2"":2,""3"":1}"	规范依据	{'confidence': 0.1, 'domain': 'unrouted', 'evidence_source': 'keyword', 'evidence_span': '污染环境罪', 'label_origin': 'machine_inferred', 'routing_only': True, 'source_level': 'B'}		internal_fragment	1.0	"{""2023"":2,""2024"":1}"	FXZZ202309005;FXZZ202407001	A1/A2	pending_human_review
6d6e5ab52f54dba464a4	法律权	cross_paper_discovery	bounded_chinese_ngram_maximal_repeat	3	3	1;2;3	"{""1"":1,""2"":1,""3"":1}"		{'confidence': 0.1, 'domain': 'unrouted', 'evidence_source': 'keyword', 'evidence_span': '法律运作', 'label_origin': 'machine_inferred', 'routing_only': True, 'source_level': 'B'}		internal_fragment	1.75	"{""2023"":2,""2024"":1}"	FXZZ202301002;FXZZ202303011;FXZZ202401013	A1/A2	pending_human_review
0cfa8df525df53ccf667	法律权利	cross_paper_discovery	bounded_chinese_ngram_maximal_repeat	2	2	1;3	"{""1"":1,""2"":0,""3"":1}"		{'confidence': 0.1, 'domain': 'unrouted', 'evidence_source': 'keyword', 'evidence_span': '劳动法', 'label_origin': 'machine_inferred', 'routing_only': True, 'source_level': 'B'}		internal_fragment;lexical_support	1.0	"{""2023"":1,""2024"":1}"	FXZZ202303011;FXZZ202401013	A1/A2	pending_human_review
942d4aee92b99e42ca69	法律框架	cross_paper_discovery	bounded_chinese_ngram_maximal_repeat	2	2	2;3	"{""1"":0,""2"":1,""3"":3}"	制度构建	{'confidence': 0.1, 'domain': 'unrouted', 'evidence_source': 'keyword', 'evidence_span': '税收争议解决', 'label_origin': 'machine_inferred', 'routing_only': True, 'source_level': 'B'};{'confidence': 0.66, 'domain': '比较法', 'evidence_source': 'keyword', 'evidence_span': '国际税收协调', 'label_origin': 'machine_inferred', 'routing_only': True, 'source_level': 'B'};{'confidence': 0.68, 'domain': '程序法', 'evidence_source': 'keyword', 'evidence_span': '相互协商程序', 'label_origin': 'machine_inferred', 'routing_only': True, 'source_level': 'B'};{'confidence': 0.76, 'domain': '仲裁法', 'evidence_source': 'keyword', 'evidence_span': '税收仲裁', 'label_origin': 'machine_inferred', 'routing_only': True, 'source_level': 'B'}		generic_container;internal_fragment;low_wordhood_score	0.75	"{""2023"":4}"	FXZZ202304013;FXZZ202305010	A1/A2	pending_human_review
b68cd9441e7e4e6b1429	法律概念	cross_paper_discovery	bounded_chinese_ngram_maximal_repeat	3	3	2	"{""1"":0,""2"":3,""3"":0}"		{'confidence': 0.1, 'domain': 'unrouted', 'evidence_source': 'keyword', 'evidence_span': '法释义学', 'label_origin': 'machine_inferred', 'routing_only': True, 'source_level': 'B'}		internal_fragment	1.375	"{""2024"":3}"	FXZZ202404013;FXZZ202405003;FXZZ202406008	A1/A2	pending_human_review
c1306d31edbf282d7cef	法律法规	cross_paper_discovery	bounded_chinese_ngram_maximal_repeat	2	2	1;3	"{""1"":1,""2"":0,""3"":1}"	权利救济	{'confidence': 0.1, 'domain': 'unrouted', 'evidence_source': 'keyword', 'evidence_span': '体系效应', 'label_origin': 'machine_inferred', 'routing_only': True, 'source_level': 'B'};{'confidence': 0.66, 'domain': '比较法', 'evidence_source': 'keyword', 'evidence_span': '国际民事管辖权', 'label_origin': 'machine_inferred', 'routing_only': True, 'source_level': 'B'}		internal_fragment	1.0	"{""2023"":1,""2025"":1}"	FXZZ202312011;FXZZ202501004	A1/A2	pending_human_review
fd1dec98709377d11d87	法律监	cross_paper_discovery	bounded_chinese_ngram_maximal_repeat	2	2	3	"{""1"":0,""2"":0,""3"":2}"		{'confidence': 0.1, 'domain': 'unrouted', 'evidence_source': 'keyword', 'evidence_span': '劳动法', 'label_origin': 'machine_inferred', 'routing_only': True, 'source_level': 'B'};{'confidence': 0.68, 'domain': '程序法', 'evidence_source': 'keyword', 'evidence_span': '检察公益诉讼谦抑性', 'label_origin': 'machine_inferred', 'routing_only': True, 'source_level': 'B'}		internal_fragment	1.333334	"{""2023"":2}"	FXZZ202303011;FXZZ202309012	A1/A2	pending_human_review
3520d65699bc40176148	法律行	cross_paper_discovery	bounded_chinese_ngram_maximal_repeat	3	3	1;2;3	"{""1"":3,""2"":4,""3"":4}"		{'confidence': 0.1, 'domain': 'unrouted', 'evidence_source': 'keyword', 'evidence_span': '情节', 'label_origin': 'machine_inferred', 'routing_only': True, 'source_level': 'B'}		internal_fragment	1.409091	"{""2024"":2,""2026"":9}"	FXZZ202403009;FXZZ202404005;FXZZ202607007	A1/A2	pending_human_review
8c678afdd774df11066a	法律规	cross_paper_discovery	bounded_chinese_ngram_maximal_repeat	14	14	1;2;3	"{""1"":8,""2"":13,""3"":7}"	制度构建;权利救济;程序审查;规范依据	{'confidence': 0.1, 'domain': 'unrouted', 'evidence_source': 'keyword', 'evidence_span': '合目的性改革', 'label_origin': 'machine_inferred', 'routing_only': True, 'source_level': 'B'};{'confidence': 0.68, 'domain': '程序法', 'evidence_source': 'keyword', 'evidence_span': '核准程序', 'label_origin': 'machine_inferred', 'routing_only': True, 'source_level': 'B'};{'confidence': 0.72, 'domain': '合同法', 'evidence_source': 'keyword', 'evidence_span': '违约方申请解除', 'label_origin': 'machine_inferred', 'routing_only': True, 'source_level': 'B'}		internal_fragment	6.416667	"{""2023"":14,""2024"":13,""2025"":1}"	FXZZ202301004;FXZZ202303011;FXZZ202305005;FXZZ202305008;FXZZ202305010;FXZZ202307005;FXZZ202401002;FXZZ202404005;FXZZ202405005;FXZZ202405013;FXZZ202406004;FXZZ202407004;FXZZ202412007;FXZZ202501004	A1/A2	pending_human_review
2b62cfcaac73a3f36b20	法律规定	cross_paper_discovery	bounded_chinese_ngram_maximal_repeat	3	3	1;2	"{""1"":1,""2"":3,""3"":0}"		{'confidence': 0.1, 'domain': 'unrouted', 'evidence_source': 'keyword', 'evidence_span': '劳动法', 'label_origin': 'machine_inferred', 'routing_only': True, 'source_level': 'B'};{'confidence': 0.68, 'domain': '程序法', 'evidence_source': 'keyword', 'evidence_span': '核准程序', 'label_origin': 'machine_inferred', 'routing_only': True, 'source_level': 'B'};{'confidence': 0.72, 'domain': '合同法', 'evidence_source': 'keyword', 'evidence_span': '违约方申请解除', 'label_origin': 'machine_inferred', 'routing_only': True, 'source_level': 'B'}		internal_fragment	1.5	"{""2023"":4}"	FXZZ202303011;FXZZ202305008;FXZZ202307005	A1/A2	pending_human_review
ba26c08212c40ed84ab9	法律规范	cross_paper_discovery	bounded_chinese_ngram_maximal_repeat	10	10	2;3	"{""1"":0,""2"":7,""3"":6}"	制度构建;程序审查;规范依据	{'confidence': 0.1, 'domain': 'unrouted', 'evidence_source': 'keyword', 'evidence_span': '合目的性改革', 'label_origin': 'machine_inferred', 'routing_only': True, 'source_level': 'B'};{'confidence': 0.68, 'domain': '程序法', 'evidence_source': 'keyword', 'evidence_span': '特别程序', 'label_origin': 'machine_inferred', 'routing_only': True, 'source_level': 'B'}		internal_fragment	3.846154	"{""2023"":3,""2024"":9,""2025"":1}"	FXZZ202301004;FXZZ202305005;FXZZ202305010;FXZZ202401002;FXZZ202405005;FXZZ202405013;FXZZ202406004;FXZZ202407004;FXZZ202412007;FXZZ202501004	A1/A2	pending_human_review
b2295c8257a689c731f3	法律规范体系	cross_paper_discovery	bounded_chinese_ngram_maximal_repeat	2	2	2;3	"{""1"":0,""2"":1,""3"":1}"	制度构建;规范依据	{'confidence': 0.1, 'domain': 'unrouted', 'evidence_source': 'keyword', 'evidence_span': '数字正义', 'label_origin': 'machine_inferred', 'routing_only': True, 'source_level': 'B'}		generic_container;internal_fragment;low_wordhood_score	0.583333	"{""2024"":1,""2025"":1}"	FXZZ202401002;FXZZ202501004	A1/A2	pending_human_review
7266ca9fe2890db5500b	法律解释	cross_paper_discovery	bounded_chinese_ngram_maximal_repeat	3	3	2;3	"{""1"":0,""2"":6,""3"":1}"	制度构建;程序审查	{'confidence': 0.1, 'domain': 'unrouted', 'evidence_source': 'keyword', 'evidence_span': '法律方法', 'label_origin': 'machine_inferred', 'routing_only': True, 'source_level': 'B'};{'confidence': 0.68, 'domain': '程序法', 'evidence_source': 'keyword', 'evidence_span': '裁判要点', 'label_origin': 'machine_inferred', 'routing_only': True, 'source_level': 'B'}		internal_fragment	1.178571	"{""2023"":4,""2024"":3}"	FXZZ202302002;FXZZ202302004;FXZZ202405003	A1/A2	pending_human_review
5ce19aadb77595c86d75	法律责	cross_paper_discovery	bounded_chinese_ngram_maximal_repeat	4	4	2;3	"{""1"":0,""2"":2,""3"":5}"		{'confidence': 0.1, 'domain': 'unrouted', 'evidence_source': 'keyword', 'evidence_span': '集体行动困境', 'label_origin': 'machine_inferred', 'routing_only': True, 'source_level': 'B'};{'confidence': 0.68, 'domain': '程序法', 'evidence_source': 'keyword', 'evidence_span': '检察公益诉讼谦抑性', 'label_origin': 'machine_inferred', 'routing_only': True, 'source_level': 'B'}		internal_fragment	1.904761	"{""2023"":4,""2024"":3}"	FXZZ202309012;FXZZ202310005;FXZZ202403003;FXZZ202412008	A1/A2	pending_human_review
540e501e1302633633c8	法律责任	legal_term	config_legal_term_longest_match	4	4	2;3	"{""1"":0,""2"":2,""3"":5}"		{'confidence': 0.1, 'domain': 'unrouted', 'evidence_source': 'keyword', 'evidence_span': '集体行动困境', 'label_origin': 'machine_inferred', 'routing_only': True, 'source_level': 'B'};{'confidence': 0.68, 'domain': '程序法', 'evidence_source': 'keyword', 'evidence_span': '检察公益诉讼谦抑性', 'label_origin': 'machine_inferred', 'routing_only': True, 'source_level': 'B'}				"{""2023"":4,""2024"":3}"	FXZZ202309012;FXZZ202310005;FXZZ202403003;FXZZ202412008	A1/A2	pending_human_review
50705e81180688b5a09e	法律适	cross_paper_discovery	bounded_chinese_ngram_maximal_repeat	9	9	1;2;3	"{""1"":2,""2"":15,""3"":2}"	权利救济;案例适用;比较法;程序审查	{'confidence': 0.1, 'domain': 'unrouted', 'evidence_source': 'keyword', 'evidence_span': '共同行为', 'label_origin': 'machine_inferred', 'routing_only': True, 'source_level': 'B'};{'confidence': 0.66, 'domain': '比较法', 'evidence_source': 'keyword', 'evidence_span': '域外适用', 'label_origin': 'machine_inferred', 'routing_only': True, 'source_level': 'B'};{'confidence': 0.68, 'domain': '程序法', 'evidence_source': 'keyword', 'evidence_span': '特别程序', 'label_origin': 'machine_inferred', 'routing_only': True, 'source_level': 'B'}		internal_fragment	3.789474	"{""2023"":6,""2024"":13}"	FXZZ202302011;FXZZ202307008;FXZZ202308013;FXZZ202309005;FXZZ202401012;FXZZ202405011;FXZZ202406003;FXZZ202406004;FXZZ202406008	A1/A2	pending_human_review
2b847b056ec80580c0e5	法律适用	legal_term	config_legal_term_longest_match	9	9	1;2;3	"{""1"":2,""2"":15,""3"":2}"	权利救济;案例适用;比较法;程序审查	{'confidence': 0.1, 'domain': 'unrouted', 'evidence_source': 'keyword', 'evidence_span': '共同行为', 'label_origin': 'machine_inferred', 'routing_only': True, 'source_level': 'B'};{'confidence': 0.66, 'domain': '比较法', 'evidence_source': 'keyword', 'evidence_span': '域外适用', 'label_origin': 'machine_inferred', 'routing_only': True, 'source_level': 'B'};{'confidence': 0.68, 'domain': '程序法', 'evidence_source': 'keyword', 'evidence_span': '特别程序', 'label_origin': 'machine_inferred', 'routing_only': True, 'source_level': 'B'}				"{""2023"":6,""2024"":13}"	FXZZ202302011;FXZZ202307008;FXZZ202308013;FXZZ202309005;FXZZ202401012;FXZZ202405011;FXZZ202406003;FXZZ202406004;FXZZ202406008	A1/A2	pending_human_review
fc0348e936e77923207e	法律适用	legal_pattern	config_legal_pattern	4	4	2;3	"{""1"":0,""2"":6,""3"":2}"	比较法	{'confidence': 0.1, 'domain': 'unrouted', 'evidence_source': 'keyword', 'evidence_span': '污染环境罪', 'label_origin': 'machine_inferred', 'routing_only': True, 'source_level': 'B'};{'confidence': 0.66, 'domain': '比较法', 'evidence_source': 'keyword', 'evidence_span': '域外适用', 'label_origin': 'machine_inferred', 'routing_only': True, 'source_level': 'B'};{'confidence': 0.68, 'domain': '程序法', 'evidence_source': 'keyword', 'evidence_span': '特别程序', 'label_origin': 'machine_inferred', 'routing_only': True, 'source_level': 'B'}				"{""2023"":1,""2024"":7}"	FXZZ202309005;FXZZ202401012;FXZZ202406004;FXZZ202406008	A1/A2	pending_human_review
72ce0ab89cb0d91fa7b0	法律问题	cross_paper_discovery	bounded_chinese_ngram_maximal_repeat	3	3	2;3	"{""1"":0,""2"":3,""3"":1}"	权利救济	{'confidence': 0.1, 'domain': 'unrouted', 'evidence_source': 'keyword', 'evidence_span': '实质真实发现', 'label_origin': 'machine_inferred', 'routing_only': True, 'source_level': 'B'}			1.40625	"{""2023"":1,""2024"":3}"	FXZZ202312009;FXZZ202404003;FXZZ202405011	A1/A2	pending_human_review
707dbfb116e02d272f65	法律领域	cross_paper_discovery	bounded_chinese_ngram_maximal_repeat	2	2	2	"{""1"":0,""2"":2,""3"":0}"	规范依据	{'confidence': 0.1, 'domain': 'unrouted', 'evidence_source': 'keyword', 'evidence_span': '法律运作', 'label_origin': 'machine_inferred', 'routing_only': True, 'source_level': 'B'};{'confidence': 0.68, 'domain': '程序法', 'evidence_source': 'keyword', 'evidence_span': '诉讼要件', 'label_origin': 'machine_inferred', 'routing_only': True, 'source_level': 'B'}			1.0	"{""2023"":1,""2024"":1}"	FXZZ202301002;FXZZ202401010	A1/A2	pending_human_review
184f6f65a9dc9b71e6c4	法性判断	cross_paper_discovery	bounded_chinese_ngram_maximal_repeat	4	4	1;2;3	"{""1"":5,""2"":9,""3"":2}"	程序审查	{'confidence': 0.1, 'domain': 'unrouted', 'evidence_source': 'keyword', 'evidence_span': '合目的性改革', 'label_origin': 'machine_inferred', 'routing_only': True, 'source_level': 'B'}		internal_fragment	1.25	"{""2023"":2,""2024"":14}"	FXZZ202301004;FXZZ202304004;FXZZ202407005;FXZZ202407006	A1/A2	pending_human_review
758cce92fb04b4723282	法性认	cross_paper_discovery	bounded_chinese_ngram_maximal_repeat	2	2	1;2	"{""1"":1,""2"":3,""3"":0}"		{'confidence': 0.1, 'domain': 'unrouted', 'evidence_source': 'keyword', 'evidence_span': '企业合规', 'label_origin': 'machine_inferred', 'routing_only': True, 'source_level': 'B'}		internal_fragment	0.888889	"{""2023"":1,""2024"":3}"	FXZZ202307010;FXZZ202412007	A1/A2	pending_human_review
7765a72febd97574240f	法技术	cross_paper_discovery	bounded_chinese_ngram_maximal_repeat	7	7	1;2;3	"{""1"":2,""2"":3,""3"":3}"		{'confidence': 0.1, 'domain': 'unrouted', 'evidence_source': 'keyword', 'evidence_span': '立法技术', 'label_origin': 'machine_inferred', 'routing_only': True, 'source_level': 'B'};{'confidence': 0.68, 'domain': '程序法', 'evidence_source': 'keyword', 'evidence_span': '公益诉讼', 'label_origin': 'machine_inferred', 'routing_only': True, 'source_level': 'B'};{'confidence': 0.72, 'domain': '合同法', 'evidence_source': 'keyword', 'evidence_span': '行政代履行', 'label_origin': 'machine_inferred', 'routing_only': True, 'source_level': 'B'}		internal_fragment	3.5	"{""2023"":5,""2024"":3}"	FXZZ202301006;FXZZ202301007;FXZZ202302006;FXZZ202311005;FXZZ202311007;FXZZ202406013;FXZZ202407010	A1/A2	pending_human_review
d87a517c569ea7ddabc7	法政策	cross_paper_discovery	bounded_chinese_ngram_maximal_repeat	2	2	1;3	"{""1"":1,""2"":0,""3"":1}"		{'confidence': 0.1, 'domain': 'unrouted', 'evidence_source': 'keyword', 'evidence_span': '受害人故意', 'label_origin': 'machine_inferred', 'routing_only': True, 'source_level': 'B'};{'confidence': 0.68, 'domain': '侵权责任', 'evidence_source': 'keyword', 'evidence_span': '无权代理人责任', 'label_origin': 'machine_inferred', 'routing_only': True, 'source_level': 'B'}		internal_fragment	1.333334	"{""2023"":1,""2024"":1}"	FXZZ202301010;FXZZ202403012	A1/A2	pending_human_review
d5321376cdbb3e693e97	法效能	cross_paper_discovery	bounded_chinese_ngram_maximal_repeat	2	2	1;3	"{""1"":1,""2"":0,""3"":1}"	规范依据	{'confidence': 0.1, 'domain': 'unrouted', 'evidence_source': 'keyword', 'evidence_span': '体系效应', 'label_origin': 'machine_inferred', 'routing_only': True, 'source_level': 'B'};{'confidence': 0.66, 'domain': '比较法', 'evidence_source': 'keyword', 'evidence_span': '国际民事管辖权', 'label_origin': 'machine_inferred', 'routing_only': True, 'source_level': 'B'}		internal_fragment	1.333334	"{""2023"":1,""2024"":1}"	FXZZ202312011;FXZZ202406011	A1/A2	pending_human_review
dd36782a6a2e750d99b0	法教义学	cross_paper_discovery	bounded_chinese_ngram_maximal_repeat	4	4	1;2;3	"{""1"":2,""2"":9,""3"":3}"	规范依据	{'confidence': 0.1, 'domain': 'unrouted', 'evidence_source': 'keyword', 'evidence_span': '立法技术', 'label_origin': 'machine_inferred', 'routing_only': True, 'source_level': 'B'};{'confidence': 0.68, 'domain': '程序法', 'evidence_source': 'keyword', 'evidence_span': '义务性程序兜底条款', 'label_origin': 'machine_inferred', 'routing_only': True, 'source_level': 'B'}		internal_fragment	1.5	"{""2023"":1,""2024"":13}"	FXZZ202301006;FXZZ202403012;FXZZ202405004;FXZZ202405007	A1/A2	pending_human_review
81654e3d1d29e36c06f7	法文化	cross_paper_discovery	bounded_chinese_ngram_maximal_repeat	2	2	2	"{""1"":0,""2"":3,""3"":0}"	制度构建	{'confidence': 0.1, 'domain': 'unrouted', 'evidence_source': 'keyword', 'evidence_span': '税收公平', 'label_origin': 'machine_inferred', 'routing_only': True, 'source_level': 'B'}		internal_fragment	1.222223	"{""2023"":3}"	FXZZ202305012;FXZZ202311005	A1/A2	pending_human_review
e6bb77292a2376d83647	法机关	cross_paper_discovery	bounded_chinese_ngram_maximal_repeat	5	5	1;2;3	"{""1"":1,""2"":1,""3"":4}"	程序审查	{'confidence': 0.1, 'domain': 'unrouted', 'evidence_source': 'keyword', 'evidence_span': '立法法', 'label_origin': 'machine_inferred', 'routing_only': True, 'source_level': 'B'}		internal_fragment	2.638889	"{""2023"":2,""2024"":4}"	FXZZ202307004;FXZZ202308005;FXZZ202401005;FXZZ202407007;FXZZ202412005	A1/A2	pending_human_review
4280fcca6fedef06c06c	法权威	cross_paper_discovery	bounded_chinese_ngram_maximal_repeat	2	2	2	"{""1"":0,""2"":2,""3"":0}"	权利救济	{'confidence': 0.1, 'domain': 'unrouted', 'evidence_source': 'keyword', 'evidence_span': '立法技术', 'label_origin': 'machine_inferred', 'routing_only': True, 'source_level': 'B'}		internal_fragment	1.333334	"{""2023"":2}"	FXZZ202311004;FXZZ202311005	A1/A2	pending_human_review
56615c97151291ebd967	法条竞合关系	cross_paper_discovery	bounded_chinese_ngram_maximal_repeat	2	2	2;3	"{""1"":0,""2"":2,""3"":1}"	规范依据	{'confidence': 0.1, 'domain': 'unrouted', 'evidence_source': 'keyword', 'evidence_span': '从宽处罚', 'label_origin': 'machine_inferred', 'routing_only': True, 'source_level': 'B'}		internal_fragment;low_wordhood_score	0.666666	"{""2023"":1,""2024"":2}"	FXZZ202305006;FXZZ202406007	A1/A2	pending_human_review
b7bb980731572987562a	法构造	cross_paper_discovery	bounded_chinese_ngram_maximal_repeat	2	2	1;2	"{""1"":1,""2"":3,""3"":0}"	程序审查	{'confidence': 0.1, 'domain': 'unrouted', 'evidence_source': 'keyword', 'evidence_span': '集体行动困境', 'label_origin': 'machine_inferred', 'routing_only': True, 'source_level': 'B'};{'confidence': 0.68, 'domain': '程序法', 'evidence_source': 'keyword', 'evidence_span': '检察公益诉讼谦抑性', 'label_origin': 'machine_inferred', 'routing_only': True, 'source_level': 'B'}		internal_fragment	1.166667	"{""2023"":4}"	FXZZ202309012;FXZZ202311006	A1/A2	pending_human_review
ddb2872e9527056bd828	法模式	cross_paper_discovery	bounded_chinese_ngram_maximal_repeat	12	12	1;2;3	"{""1"":5,""2"":12,""3"":3}"	制度构建;比较法;证据证明	{'confidence': 0.1, 'domain': 'unrouted', 'evidence_source': 'keyword', 'evidence_span': '一体化处罚观', 'label_origin': 'machine_inferred', 'routing_only': True, 'source_level': 'B'};{'confidence': 0.68, 'domain': '程序法', 'evidence_source': 'keyword', 'evidence_span': '检察公益诉讼谦抑性', 'label_origin': 'machine_inferred', 'routing_only': True, 'source_level': 'B'}		generic_container;internal_fragment	5.1	"{""2023"":18,""2024"":1,""2025"":1}"	FXZZ202302010;FXZZ202303007;FXZZ202304004;FXZZ202309012;FXZZ202310009;FXZZ202310010;FXZZ202311007;FXZZ202312002;FXZZ202312008;FXZZ202312010;FXZZ202403003;FXZZ202501001	A1/A2	pending_human_review
e75f778c308f7e6148d8	法治中国	cross_paper_discovery	bounded_chinese_ngram_maximal_repeat	2	2	1;2	"{""1"":1,""2"":1,""3"":0}"		{'confidence': 0.1, 'domain': 'unrouted', 'evidence_source': 'keyword', 'evidence_span': '重大创新', 'label_origin': 'machine_inferred', 'routing_only': True, 'source_level': 'B'}		internal_fragment	1.0	"{""2023"":1,""2024"":1}"	FXZZ202306001;FXZZ202401002	A1/A2	pending_human_review
f20bdad661ad5ac79f91	法治体系	cross_paper_discovery	bounded_chinese_ngram_maximal_repeat	5	5	1;2	"{""1"":4,""2"":2,""3"":0}"	制度构建	{'confidence': 0.1, 'domain': 'unrouted', 'evidence_source': 'keyword', 'evidence_span': '重大创新', 'label_origin': 'machine_inferred', 'routing_only': True, 'source_level': 'B'}		generic_container;internal_fragment	2.083333	"{""2023"":4,""2024"":2}"	FXZZ202306001;FXZZ202307007;FXZZ202311002;FXZZ202401002;FXZZ202405002	A1/A2	pending_human_review
bae76c74d11899213291	法治保障	cross_paper_discovery	bounded_chinese_ngram_maximal_repeat	3	3	1;2;3	"{""1"":2,""2"":1,""3"":1}"		{'confidence': 0.1, 'domain': 'unrouted', 'evidence_source': 'keyword', 'evidence_span': '数字正义', 'label_origin': 'machine_inferred', 'routing_only': True, 'source_level': 'B'}		internal_fragment	1.125	"{""2024"":2,""2025"":2}"	FXZZ202401002;FXZZ202405002;FXZZ202501004	A1/A2	pending_human_review
1cb9d2b14e27d750c266	法治保障体系	cross_paper_discovery	bounded_chinese_ngram_maximal_repeat	2	2	2;3	"{""1"":0,""2"":1,""3"":1}"		{'confidence': 0.1, 'domain': 'unrouted', 'evidence_source': 'keyword', 'evidence_span': '数字正义', 'label_origin': 'machine_inferred', 'routing_only': True, 'source_level': 'B'}		generic_container;internal_fragment;low_wordhood_score	0.499999	"{""2024"":2}"	FXZZ202401002;FXZZ202405002	A1/A2	pending_human_review
b1ab844fce745d69d339	法治化	cross_paper_discovery	bounded_chinese_ngram_maximal_repeat	5	5	1;2;3	"{""1"":1,""2"":2,""3"":2}"	规范依据	{'confidence': 0.1, 'domain': 'unrouted', 'evidence_source': 'keyword', 'evidence_span': '合目的性改革', 'label_origin': 'machine_inferred', 'routing_only': True, 'source_level': 'B'}		internal_fragment	3.000001	"{""2023"":4,""2025"":1}"	FXZZ202301004;FXZZ202301007;FXZZ202306001;FXZZ202307007;FXZZ202501004	A1/A2	pending_human_review
7599204b673adcc80ad1	法治化轨道	cross_paper_discovery	bounded_chinese_ngram_maximal_repeat	2	2	2	"{""1"":0,""2"":2,""3"":0}"	规范依据	{'confidence': 0.1, 'domain': 'unrouted', 'evidence_source': 'keyword', 'evidence_span': '合目的性改革', 'label_origin': 'machine_inferred', 'routing_only': True, 'source_level': 'B'}		internal_fragment	0.8	"{""2023"":1,""2025"":1}"	FXZZ202301004;FXZZ202501004	A1/A2	pending_human_review
9e9d02933122318afc51	法治国	cross_paper_discovery	bounded_chinese_ngram_maximal_repeat	5	5	1;2	"{""1"":2,""2"":4,""3"":0}"	程序审查	{'confidence': 0.1, 'domain': 'unrouted', 'evidence_source': 'keyword', 'evidence_span': '全面依法治国', 'label_origin': 'machine_inferred', 'routing_only': True, 'source_level': 'B'};{'confidence': 0.68, 'domain': '程序法', 'evidence_source': 'keyword', 'evidence_span': '主观程序正义', 'label_origin': 'machine_inferred', 'routing_only': True, 'source_level': 'B'}		internal_fragment	2.361112	"{""2023"":4,""2024"":1,""2026"":1}"	FXZZ202301001;FXZZ202303001;FXZZ202306001;FXZZ202401002;FXZZ202607001	A1/A2	pending_human_review
d4db437ec96ff9d22946	法治实	cross_paper_discovery	bounded_chinese_ngram_maximal_repeat	3	3	2;3	"{""1"":0,""2"":3,""3"":1}"		{'confidence': 0.1, 'domain': 'unrouted', 'evidence_source': 'keyword', 'evidence_span': '全面依法治国', 'label_origin': 'machine_inferred', 'routing_only': True, 'source_level': 'B'};{'confidence': 0.68, 'domain': '程序法', 'evidence_source': 'keyword', 'evidence_span': '主观程序正义', 'label_origin': 'machine_inferred', 'routing_only': True, 'source_level': 'B'}		internal_fragment	1.625	"{""2023"":1,""2024"":3}"	FXZZ202301001;FXZZ202401002;FXZZ202405002	A1/A2	pending_human_review
82031d9f7ba87b1bb8ea	法治实施体系	cross_paper_discovery	bounded_chinese_ngram_maximal_repeat	2	2	2;3	"{""1"":0,""2"":1,""3"":1}"		{'confidence': 0.1, 'domain': 'unrouted', 'evidence_source': 'keyword', 'evidence_span': '数字正义', 'label_origin': 'machine_inferred', 'routing_only': True, 'source_level': 'B'}		generic_container;internal_fragment;low_wordhood_score	0.499999	"{""2024"":2}"	FXZZ202401002;FXZZ202405002	A1/A2	pending_human_review
c2857779b09457fc069e	法治实践	cross_paper_discovery	bounded_chinese_ngram_maximal_repeat	2	2	2	"{""1"":0,""2"":2,""3"":0}"		{'confidence': 0.1, 'domain': 'unrouted', 'evidence_source': 'keyword', 'evidence_span': '全面依法治国', 'label_origin': 'machine_inferred', 'routing_only': True, 'source_level': 'B'};{'confidence': 0.68, 'domain': '程序法', 'evidence_source': 'keyword', 'evidence_span': '主观程序正义', 'label_origin': 'machine_inferred', 'routing_only': True, 'source_level': 'B'}		internal_fragment	1.0	"{""2023"":1,""2024"":1}"	FXZZ202301001;FXZZ202401002	A1/A2	pending_human_review
9e0dd1b8b0e1cf624a9d	法治文化	cross_paper_discovery	bounded_chinese_ngram_maximal_repeat	2	2	1	"{""1"":2,""2"":0,""3"":0}"	制度构建	{'confidence': 0.1, 'domain': 'unrouted', 'evidence_source': 'keyword', 'evidence_span': '依宪执政', 'label_origin': 'machine_inferred', 'routing_only': True, 'source_level': 'B'}		internal_fragment	1.0	"{""2023"":1,""2024"":1}"	FXZZ202303001;FXZZ202401002	A1/A2	pending_human_review
26500a0b831c172aed57	法治现代化建设	cross_paper_discovery	bounded_chinese_ngram_maximal_repeat	2	2	2	"{""1"":0,""2"":2,""3"":0}"		{'confidence': 0.1, 'domain': 'unrouted', 'evidence_source': 'keyword', 'evidence_span': '系统司法观', 'label_origin': 'machine_inferred', 'routing_only': True, 'source_level': 'B'}		internal_fragment;low_wordhood_score	0.571428	"{""2023"":1,""2024"":1}"	FXZZ202308002;FXZZ202401002	A1/A2	pending_human_review
a1a8e984a98563458f83	法治理	cross_paper_discovery	bounded_chinese_ngram_maximal_repeat	5	5	1;2	"{""1"":4,""2"":13,""3"":0}"	权利救济;比较法;规范依据	{'confidence': 0.1, 'domain': 'unrouted', 'evidence_source': 'keyword', 'evidence_span': '基层法院', 'label_origin': 'machine_inferred', 'routing_only': True, 'source_level': 'B'}		internal_fragment	2.083334	"{""2023"":7,""2024"":8,""2026"":2}"	FXZZ202312002;FXZZ202401002;FXZZ202405002;FXZZ202412008;FXZZ202607001	A1/A2	pending_human_review
112e3a785c882bb03e2b	法治理论	cross_paper_discovery	bounded_chinese_ngram_maximal_repeat	3	3	1;2	"{""1"":3,""2"":5,""3"":0}"		{'confidence': 0.1, 'domain': 'unrouted', 'evidence_source': 'keyword', 'evidence_span': '数字正义', 'label_origin': 'machine_inferred', 'routing_only': True, 'source_level': 'B'}		internal_fragment	1.041667	"{""2024"":6,""2026"":2}"	FXZZ202401002;FXZZ202405002;FXZZ202607001	A1/A2	pending_human_review
5e87c02858e2a3d557fd	法治监督体系	cross_paper_discovery	bounded_chinese_ngram_maximal_repeat	2	2	2;3	"{""1"":0,""2"":1,""3"":1}"		{'confidence': 0.1, 'domain': 'unrouted', 'evidence_source': 'keyword', 'evidence_span': '数字正义', 'label_origin': 'machine_inferred', 'routing_only': True, 'source_level': 'B'}		generic_container;internal_fragment;low_wordhood_score	0.499999	"{""2024"":2}"	FXZZ202401002;FXZZ202405002	A1/A2	pending_human_review
e7629380dfd084657e7f	法治话语	cross_paper_discovery	bounded_chinese_ngram_maximal_repeat	2	2	1;2	"{""1"":1,""2"":2,""3"":0}"		{'confidence': 0.1, 'domain': 'unrouted', 'evidence_source': 'keyword', 'evidence_span': '系统司法观', 'label_origin': 'machine_inferred', 'routing_only': True, 'source_level': 'B'};{'confidence': 0.66, 'domain': '比较法', 'evidence_source': 'keyword', 'evidence_span': '国际民事管辖权', 'label_origin': 'machine_inferred', 'routing_only': True, 'source_level': 'B'}		internal_fragment	0.916667	"{""2023"":3}"	FXZZ202308002;FXZZ202312011	A1/A2	pending_human_review
155103622e16c624ddd7	法治轨道	cross_paper_discovery	bounded_chinese_ngram_maximal_repeat	2	2	1;2	"{""1"":1,""2"":1,""3"":0}"		{'confidence': 0.1, 'domain': 'unrouted', 'evidence_source': 'keyword', 'evidence_span': '重大创新', 'label_origin': 'machine_inferred', 'routing_only': True, 'source_level': 'B'}		internal_fragment;low_wordhood_score	0.75	"{""2023"":2}"	FXZZ202306001;FXZZ202308002	A1/A2	pending_human_review
154eea79e339008ed6c3	法治风险	cross_paper_discovery	bounded_chinese_ngram_maximal_repeat	3	3	1;2	"{""1"":3,""2"":1,""3"":0}"		{'confidence': 0.1, 'domain': 'unrouted', 'evidence_source': 'keyword', 'evidence_span': '整全性', 'label_origin': 'machine_inferred', 'routing_only': True, 'source_level': 'B'}		internal_fragment	1.03125	"{""2023"":2,""2024"":2}"	FXZZ202309004;FXZZ202407007;FXZZ202412005	A1/A2	pending_human_review
c5a0a94b95269c46f9d3	法法典化	cross_paper_discovery	bounded_chinese_ngram_maximal_repeat	2	2	2	"{""1"":0,""2"":3,""3"":0}"	规范依据	{'confidence': 0.1, 'domain': 'unrouted', 'evidence_source': 'keyword', 'evidence_span': '社会自治', 'label_origin': 'machine_inferred', 'routing_only': True, 'source_level': 'B'}		internal_fragment	0.916667	"{""2023"":3}"	FXZZ202307013;FXZZ202311005	A1/A2	pending_human_review
1f767041e149fa942228	法理反思	cross_paper_discovery	bounded_chinese_ngram_maximal_repeat	2	2	1	"{""1"":2,""2"":0,""3"":0}"	制度构建	{'confidence': 0.1, 'domain': 'unrouted', 'evidence_source': 'keyword', 'evidence_span': '养老金给付', 'label_origin': 'machine_inferred', 'routing_only': True, 'source_level': 'B'}			1.0	"{""2024"":2}"	FXZZ202405013;FXZZ202412011	A1/A2	pending_human_review
ef4a79aa785a8536ed97	法理基础	cross_paper_discovery	bounded_chinese_ngram_maximal_repeat	8	8	1;2;3	"{""1"":5,""2"":4,""3"":1}"	规范依据	{'confidence': 0.1, 'domain': 'unrouted', 'evidence_source': 'keyword', 'evidence_span': '罪量要素', 'label_origin': 'machine_inferred', 'routing_only': True, 'source_level': 'B'};{'confidence': 0.66, 'domain': '比较法', 'evidence_source': 'keyword', 'evidence_span': '国际高标准经贸规则', 'label_origin': 'machine_inferred', 'routing_only': True, 'source_level': 'B'};{'confidence': 0.68, 'domain': '程序法', 'evidence_source': 'keyword', 'evidence_span': '审查认证规则', 'label_origin': 'machine_inferred', 'routing_only': True, 'source_level': 'B'}			2.6	"{""2023"":8,""2024"":2}"	FXZZ202304004;FXZZ202305007;FXZZ202306004;FXZZ202307008;FXZZ202309005;FXZZ202309010;FXZZ202406012;FXZZ202412008	A1/A2	pending_human_review
5b781d9de611f1fb20d7	法理念	cross_paper_discovery	bounded_chinese_ngram_maximal_repeat	5	5	2;3	"{""1"":0,""2"":2,""3"":3}"	程序审查	{'confidence': 0.1, 'domain': 'unrouted', 'evidence_source': 'keyword', 'evidence_span': '刑法保障', 'label_origin': 'machine_inferred', 'routing_only': True, 'source_level': 'B'};{'confidence': 0.68, 'domain': '程序法', 'evidence_source': 'keyword', 'evidence_span': '保证债务诉讼时效', 'label_origin': 'machine_inferred', 'routing_only': True, 'source_level': 'B'}		internal_fragment	3.000001	"{""2023"":3,""2024"":2}"	FXZZ202301007;FXZZ202308013;FXZZ202311005;FXZZ202401008;FXZZ202406006	A1/A2	pending_human_review
acc130ef484438c65c05	法理论	cross_paper_discovery	bounded_chinese_ngram_maximal_repeat	2	2	1;2	"{""1"":1,""2"":1,""3"":0}"		{'confidence': 0.1, 'domain': 'unrouted', 'evidence_source': 'keyword', 'evidence_span': '依宪执政', 'label_origin': 'machine_inferred', 'routing_only': True, 'source_level': 'B'}		internal_fragment	1.222223	"{""2023"":1,""2024"":1}"	FXZZ202303001;FXZZ202412005	A1/A2	pending_human_review
2c4fea76b3a5a8927145	法的主	cross_paper_discovery	bounded_chinese_ngram_maximal_repeat	2	2	2;3	"{""1"":0,""2"":1,""3"":1}"		{'confidence': 0.1, 'domain': 'unrouted', 'evidence_source': 'keyword', 'evidence_span': '结构功能主义', 'label_origin': 'machine_inferred', 'routing_only': True, 'source_level': 'B'}		internal_fragment	1.333334	"{""2024"":2}"	FXZZ202403012;FXZZ202407005	A1/A2	pending_human_review
6439dd99a856dfde93a0	法的功能	cross_paper_discovery	bounded_chinese_ngram_maximal_repeat	3	3	2;3	"{""1"":0,""2"":3,""3"":1}"		{'confidence': 0.1, 'domain': 'unrouted', 'evidence_source': 'keyword', 'evidence_span': '适度干预', 'label_origin': 'machine_inferred', 'routing_only': True, 'source_level': 'B'}		internal_fragment	1.5	"{""2023"":3,""2024"":1}"	FXZZ202301012;FXZZ202304011;FXZZ202405011	A1/A2	pending_human_review
54b94aafd0e58515e821	法的协	cross_paper_discovery	bounded_chinese_ngram_maximal_repeat	2	2	2;3	"{""1"":0,""2"":1,""3"":1}"		{'confidence': 0.1, 'domain': 'unrouted', 'evidence_source': 'keyword', 'evidence_span': '刑法保障', 'label_origin': 'machine_inferred', 'routing_only': True, 'source_level': 'B'}		internal_fragment	1.333334	"{""2023"":2}"	FXZZ202301007;FXZZ202311013	A1/A2	pending_human_review
0ec9e2929a6345b86a62	法的可	cross_paper_discovery	bounded_chinese_ngram_maximal_repeat	2	2	1;2	"{""1"":1,""2"":1,""3"":0}"		{'confidence': 0.1, 'domain': 'unrouted', 'evidence_source': 'keyword', 'evidence_span': '一体化处罚观', 'label_origin': 'machine_inferred', 'routing_only': True, 'source_level': 'B'}		internal_fragment	1.333334	"{""2023"":2}"	FXZZ202302010;FXZZ202309011	A1/A2	pending_human_review
3fcb8421ca3be3c5b934	法的地	cross_paper_discovery	bounded_chinese_ngram_maximal_repeat	2	2	2;3	"{""1"":0,""2"":1,""3"":1}"		{'confidence': 0.1, 'domain': 'unrouted', 'evidence_source': 'keyword', 'evidence_span': '合法利益', 'label_origin': 'machine_inferred', 'routing_only': True, 'source_level': 'B'};{'confidence': 0.66, 'domain': '比较法', 'evidence_source': 'keyword', 'evidence_span': '域外适用', 'label_origin': 'machine_inferred', 'routing_only': True, 'source_level': 'B'}		internal_fragment	1.333334	"{""2024"":2}"	FXZZ202401012;FXZZ202405011	A1/A2	pending_human_review
9469d366b2bf36f4bcdf	法的安	cross_paper_discovery	bounded_chinese_ngram_maximal_repeat	2	2	2	"{""1"":0,""2"":4,""3"":0}"	程序审查	{'confidence': 0.1, 'domain': 'unrouted', 'evidence_source': 'keyword', 'evidence_span': '行政管理体制', 'label_origin': 'machine_inferred', 'routing_only': True, 'source_level': 'B'}		internal_fragment	1.166667	"{""2023"":3,""2024"":1}"	FXZZ202310003;FXZZ202406006	A1/A2	pending_human_review
3667dee02c3163b7053e	法的完善	cross_paper_discovery	bounded_chinese_ngram_maximal_repeat	3	3	1;2	"{""1"":1,""2"":3,""3"":0}"	程序审查	{'confidence': 0.1, 'domain': 'unrouted', 'evidence_source': 'keyword', 'evidence_span': '法律方法', 'label_origin': 'machine_inferred', 'routing_only': True, 'source_level': 'B'};{'confidence': 0.66, 'domain': '规范理论', 'evidence_source': 'keyword', 'evidence_span': '规范保护目的', 'label_origin': 'machine_inferred', 'routing_only': True, 'source_level': 'B'};{'confidence': 0.68, 'domain': '侵权责任', 'evidence_source': 'keyword', 'evidence_span': '损害赔偿', 'label_origin': 'machine_inferred', 'routing_only': True, 'source_level': 'B'};{'confidence': 0.68, 'domain': '程序法', 'evidence_source': 'keyword', 'evidence_span': '裁判要点', 'label_origin': 'machine_inferred', 'routing_only': True, 'source_level': 'B'}		internal_fragment	1.40625	"{""2023"":4}"	FXZZ202302002;FXZZ202302013;FXZZ202308006	A1/A2	pending_human_review
b973c9009e37310600bc	法的本	cross_paper_discovery	bounded_chinese_ngram_maximal_repeat	2	2	2	"{""1"":0,""2"":2,""3"":0}"		{'confidence': 0.1, 'domain': 'unrouted', 'evidence_source': 'keyword', 'evidence_span': '一体化处罚观', 'label_origin': 'machine_inferred', 'routing_only': True, 'source_level': 'B'};{'confidence': 0.72, 'domain': '合同法', 'evidence_source': 'keyword', 'evidence_span': '违约金调整', 'label_origin': 'machine_inferred', 'routing_only': True, 'source_level': 'B'}		internal_fragment	1.333334	"{""2023"":1,""2026"":1}"	FXZZ202302010;FXZZ202607006	A1/A2	pending_human_review
cff250bedb38c3a8c4af	法的权	cross_paper_discovery	bounded_chinese_ngram_maximal_repeat	2	2	2;3	"{""1"":0,""2"":1,""3"":1}"		{'confidence': 0.1, 'domain': 'unrouted', 'evidence_source': 'keyword', 'evidence_span': '合目的性改革', 'label_origin': 'machine_inferred', 'routing_only': True, 'source_level': 'B'};{'confidence': 0.68, 'domain': '程序法', 'evidence_source': 'keyword', 'evidence_span': '外部审查', 'label_origin': 'machine_inferred', 'routing_only': True, 'source_level': 'B'}		internal_fragment	1.333334	"{""2023"":2}"	FXZZ202301004;FXZZ202303010	A1/A2	pending_human_review
0b53c75b9d326151488f	法的法	cross_paper_discovery	bounded_chinese_ngram_maximal_repeat	3	3	1;2	"{""1"":1,""2"":2,""3"":0}"	规范依据	{'confidence': 0.1, 'domain': 'unrouted', 'evidence_source': 'keyword', 'evidence_span': '默会正义', 'label_origin': 'machine_inferred', 'routing_only': True, 'source_level': 'B'}		internal_fragment	1.833333	"{""2023"":3}"	FXZZ202303002;FXZZ202304003;FXZZ202307013	A1/A2	pending_human_review
51a9b4283ff0b54242e7	法的法律	cross_paper_discovery	bounded_chinese_ngram_maximal_repeat	2	2	2	"{""1"":0,""2"":2,""3"":0}"	规范依据	{'confidence': 0.1, 'domain': 'unrouted', 'evidence_source': 'keyword', 'evidence_span': '默会正义', 'label_origin': 'machine_inferred', 'routing_only': True, 'source_level': 'B'}		internal_fragment	1.0	"{""2023"":2}"	FXZZ202303002;FXZZ202304003	A1/A2	pending_human_review
dca74e373e506bfc1709	法的进路	cross_paper_discovery	bounded_chinese_ngram_maximal_repeat	2	2	1	"{""1"":2,""2"":0,""3"":0}"		{'confidence': 0.1, 'domain': 'unrouted', 'evidence_source': 'keyword', 'evidence_span': '证据调查', 'label_origin': 'machine_inferred', 'routing_only': True, 'source_level': 'B'};{'confidence': 0.68, 'domain': '程序法', 'evidence_source': 'keyword', 'evidence_span': '诉讼要件', 'label_origin': 'machine_inferred', 'routing_only': True, 'source_level': 'B'}		internal_fragment	1.0	"{""2023"":1,""2024"":1}"	FXZZ202311013;FXZZ202401010	A1/A2	pending_human_review
43954d2cd03f64d5b2de	法益观	cross_paper_discovery	bounded_chinese_ngram_maximal_repeat	2	2	1;2	"{""1"":2,""2"":2,""3"":0}"		{'confidence': 0.1, 'domain': 'unrouted', 'evidence_source': 'keyword', 'evidence_span': '不法原因给付', 'label_origin': 'machine_inferred', 'routing_only': True, 'source_level': 'B'}		internal_fragment	1.083334	"{""2023"":3,""2024"":1}"	FXZZ202311008;FXZZ202406007	A1/A2	pending_human_review
e622e14a0be264ddada3	法益论	cross_paper_discovery	bounded_chinese_ngram_maximal_repeat	2	2	2;3	"{""1"":0,""2"":2,""3"":2}"	规范依据	{'confidence': 0.1, 'domain': 'unrouted', 'evidence_source': 'keyword', 'evidence_span': '保证期间', 'label_origin': 'machine_inferred', 'routing_only': True, 'source_level': 'B'};{'confidence': 0.68, 'domain': '程序法', 'evidence_source': 'keyword', 'evidence_span': '保证债务诉讼时效', 'label_origin': 'machine_inferred', 'routing_only': True, 'source_level': 'B'}		internal_fragment	1.000001	"{""2024"":4}"	FXZZ202401008;FXZZ202407007	A1/A2	pending_human_review
10016c2f37cd15601138	法益说	cross_paper_discovery	bounded_chinese_ngram_maximal_repeat	2	2	2;3	"{""1"":0,""2"":2,""3"":2}"		{'confidence': 0.1, 'domain': 'unrouted', 'evidence_source': 'keyword', 'evidence_span': '实际控制人', 'label_origin': 'machine_inferred', 'routing_only': True, 'source_level': 'B'};{'confidence': 0.68, 'domain': '侵权责任', 'evidence_source': 'keyword', 'evidence_span': '直接责任人员', 'label_origin': 'machine_inferred', 'routing_only': True, 'source_level': 'B'}		internal_fragment	1.166667	"{""2023"":2,""2026"":2}"	FXZZ202304005;FXZZ202607004	A1/A2	pending_human_review
848a1de0b374df19adb3	法确定	cross_paper_discovery	bounded_chinese_ngram_maximal_repeat	2	2	2;3	"{""1"":0,""2"":1,""3"":1}"	程序审查;规范依据	{'confidence': 0.1, 'domain': 'unrouted', 'evidence_source': 'keyword', 'evidence_span': '法律方法', 'label_origin': 'machine_inferred', 'routing_only': True, 'source_level': 'B'};{'confidence': 0.66, 'domain': '规范理论', 'evidence_source': 'keyword', 'evidence_span': '规范保护目的', 'label_origin': 'machine_inferred', 'routing_only': True, 'source_level': 'B'};{'confidence': 0.68, 'domain': '程序法', 'evidence_source': 'keyword', 'evidence_span': '裁判要点', 'label_origin': 'machine_inferred', 'routing_only': True, 'source_level': 'B'}		internal_fragment	1.333334	"{""2023"":2}"	FXZZ202302002;FXZZ202306003	A1/A2	pending_human_review
be95ab93d504b862d549	法秩序	cross_paper_discovery	bounded_chinese_ngram_maximal_repeat	9	9	1;2;3	"{""1"":3,""2"":7,""3"":5}"	规范依据	{'confidence': 0.1, 'domain': 'unrouted', 'evidence_source': 'keyword', 'evidence_span': '科技宪法', 'label_origin': 'machine_inferred', 'routing_only': True, 'source_level': 'B'};{'confidence': 0.68, 'domain': '程序法', 'evidence_source': 'keyword', 'evidence_span': '保证债务诉讼时效', 'label_origin': 'machine_inferred', 'routing_only': True, 'source_level': 'B'}		internal_fragment	4.6	"{""2023"":4,""2024"":11}"	FXZZ202302004;FXZZ202307003;FXZZ202308007;FXZZ202308009;FXZZ202401008;FXZZ202403012;FXZZ202407006;FXZZ202412008;FXZZ202412011	A1/A2	pending_human_review
2c3910ef3490606600cb	法秩序统一性原理	cross_paper_discovery	bounded_chinese_ngram_maximal_repeat	3	3	2;3	"{""1"":0,""2"":2,""3"":1}"		{'confidence': 0.1, 'domain': 'unrouted', 'evidence_source': 'keyword', 'evidence_span': '加速到期', 'label_origin': 'machine_inferred', 'routing_only': True, 'source_level': 'B'}		internal_fragment;low_wordhood_score	0.6875	"{""2023"":1,""2024"":2}"	FXZZ202308007;FXZZ202407006;FXZZ202412008	A1/A2	pending_human_review
65c87175b27ab3f854ba	法程序	cross_paper_discovery	bounded_chinese_ngram_maximal_repeat	4	4	1;2;3	"{""1"":1,""2"":3,""3"":1}"	制度构建;程序审查	{'confidence': 0.1, 'domain': 'unrouted', 'evidence_source': 'keyword', 'evidence_span': '一体化处罚观', 'label_origin': 'machine_inferred', 'routing_only': True, 'source_level': 'B'};{'confidence': 0.68, 'domain': '程序法', 'evidence_source': 'keyword', 'evidence_span': '正当裁判', 'label_origin': 'machine_inferred', 'routing_only': True, 'source_level': 'B'}		internal_fragment	2.266666	"{""2023"":3,""2024"":2}"	FXZZ202302010;FXZZ202310002;FXZZ202311005;FXZZ202406004	A1/A2	pending_human_review
de3dc34048dacbd3ab3d	法程度	cross_paper_discovery	bounded_chinese_ngram_maximal_repeat	2	2	2	"{""1"":0,""2"":2,""3"":0}"		{'confidence': 0.1, 'domain': 'unrouted', 'evidence_source': 'keyword', 'evidence_span': '法人作品', 'label_origin': 'machine_inferred', 'routing_only': True, 'source_level': 'B'}		internal_fragment	1.166667	"{""2023"":2}"	FXZZ202305007;FXZZ202312005	A1/A2	pending_human_review
b2e399b6606c5a6f8d60	法结构	cross_paper_discovery	bounded_chinese_ngram_maximal_repeat	2	2	1;2	"{""1"":1,""2"":1,""3"":0}"	制度构建	{'confidence': 0.1, 'domain': 'unrouted', 'evidence_source': 'keyword', 'evidence_span': '法释义学', 'label_origin': 'machine_inferred', 'routing_only': True, 'source_level': 'B'}		internal_fragment	1.333334	"{""2023"":1,""2024"":1}"	FXZZ202307013;FXZZ202405003	A1/A2	pending_human_review
4aee6b5386544482e85f	法表达	cross_paper_discovery	bounded_chinese_ngram_maximal_repeat	2	2	1	"{""1"":2,""2"":0,""3"":0}"		{'confidence': 0.1, 'domain': 'unrouted', 'evidence_source': 'keyword', 'evidence_span': '与数据相关行为', 'label_origin': 'machine_inferred', 'routing_only': True, 'source_level': 'B'}		internal_fragment	1.166667	"{""2023"":1,""2024"":1}"	FXZZ202310011;FXZZ202406006	A1/A2	pending_human_review
8151a0b82036165006ac	法规体系	cross_paper_discovery	bounded_chinese_ngram_maximal_repeat	2	2	1;2	"{""1"":1,""2"":1,""3"":0}"		{'confidence': 0.1, 'domain': 'unrouted', 'evidence_source': 'keyword', 'evidence_span': '体系效应', 'label_origin': 'machine_inferred', 'routing_only': True, 'source_level': 'B'};{'confidence': 0.66, 'domain': '比较法', 'evidence_source': 'keyword', 'evidence_span': '国际民事管辖权', 'label_origin': 'machine_inferred', 'routing_only': True, 'source_level': 'B'}		generic_container;internal_fragment	1.0	"{""2023"":1,""2024"":1}"	FXZZ202312011;FXZZ202401002	A1/A2	pending_human_review
af60450b646d61d66431	法规则	cross_paper_discovery	bounded_chinese_ngram_maximal_repeat	2	2	1;3	"{""1"":1,""2"":0,""3"":1}"		{'confidence': 0.1, 'domain': 'unrouted', 'evidence_source': 'keyword', 'evidence_span': '简约性原则', 'label_origin': 'machine_inferred', 'routing_only': True, 'source_level': 'B'}		internal_fragment	1.333334	"{""2023"":1,""2024"":1}"	FXZZ202306010;FXZZ202404003	A1/A2	pending_human_review
80481d0c07f0b0ebbc90	法规制	cross_paper_discovery	bounded_chinese_ngram_maximal_repeat	8	8	1;2;3	"{""1"":12,""2"":3,""3"":2}"	制度构建;研究结论	{'confidence': 0.1, 'domain': 'unrouted', 'evidence_source': 'keyword', 'evidence_span': '投资争端解决', 'label_origin': 'machine_inferred', 'routing_only': True, 'source_level': 'B'};{'confidence': 0.66, 'domain': '比较法', 'evidence_source': 'keyword', 'evidence_span': '国际投资条约', 'label_origin': 'machine_inferred', 'routing_only': True, 'source_level': 'B'};{'confidence': 0.68, 'domain': '侵权责任', 'evidence_source': 'keyword', 'evidence_span': '企业社会责任', 'label_origin': 'machine_inferred', 'routing_only': True, 'source_level': 'B'};{'confidence': 0.72, 'domain': '合同法', 'evidence_source': 'keyword', 'evidence_span': '合同解释', 'label_origin': 'machine_inferred', 'routing_only': True, 'source_level': 'B'}		internal_fragment	3.843138	"{""2023"":8,""2024"":9}"	FXZZ202303012;FXZZ202304006;FXZZ202307002;FXZZ202403004;FXZZ202403007;FXZZ202406011;FXZZ202412006;FXZZ202412008	A1/A2	pending_human_review
9fbe2d8661cc3112afe7	法规范	cross_paper_discovery	bounded_chinese_ngram_maximal_repeat	12	12	1;2;3	"{""1"":4,""2"":8,""3"":3}"	比较法;程序审查;规范依据	{'confidence': 0.1, 'domain': 'unrouted', 'evidence_source': 'keyword', 'evidence_span': '数据自决权', 'label_origin': 'machine_inferred', 'routing_only': True, 'source_level': 'B'};{'confidence': 0.68, 'domain': '程序法', 'evidence_source': 'keyword', 'evidence_span': '审查批准', 'label_origin': 'machine_inferred', 'routing_only': True, 'source_level': 'B'}		internal_fragment	6.8	"{""2023"":9,""2024"":6}"	FXZZ202301003;FXZZ202301007;FXZZ202305012;FXZZ202307008;FXZZ202307013;FXZZ202308004;FXZZ202308005;FXZZ202310009;FXZZ202403005;FXZZ202403012;FXZZ202405004;FXZZ202412006	A1/A2	pending_human_review
3de03295a0aa49e65236	法视角	cross_paper_discovery	bounded_chinese_ngram_maximal_repeat	3	3	2;3	"{""1"":0,""2"":3,""3"":2}"	程序审查	{'confidence': 0.1, 'domain': 'unrouted', 'evidence_source': 'keyword', 'evidence_span': '海洋环境保护', 'label_origin': 'machine_inferred', 'routing_only': True, 'source_level': 'B'};{'confidence': 0.68, 'domain': '侵权责任', 'evidence_source': 'keyword', 'evidence_span': '损害赔偿', 'label_origin': 'machine_inferred', 'routing_only': True, 'source_level': 'B'}		internal_fragment	1.7	"{""2023"":2,""2024"":3}"	FXZZ202302013;FXZZ202403006;FXZZ202406009	A1/A2	pending_human_review
73f1be5f47cb4c555f21	法解释	cross_paper_discovery	bounded_chinese_ngram_maximal_repeat	13	13	1;2;3	"{""1"":5,""2"":18,""3"":2}"	构成要件;程序审查;规范依据	{'confidence': 0.1, 'domain': 'unrouted', 'evidence_source': 'keyword', 'evidence_span': '外在体系', 'label_origin': 'machine_inferred', 'routing_only': True, 'source_level': 'B'};{'confidence': 0.66, 'domain': '比较法', 'evidence_source': 'keyword', 'evidence_span': '域外适用', 'label_origin': 'machine_inferred', 'routing_only': True, 'source_level': 'B'};{'confidence': 0.68, 'domain': '程序法', 'evidence_source': 'keyword', 'evidence_span': '义务性程序兜底条款', 'label_origin': 'machine_inferred', 'routing_only': True, 'source_level': 'B'}		internal_fragment;lexical_support	5.938271	"{""2023"":8,""2024"":17}"	FXZZ202304010;FXZZ202306010;FXZZ202309006;FXZZ202310003;FXZZ202311011;FXZZ202311012;FXZZ202312006;FXZZ202401011;FXZZ202404002;FXZZ202405004;FXZZ202405007;FXZZ202406006;FXZZ202407007	A1/A2	pending_human_review
357144f39f31b52f38df	法解释学	cross_paper_discovery	bounded_chinese_ngram_maximal_repeat	2	2	1;2	"{""1"":1,""2"":1,""3"":0}"		{'confidence': 0.1, 'domain': 'unrouted', 'evidence_source': 'keyword', 'evidence_span': '可携带权', 'label_origin': 'machine_inferred', 'routing_only': True, 'source_level': 'B'};{'confidence': 0.68, 'domain': '程序法', 'evidence_source': 'keyword', 'evidence_span': '义务性程序兜底条款', 'label_origin': 'machine_inferred', 'routing_only': True, 'source_level': 'B'}		internal_fragment	1.0	"{""2023"":1,""2024"":1}"	FXZZ202311011;FXZZ202405004	A1/A2	pending_human_review
2a1c0b131e72ee9a7efd	法评价	cross_paper_discovery	bounded_chinese_ngram_maximal_repeat	2	2	1;2;3	"{""1"":1,""2"":2,""3"":1}"	规范依据	{'confidence': 0.1, 'domain': 'unrouted', 'evidence_source': 'keyword', 'evidence_span': '税法典', 'label_origin': 'machine_inferred', 'routing_only': True, 'source_level': 'B'}		internal_fragment	1.166667	"{""2024"":4}"	FXZZ202404012;FXZZ202407006	A1/A2	pending_human_review
6922aa222f7c5d1e8b60	法诚信	cross_paper_discovery	bounded_chinese_ngram_maximal_repeat	2	2	1;2	"{""1"":2,""2"":1,""3"":0}"		{'confidence': 0.1, 'domain': 'unrouted', 'evidence_source': 'keyword', 'evidence_span': '司法鉴定标准化', 'label_origin': 'machine_inferred', 'routing_only': True, 'source_level': 'B'};{'confidence': 0.68, 'domain': '程序法', 'evidence_source': 'keyword', 'evidence_span': '审查认证规则', 'label_origin': 'machine_inferred', 'routing_only': True, 'source_level': 'B'}		internal_fragment	1.111112	"{""2023"":2,""2024"":1}"	FXZZ202309010;FXZZ202404012	A1/A2	pending_human_review
3f590e2cb04aca40e8bb	法说理	cross_paper_discovery	bounded_chinese_ngram_maximal_repeat	2	2	2;3	"{""1"":0,""2"":1,""3"":1}"		{'confidence': 0.1, 'domain': 'unrouted', 'evidence_source': 'keyword', 'evidence_span': '整体法秩序', 'label_origin': 'machine_inferred', 'routing_only': True, 'source_level': 'B'};{'confidence': 0.66, 'domain': '规范理论', 'evidence_source': 'keyword', 'evidence_span': '轻罪规范', 'label_origin': 'machine_inferred', 'routing_only': True, 'source_level': 'B'}		internal_fragment	1.333334	"{""2024"":2}"	FXZZ202401007;FXZZ202404003	A1/A2	pending_human_review
c43b96735088c52eddd3	法责任	cross_paper_discovery	bounded_chinese_ngram_maximal_repeat	3	3	2;3	"{""1"":0,""2"":2,""3"":1}"	制度构建;规范依据	{'confidence': 0.1, 'domain': 'unrouted', 'evidence_source': 'keyword', 'evidence_span': '罪量要素', 'label_origin': 'machine_inferred', 'routing_only': True, 'source_level': 'B'};{'confidence': 0.68, 'domain': '程序法', 'evidence_source': 'keyword', 'evidence_span': '程序问题', 'label_origin': 'machine_inferred', 'routing_only': True, 'source_level': 'B'}		internal_fragment	2.0	"{""2023"":2,""2024"":1}"	FXZZ202304004;FXZZ202308012;FXZZ202412008	A1/A2	pending_human_review
c7aeee9fea165d4f47ca	法路径	cross_paper_discovery	bounded_chinese_ngram_maximal_repeat	2	2	2	"{""1"":0,""2"":2,""3"":0}"	权利救济;比较法	{'confidence': 0.1, 'domain': 'unrouted', 'evidence_source': 'keyword', 'evidence_span': '实质真实发现', 'label_origin': 'machine_inferred', 'routing_only': True, 'source_level': 'B'}		generic_container;internal_fragment	1.333334	"{""2023"":1,""2024"":1}"	FXZZ202312009;FXZZ202412011	A1/A2	pending_human_review
2370ade71c9628e60ead	法适用	cross_paper_discovery	bounded_chinese_ngram_maximal_repeat	7	7	1;2	"{""1"":5,""2"":4,""3"":0}"	制度构建;程序审查;规范依据	{'confidence': 0.1, 'domain': 'unrouted', 'evidence_source': 'keyword', 'evidence_span': '科技宪法', 'label_origin': 'machine_inferred', 'routing_only': True, 'source_level': 'B'};{'confidence': 0.68, 'domain': '程序法', 'evidence_source': 'keyword', 'evidence_span': '审查认证规则', 'label_origin': 'machine_inferred', 'routing_only': True, 'source_level': 'B'}		internal_fragment;lexical_support	3.629629	"{""2023"":8,""2024"":1}"	FXZZ202302004;FXZZ202305006;FXZZ202306007;FXZZ202308007;FXZZ202309005;FXZZ202309010;FXZZ202401008	A1/A2	pending_human_review
bdf2a4a218473a2ddb82	法逻辑	cross_paper_discovery	bounded_chinese_ngram_maximal_repeat	3	3	1;2;3	"{""1"":5,""2"":3,""3"":1}"		{'confidence': 0.1, 'domain': 'unrouted', 'evidence_source': 'keyword', 'evidence_span': '法逻辑诠释', 'label_origin': 'machine_inferred', 'routing_only': True, 'source_level': 'B'};{'confidence': 0.68, 'domain': '程序法', 'evidence_source': 'keyword', 'evidence_span': '特别程序', 'label_origin': 'machine_inferred', 'routing_only': True, 'source_level': 'B'}		generic_container;internal_fragment	1.388889	"{""2023"":6,""2024"":3}"	FXZZ202306002;FXZZ202308003;FXZZ202406004	A1/A2	pending_human_review
1f1ec3cb33433cf9ca53	法问题	cross_paper_discovery	bounded_chinese_ngram_maximal_repeat	4	4	1;3	"{""1"":4,""2"":0,""3"":2}"	程序审查;证据证明	{'confidence': 0.1, 'domain': 'unrouted', 'evidence_source': 'keyword', 'evidence_span': '法律方法', 'label_origin': 'machine_inferred', 'routing_only': True, 'source_level': 'B'};{'confidence': 0.68, 'domain': '侵权责任', 'evidence_source': 'keyword', 'evidence_span': '损害赔偿', 'label_origin': 'machine_inferred', 'routing_only': True, 'source_level': 'B'};{'confidence': 0.68, 'domain': '程序法', 'evidence_source': 'keyword', 'evidence_span': '裁判要点', 'label_origin': 'machine_inferred', 'routing_only': True, 'source_level': 'B'}		internal_fragment	2.0	"{""2023"":6}"	FXZZ202302002;FXZZ202302013;FXZZ202307014;FXZZ202312009	A1/A2	pending_human_review
631adf5c81c14a93ff3a	法领域	cross_paper_discovery	bounded_chinese_ngram_maximal_repeat	4	4	1;2;3	"{""1"":1,""2"":1,""3"":2}"	权利救济;规范依据	{'confidence': 0.1, 'domain': 'unrouted', 'evidence_source': 'keyword', 'evidence_span': '刑法保障', 'label_origin': 'machine_inferred', 'routing_only': True, 'source_level': 'B'}		internal_fragment	2.666666	"{""2023"":2,""2024"":2}"	FXZZ202301007;FXZZ202307003;FXZZ202404005;FXZZ202407006	A1/A2	pending_human_review
d162f701d1d98823b842	注意义务	cross_paper_discovery	bounded_chinese_ngram_maximal_repeat	3	3	1;2;3	"{""1"":5,""2"":5,""3"":2}"	程序审查;规范依据	{'confidence': 0.1, 'domain': 'unrouted', 'evidence_source': 'keyword', 'evidence_span': '罪量要素', 'label_origin': 'machine_inferred', 'routing_only': True, 'source_level': 'B'};{'confidence': 0.66, 'domain': '规范理论', 'evidence_source': 'keyword', 'evidence_span': '规范保护目的', 'label_origin': 'machine_inferred', 'routing_only': True, 'source_level': 'B'}		internal_fragment;lexical_support	1.125	"{""2023"":5,""2024"":7}"	FXZZ202304004;FXZZ202306003;FXZZ202407009	A1/A2	pending_human_review
71395920c6c8ffe94b71	海洋环境	cross_paper_discovery	bounded_chinese_ngram_maximal_repeat	2	2	1;2;3	"{""1"":5,""2"":4,""3"":1}"	程序审查	{'confidence': 0.1, 'domain': 'unrouted', 'evidence_source': 'keyword', 'evidence_span': '海洋环境保护', 'label_origin': 'machine_inferred', 'routing_only': True, 'source_level': 'B'};{'confidence': 0.68, 'domain': '侵权责任', 'evidence_source': 'keyword', 'evidence_span': '损害赔偿', 'label_origin': 'machine_inferred', 'routing_only': True, 'source_level': 'B'}		internal_fragment;low_wordhood_score	0.659091	"{""2023"":9,""2024"":1}"	FXZZ202302013;FXZZ202406006	A1/A2	pending_human_review
f27a8a11b20c1059df68	涉及企业	cross_paper_discovery	bounded_chinese_ngram_maximal_repeat	2	2	2;3	"{""1"":0,""2"":1,""3"":1}"		{'confidence': 0.1, 'domain': 'unrouted', 'evidence_source': 'keyword', 'evidence_span': '投资争端解决', 'label_origin': 'machine_inferred', 'routing_only': True, 'source_level': 'B'};{'confidence': 0.66, 'domain': '比较法', 'evidence_source': 'keyword', 'evidence_span': '国际投资条约', 'label_origin': 'machine_inferred', 'routing_only': True, 'source_level': 'B'};{'confidence': 0.68, 'domain': '侵权责任', 'evidence_source': 'keyword', 'evidence_span': '企业社会责任', 'label_origin': 'machine_inferred', 'routing_only': True, 'source_level': 'B'}		internal_fragment	1.0	"{""2023"":1,""2024"":1}"	FXZZ202303012;FXZZ202412005	A1/A2	pending_human_review
8c94f75f41eb0638a8a2	涉外法治	cross_paper_discovery	bounded_chinese_ngram_maximal_repeat	2	2	1;2;3	"{""1"":1,""2"":1,""3"":1}"		{'confidence': 0.1, 'domain': 'unrouted', 'evidence_source': 'keyword', 'evidence_span': '体系效应', 'label_origin': 'machine_inferred', 'routing_only': True, 'source_level': 'B'};{'confidence': 0.66, 'domain': '比较法', 'evidence_source': 'keyword', 'evidence_span': '国际民事管辖权', 'label_origin': 'machine_inferred', 'routing_only': True, 'source_level': 'B'}		internal_fragment	0.916667	"{""2023"":2,""2024"":1}"	FXZZ202312011;FXZZ202405002	A1/A2	pending_human_review
6cfe0ab381c6d243184e	涉案企业合规改革	cross_paper_discovery	bounded_chinese_ngram_maximal_repeat	2	2	1;2	"{""1"":2,""2"":3,""3"":0}"		{'confidence': 0.1, 'domain': 'unrouted', 'evidence_source': 'keyword', 'evidence_span': '立法技术', 'label_origin': 'machine_inferred', 'routing_only': True, 'source_level': 'B'}		internal_fragment;low_wordhood_score	0.35	"{""2023"":5}"	FXZZ202301006;FXZZ202302010	A1/A2	pending_human_review
a1c19b839a2ae80c18c3	涵阐释	cross_paper_discovery	bounded_chinese_ngram_maximal_repeat	2	2	2	"{""1"":0,""2"":2,""3"":0}"	程序审查	{'confidence': 0.1, 'domain': 'unrouted', 'evidence_source': 'keyword', 'evidence_span': '双边冲突规则', 'label_origin': 'machine_inferred', 'routing_only': True, 'source_level': 'B'};{'confidence': 0.68, 'domain': '程序法', 'evidence_source': 'keyword', 'evidence_span': '程序问题', 'label_origin': 'machine_inferred', 'routing_only': True, 'source_level': 'B'}		internal_fragment	1.000001	"{""2023"":1,""2024"":1}"	FXZZ202308012;FXZZ202406005	A1/A2	pending_human_review
1da54f19a057569b6740	源治理	cross_paper_discovery	bounded_chinese_ngram_maximal_repeat	2	2	2;3	"{""1"":0,""2"":2,""3"":2}"	制度构建	{'confidence': 0.1, 'domain': 'unrouted', 'evidence_source': 'keyword', 'evidence_span': '刑法保障', 'label_origin': 'machine_inferred', 'routing_only': True, 'source_level': 'B'}		internal_fragment	1.083334	"{""2023"":4}"	FXZZ202301007;FXZZ202312002	A1/A2	pending_human_review
723c62bf7f8fb0e63f3e	滥用市场支配地位	cross_paper_discovery	bounded_chinese_ngram_maximal_repeat	2	2	2;3	"{""1"":0,""2"":1,""3"":1}"		{'confidence': 0.1, 'domain': 'unrouted', 'evidence_source': 'keyword', 'evidence_span': '执行依据', 'label_origin': 'machine_inferred', 'routing_only': True, 'source_level': 'B'}		internal_fragment;low_wordhood_score	0.4375	"{""2023"":2}"	FXZZ202307014;FXZZ202308009	A1/A2	pending_human_review
e0b5c7410006f7cfe12d	漏洞填补	cross_paper_discovery	bounded_chinese_ngram_maximal_repeat	3	3	1	"{""1"":3,""2"":0,""3"":0}"	权利救济;规范依据	{'confidence': 0.1, 'domain': 'unrouted', 'evidence_source': 'keyword', 'evidence_span': '添附', 'label_origin': 'machine_inferred', 'routing_only': True, 'source_level': 'B'}		internal_fragment	1.25	"{""2023"":2,""2024"":1}"	FXZZ202303008;FXZZ202304010;FXZZ202403009	A1/A2	pending_human_review
70673fa0e6632b636ae1	点内容	cross_paper_discovery	bounded_chinese_ngram_maximal_repeat	2	2	2;3	"{""1"":0,""2"":1,""3"":1}"	程序审查	{'confidence': 0.1, 'domain': 'unrouted', 'evidence_source': 'keyword', 'evidence_span': '合目的性改革', 'label_origin': 'machine_inferred', 'routing_only': True, 'source_level': 'B'};{'confidence': 0.68, 'domain': '程序法', 'evidence_source': 'keyword', 'evidence_span': '裁判要点', 'label_origin': 'machine_inferred', 'routing_only': True, 'source_level': 'B'}		internal_fragment	1.333334	"{""2023"":2}"	FXZZ202301004;FXZZ202302002	A1/A2	pending_human_review
d84262cfc961e6d2bdd4	然状态	cross_paper_discovery	bounded_chinese_ngram_maximal_repeat	2	2	1;3	"{""1"":1,""2"":0,""3"":1}"	权利救济;程序审查;证据证明	{'confidence': 0.1, 'domain': 'unrouted', 'evidence_source': 'keyword', 'evidence_span': '法人作品', 'label_origin': 'machine_inferred', 'routing_only': True, 'source_level': 'B'};{'confidence': 0.66, 'domain': '比较法', 'evidence_source': 'keyword', 'evidence_span': '域外适用', 'label_origin': 'machine_inferred', 'routing_only': True, 'source_level': 'B'}		internal_fragment	1.333334	"{""2023"":1,""2024"":1}"	FXZZ202305007;FXZZ202401011	A1/A2	pending_human_review
e7fb927fdd11d5921076	物上代位	cross_paper_discovery	bounded_chinese_ngram_maximal_repeat	2	2	1;2	"{""1"":1,""2"":1,""3"":0}"	法律后果	{'confidence': 0.1, 'domain': 'unrouted', 'evidence_source': 'keyword', 'evidence_span': '私法秩序', 'label_origin': 'machine_inferred', 'routing_only': True, 'source_level': 'B'};{'confidence': 0.66, 'domain': '规范理论', 'evidence_source': 'keyword', 'evidence_span': '规范目的', 'label_origin': 'machine_inferred', 'routing_only': True, 'source_level': 'B'}		internal_fragment	0.875	"{""2023"":1,""2024"":1}"	FXZZ202308008;FXZZ202405008	A1/A2	pending_human_review
8db161d051a98ee72422	特别保护	cross_paper_discovery	bounded_chinese_ngram_maximal_repeat	2	2	2	"{""1"":0,""2"":2,""3"":0}"		{'confidence': 0.1, 'domain': 'unrouted', 'evidence_source': 'keyword', 'evidence_span': '实质违法性', 'label_origin': 'machine_inferred', 'routing_only': True, 'source_level': 'B'}		lexical_support	1.0	"{""2024"":2}"	FXZZ202412006;FXZZ202412013	A1/A2	pending_human_review
3778b39b886cc91f471c	特定事实	cross_paper_discovery	bounded_chinese_ngram_maximal_repeat	2	2	2;3	"{""1"":0,""2"":1,""3"":1}"	构成要件;规范依据	{'confidence': 0.1, 'domain': 'unrouted', 'evidence_source': 'keyword', 'evidence_span': '预防性法律制度', 'label_origin': 'machine_inferred', 'routing_only': True, 'source_level': 'B'}		internal_fragment	0.875	"{""2023"":2}"	FXZZ202305005;FXZZ202308013	A1/A2	pending_human_review
7d80754d74e1dc228408	特定性	cross_paper_discovery	bounded_chinese_ngram_maximal_repeat	3	3	1;2	"{""1"":1,""2"":2,""3"":0}"		{'confidence': 0.1, 'domain': 'unrouted', 'evidence_source': 'keyword', 'evidence_span': '法益的可判断性', 'label_origin': 'machine_inferred', 'routing_only': True, 'source_level': 'B'}		internal_fragment	2.0	"{""2023"":1,""2024"":2}"	FXZZ202312005;FXZZ202405008;FXZZ202407005	A1/A2	pending_human_review
d06aa8a64c4d1746bc27	特殊性	cross_paper_discovery	bounded_chinese_ngram_maximal_repeat	8	8	1;2;3	"{""1"":1,""2"":5,""3"":2}"		{'confidence': 0.1, 'domain': 'unrouted', 'evidence_source': 'keyword', 'evidence_span': '从宽处罚', 'label_origin': 'machine_inferred', 'routing_only': True, 'source_level': 'B'};{'confidence': 0.68, 'domain': '程序法', 'evidence_source': 'keyword', 'evidence_span': '特别程序', 'label_origin': 'machine_inferred', 'routing_only': True, 'source_level': 'B'}		internal_fragment	4.166667	"{""2023"":5,""2024"":2,""2026"":1}"	FXZZ202305006;FXZZ202307006;FXZZ202309009;FXZZ202310009;FXZZ202312009;FXZZ202403002;FXZZ202406004;FXZZ202607007	A1/A2	pending_human_review
55d89f773a5f13786fcd	特殊风险	cross_paper_discovery	bounded_chinese_ngram_maximal_repeat	2	2	2;3	"{""1"":0,""2"":2,""3"":1}"	制度构建	{'confidence': 0.1, 'domain': 'unrouted', 'evidence_source': 'keyword', 'evidence_span': '整全性', 'label_origin': 'machine_inferred', 'routing_only': True, 'source_level': 'B'}		internal_fragment	0.916667	"{""2023"":3}"	FXZZ202301013;FXZZ202309004	A1/A2	pending_human_review
5787d8a20106ef2c9006	犯罪保护	cross_paper_discovery	bounded_chinese_ngram_maximal_repeat	4	4	2;3	"{""1"":0,""2"":5,""3"":1}"		{'confidence': 0.1, 'domain': 'unrouted', 'evidence_source': 'keyword', 'evidence_span': '药品犯罪圈', 'label_origin': 'machine_inferred', 'routing_only': True, 'source_level': 'B'};{'confidence': 0.66, 'domain': '规范理论', 'evidence_source': 'keyword', 'evidence_span': '规范保护目的', 'label_origin': 'machine_inferred', 'routing_only': True, 'source_level': 'B'}		internal_fragment	1.5	"{""2023"":4,""2024"":2}"	FXZZ202302005;FXZZ202308006;FXZZ202404006;FXZZ202406007	A1/A2	pending_human_review
7ab299346cab63e70dc4	犯罪保护法益	cross_paper_discovery	bounded_chinese_ngram_maximal_repeat	3	3	2	"{""1"":0,""2"":4,""3"":0}"		{'confidence': 0.1, 'domain': 'unrouted', 'evidence_source': 'keyword', 'evidence_span': '药品犯罪圈', 'label_origin': 'machine_inferred', 'routing_only': True, 'source_level': 'B'};{'confidence': 0.66, 'domain': '规范理论', 'evidence_source': 'keyword', 'evidence_span': '规范保护目的', 'label_origin': 'machine_inferred', 'routing_only': True, 'source_level': 'B'}		internal_fragment	0.875	"{""2023"":3,""2024"":1}"	FXZZ202302005;FXZZ202308006;FXZZ202406007	A1/A2	pending_human_review
fea237a62ae8baf31e87	犯罪构	cross_paper_discovery	bounded_chinese_ngram_maximal_repeat	2	2	1;3	"{""1"":1,""2"":0,""3"":1}"		{'confidence': 0.1, 'domain': 'unrouted', 'evidence_source': 'keyword', 'evidence_span': '从宽处罚', 'label_origin': 'machine_inferred', 'routing_only': True, 'source_level': 'B'}		internal_fragment	1.333334	"{""2023"":1,""2024"":1}"	FXZZ202305006;FXZZ202407007	A1/A2	pending_human_review
ac496172a4eb172e7a1f	犯罪治理	cross_paper_discovery	bounded_chinese_ngram_maximal_repeat	2	2	1;2;3	"{""1"":1,""2"":1,""3"":1}"		{'confidence': 0.1, 'domain': 'unrouted', 'evidence_source': 'keyword', 'evidence_span': '民事代理', 'label_origin': 'machine_inferred', 'routing_only': True, 'source_level': 'B'}		internal_fragment	0.833333	"{""2023"":1,""2024"":2}"	FXZZ202307007;FXZZ202404006	A1/A2	pending_human_review
a482e88386e364dccf8d	犯罪的刑	cross_paper_discovery	bounded_chinese_ngram_maximal_repeat	2	2	2	"{""1"":0,""2"":2,""3"":0}"		{'confidence': 0.1, 'domain': 'unrouted', 'evidence_source': 'keyword', 'evidence_span': '体系解释', 'label_origin': 'machine_inferred', 'routing_only': True, 'source_level': 'B'};{'confidence': 0.66, 'domain': '规范理论', 'evidence_source': 'keyword', 'evidence_span': '规范保护目的', 'label_origin': 'machine_inferred', 'routing_only': True, 'source_level': 'B'}		internal_fragment	1.0	"{""2023"":2}"	FXZZ202308006;FXZZ202312006	A1/A2	pending_human_review
28727adb7d6da9d7a2ee	犯罪的界	cross_paper_discovery	bounded_chinese_ngram_maximal_repeat	2	2	1;3	"{""1"":1,""2"":0,""3"":1}"		{'confidence': 0.1, 'domain': 'unrouted', 'evidence_source': 'keyword', 'evidence_span': '《民法典》第561条', 'label_origin': 'machine_inferred', 'routing_only': True, 'source_level': 'B'}		internal_fragment	1.0	"{""2024"":1,""2026"":1}"	FXZZ202407007;FXZZ202607005	A1/A2	pending_human_review
fbfd68f597f6901afbc3	犯罪行	cross_paper_discovery	bounded_chinese_ngram_maximal_repeat	4	4	1;2;3	"{""1"":4,""2"":2,""3"":1}"	程序审查	{'confidence': 0.1, 'domain': 'unrouted', 'evidence_source': 'keyword', 'evidence_span': '一体化处罚观', 'label_origin': 'machine_inferred', 'routing_only': True, 'source_level': 'B'};{'confidence': 0.72, 'domain': '合同法', 'evidence_source': 'keyword', 'evidence_span': '合同解释', 'label_origin': 'machine_inferred', 'routing_only': True, 'source_level': 'B'}		internal_fragment	2.0	"{""2023"":6,""2024"":1}"	FXZZ202302010;FXZZ202304006;FXZZ202306004;FXZZ202407007	A1/A2	pending_human_review
d037317ad5f5ccb8e2b2	独立性	cross_paper_discovery	bounded_chinese_ngram_maximal_repeat	3	3	1;3	"{""1"":1,""2"":0,""3"":2}"		{'confidence': 0.1, 'domain': 'unrouted', 'evidence_source': 'keyword', 'evidence_span': '规制路径', 'label_origin': 'machine_inferred', 'routing_only': True, 'source_level': 'B'}		internal_fragment	1.5	"{""2023"":1,""2024"":2}"	FXZZ202305013;FXZZ202406011;FXZZ202407006	A1/A2	pending_human_review
021909105bf75b6b2978	环境保护	legal_pattern	config_legal_pattern	2	2	1;2	"{""1"":1,""2"":1,""3"":0}"		{'confidence': 0.1, 'domain': 'unrouted', 'evidence_source': 'keyword', 'evidence_span': '体系解释', 'label_origin': 'machine_inferred', 'routing_only': True, 'source_level': 'B'};{'confidence': 0.66, 'domain': '规范理论', 'evidence_source': 'keyword', 'evidence_span': '规范保护目的', 'label_origin': 'machine_inferred', 'routing_only': True, 'source_level': 'B'}				"{""2023"":2}"	FXZZ202308006;FXZZ202310004	A1/A2	pending_human_review
d308627811daaf93a37e	环境保护	cross_paper_discovery	bounded_chinese_ngram_maximal_repeat	5	5	1;2;3	"{""1"":1,""2"":5,""3"":1}"	制度构建	{'confidence': 0.1, 'domain': 'unrouted', 'evidence_source': 'keyword', 'evidence_span': '海洋环境保护', 'label_origin': 'machine_inferred', 'routing_only': True, 'source_level': 'B'};{'confidence': 0.66, 'domain': '规范理论', 'evidence_source': 'keyword', 'evidence_span': '规范保护目的', 'label_origin': 'machine_inferred', 'routing_only': True, 'source_level': 'B'};{'confidence': 0.68, 'domain': '侵权责任', 'evidence_source': 'keyword', 'evidence_span': '损害赔偿', 'label_origin': 'machine_inferred', 'routing_only': True, 'source_level': 'B'}		internal_fragment;lexical_support	2.142857	"{""2023"":5,""2024"":1,""2025"":1}"	FXZZ202302013;FXZZ202308006;FXZZ202310004;FXZZ202406006;FXZZ202501004	A1/A2	pending_human_review
69f2a4339bdb9909eadd	环境保护法	cross_paper_discovery	bounded_chinese_ngram_maximal_repeat	2	2	2;3	"{""1"":0,""2"":2,""3"":1}"	制度构建	{'confidence': 0.1, 'domain': 'unrouted', 'evidence_source': 'keyword', 'evidence_span': '海洋环境保护', 'label_origin': 'machine_inferred', 'routing_only': True, 'source_level': 'B'};{'confidence': 0.68, 'domain': '侵权责任', 'evidence_source': 'keyword', 'evidence_span': '损害赔偿', 'label_origin': 'machine_inferred', 'routing_only': True, 'source_level': 'B'}		internal_fragment;low_wordhood_score	0.733333	"{""2023"":2,""2024"":1}"	FXZZ202302013;FXZZ202406006	A1/A2	pending_human_review
49d22e5a0d0af18012b6	环境损害	cross_paper_discovery	bounded_chinese_ngram_maximal_repeat	2	2	1;2	"{""1"":6,""2"":4,""3"":0}"	程序审查	{'confidence': 0.1, 'domain': 'unrouted', 'evidence_source': 'keyword', 'evidence_span': '海洋环境保护', 'label_origin': 'machine_inferred', 'routing_only': True, 'source_level': 'B'};{'confidence': 0.68, 'domain': '侵权责任', 'evidence_source': 'keyword', 'evidence_span': '损害赔偿', 'label_origin': 'machine_inferred', 'routing_only': True, 'source_level': 'B'}		internal_fragment;low_wordhood_score	0.6	"{""2023"":10}"	FXZZ202302013;FXZZ202310004	A1/A2	pending_human_review
4244146a5407b26283e8	环境法	cross_paper_discovery	bounded_chinese_ngram_maximal_repeat	5	5	1;2;3	"{""1"":4,""2"":8,""3"":5}"	制度构建;规范依据	{'confidence': 0.1, 'domain': 'unrouted', 'evidence_source': 'keyword', 'evidence_span': '海洋环境保护', 'label_origin': 'machine_inferred', 'routing_only': True, 'source_level': 'B'};{'confidence': 0.66, 'domain': '规范理论', 'evidence_source': 'keyword', 'evidence_span': '规范保护目的', 'label_origin': 'machine_inferred', 'routing_only': True, 'source_level': 'B'};{'confidence': 0.68, 'domain': '侵权责任', 'evidence_source': 'keyword', 'evidence_span': '损害赔偿', 'label_origin': 'machine_inferred', 'routing_only': True, 'source_level': 'B'}		internal_fragment	2.352942	"{""2023"":11,""2024"":5,""2025"":1}"	FXZZ202302013;FXZZ202305012;FXZZ202308006;FXZZ202405002;FXZZ202501004	A1/A2	pending_human_review
5e74a8b1a382ebbbbd69	环境犯罪	cross_paper_discovery	bounded_chinese_ngram_maximal_repeat	3	3	1;2;3	"{""1"":4,""2"":11,""3"":1}"		{'confidence': 0.1, 'domain': 'unrouted', 'evidence_source': 'keyword', 'evidence_span': '体系解释', 'label_origin': 'machine_inferred', 'routing_only': True, 'source_level': 'B'};{'confidence': 0.66, 'domain': '规范理论', 'evidence_source': 'keyword', 'evidence_span': '规范保护目的', 'label_origin': 'machine_inferred', 'routing_only': True, 'source_level': 'B'}		internal_fragment	1.21875	"{""2023"":14,""2024"":2}"	FXZZ202308006;FXZZ202309006;FXZZ202406006	A1/A2	pending_human_review
369ab39052298da3f3e6	环境罪	cross_paper_discovery	bounded_chinese_ngram_maximal_repeat	2	2	1;3	"{""1"":1,""2"":0,""3"":1}"		{'confidence': 0.1, 'domain': 'unrouted', 'evidence_source': 'keyword', 'evidence_span': '承继的共犯', 'label_origin': 'machine_inferred', 'routing_only': True, 'source_level': 'B'}		internal_fragment	1.333334	"{""2023"":1,""2024"":1}"	FXZZ202309006;FXZZ202406006	A1/A2	pending_human_review
72a63a23755d9a9742e3	现代化	cross_paper_discovery	bounded_chinese_ngram_maximal_repeat	8	8	1;2;3	"{""1"":9,""2"":12,""3"":2}"	构成要件;规范依据	{'confidence': 0.1, 'domain': 'unrouted', 'evidence_source': 'keyword', 'evidence_span': '重大创新', 'label_origin': 'machine_inferred', 'routing_only': True, 'source_level': 'B'};{'confidence': 0.68, 'domain': '侵权责任', 'evidence_source': 'keyword', 'evidence_span': '监护人责任', 'label_origin': 'machine_inferred', 'routing_only': True, 'source_level': 'B'};{'confidence': 0.68, 'domain': '程序法', 'evidence_source': 'keyword', 'evidence_span': '保证债务诉讼时效', 'label_origin': 'machine_inferred', 'routing_only': True, 'source_level': 'B'}		internal_fragment	3.666667	"{""2023"":19,""2024"":4}"	FXZZ202306001;FXZZ202308002;FXZZ202310007;FXZZ202311007;FXZZ202401002;FXZZ202401008;FXZZ202404003;FXZZ202405002	A1/A2	pending_human_review
007a16b62cab4978384f	现代化的目标	cross_paper_discovery	bounded_chinese_ngram_maximal_repeat	2	2	2;3	"{""1"":0,""2"":1,""3"":1}"		{'confidence': 0.1, 'domain': 'unrouted', 'evidence_source': 'keyword', 'evidence_span': '系统司法观', 'label_origin': 'machine_inferred', 'routing_only': True, 'source_level': 'B'};{'confidence': 0.68, 'domain': '程序法', 'evidence_source': 'keyword', 'evidence_span': '保证债务诉讼时效', 'label_origin': 'machine_inferred', 'routing_only': True, 'source_level': 'B'}		internal_fragment;low_wordhood_score	0.666666	"{""2023"":1,""2024"":1}"	FXZZ202308002;FXZZ202401008	A1/A2	pending_human_review
dfeee2fce9b56d873a26	现实困境	cross_paper_discovery	bounded_chinese_ngram_maximal_repeat	3	3	1;2	"{""1"":1,""2"":3,""3"":0}"	权利救济;程序审查	{'confidence': 0.1, 'domain': 'unrouted', 'evidence_source': 'keyword', 'evidence_span': '缺席审判', 'label_origin': 'machine_inferred', 'routing_only': True, 'source_level': 'B'};{'confidence': 0.68, 'domain': '程序法', 'evidence_source': 'keyword', 'evidence_span': '诉讼要件', 'label_origin': 'machine_inferred', 'routing_only': True, 'source_level': 'B'}			1.21875	"{""2023"":3,""2024"":1}"	FXZZ202303009;FXZZ202304014;FXZZ202406011	A1/A2	pending_human_review
9a00c83c4418e6305837	现实基础	cross_paper_discovery	bounded_chinese_ngram_maximal_repeat	3	3	1;2;3	"{""1"":1,""2"":1,""3"":1}"		{'confidence': 0.1, 'domain': 'unrouted', 'evidence_source': 'keyword', 'evidence_span': '罪量要素', 'label_origin': 'machine_inferred', 'routing_only': True, 'source_level': 'B'}		internal_fragment	1.25	"{""2023"":1,""2024"":2}"	FXZZ202304004;FXZZ202406011;FXZZ202406013	A1/A2	pending_human_review
dec3ea51c18b3dc9339c	现实层面	cross_paper_discovery	bounded_chinese_ngram_maximal_repeat	2	2	2	"{""1"":0,""2"":2,""3"":0}"		{'confidence': 0.1, 'domain': 'unrouted', 'evidence_source': 'keyword', 'evidence_span': '法律治理', 'label_origin': 'machine_inferred', 'routing_only': True, 'source_level': 'B'}			0.875	"{""2023"":1,""2024"":1}"	FXZZ202312010;FXZZ202401003	A1/A2	pending_human_review
29eed9d0948c15f3ef89	现实考	cross_paper_discovery	bounded_chinese_ngram_maximal_repeat	2	2	2;3	"{""1"":0,""2"":1,""3"":1}"		{'confidence': 0.1, 'domain': 'unrouted', 'evidence_source': 'keyword', 'evidence_span': '解约定金', 'label_origin': 'machine_inferred', 'routing_only': True, 'source_level': 'B'};{'confidence': 0.68, 'domain': '侵权责任', 'evidence_source': 'keyword', 'evidence_span': '定金责任', 'label_origin': 'machine_inferred', 'routing_only': True, 'source_level': 'B'};{'confidence': 0.72, 'domain': '合同法', 'evidence_source': 'keyword', 'evidence_span': '违约定金', 'label_origin': 'machine_inferred', 'routing_only': True, 'source_level': 'B'}		internal_fragment	1.333334	"{""2023"":2}"	FXZZ202303006;FXZZ202312004	A1/A2	pending_human_review
e74aedadc5ae607741b0	现实需	cross_paper_discovery	bounded_chinese_ngram_maximal_repeat	2	2	2;3	"{""1"":0,""2"":2,""3"":1}"		{'confidence': 0.1, 'domain': 'unrouted', 'evidence_source': 'keyword', 'evidence_span': '除名之诉', 'label_origin': 'machine_inferred', 'routing_only': True, 'source_level': 'B'}		internal_fragment	1.000001	"{""2023"":3}"	FXZZ202303007;FXZZ202310005	A1/A2	pending_human_review
461d3bf93ea7073b82ae	现有规制	cross_paper_discovery	bounded_chinese_ngram_maximal_repeat	2	2	1;2	"{""1"":1,""2"":1,""3"":0}"		{'confidence': 0.1, 'domain': 'unrouted', 'evidence_source': 'keyword', 'evidence_span': '竞争中性', 'label_origin': 'machine_inferred', 'routing_only': True, 'source_level': 'B'};{'confidence': 0.68, 'domain': '程序法', 'evidence_source': 'keyword', 'evidence_span': '外部审查', 'label_origin': 'machine_inferred', 'routing_only': True, 'source_level': 'B'}		internal_fragment	1.0	"{""2023"":1,""2024"":1}"	FXZZ202303010;FXZZ202404007	A1/A2	pending_human_review
a4273f02070de2501209	现行法	cross_paper_discovery	bounded_chinese_ngram_maximal_repeat	5	5	1;2	"{""1"":2,""2"":5,""3"":0}"	制度构建;规范依据;证据证明	{'confidence': 0.1, 'domain': 'unrouted', 'evidence_source': 'keyword', 'evidence_span': '合目的性改革', 'label_origin': 'machine_inferred', 'routing_only': True, 'source_level': 'B'};{'confidence': 0.66, 'domain': '比较法', 'evidence_source': 'keyword', 'evidence_span': '域外适用', 'label_origin': 'machine_inferred', 'routing_only': True, 'source_level': 'B'}		internal_fragment	2.380953	"{""2023"":3,""2024"":4}"	FXZZ202301004;FXZZ202302011;FXZZ202303011;FXZZ202401011;FXZZ202405009	A1/A2	pending_human_review
be785f75518e8b743755	现行法律	cross_paper_discovery	bounded_chinese_ngram_maximal_repeat	3	3	2	"{""1"":0,""2"":3,""3"":0}"	制度构建;规范依据	{'confidence': 0.1, 'domain': 'unrouted', 'evidence_source': 'keyword', 'evidence_span': '合目的性改革', 'label_origin': 'machine_inferred', 'routing_only': True, 'source_level': 'B'}		internal_fragment	1.25	"{""2023"":3}"	FXZZ202301004;FXZZ202302011;FXZZ202303011	A1/A2	pending_human_review
e799e5c6986f6cf75033	理依据	cross_paper_discovery	bounded_chinese_ngram_maximal_repeat	2	2	1;2	"{""1"":1,""2"":1,""3"":0}"	制度构建;程序审查	{'confidence': 0.1, 'domain': 'unrouted', 'evidence_source': 'keyword', 'evidence_span': '损失分担', 'label_origin': 'machine_inferred', 'routing_only': True, 'source_level': 'B'}		internal_fragment	1.166667	"{""2023"":2}"	FXZZ202301013;FXZZ202304007	A1/A2	pending_human_review
e7a0aa58824b26a0048d	理念层面	cross_paper_discovery	bounded_chinese_ngram_maximal_repeat	2	2	2	"{""1"":0,""2"":2,""3"":0}"		{'confidence': 0.1, 'domain': 'unrouted', 'evidence_source': 'keyword', 'evidence_span': '适度干预', 'label_origin': 'machine_inferred', 'routing_only': True, 'source_level': 'B'}			0.875	"{""2023"":2}"	FXZZ202301012;FXZZ202312010	A1/A2	pending_human_review
6035a2cf385d4c2a40ef	理念更	cross_paper_discovery	bounded_chinese_ngram_maximal_repeat	2	2	1;2	"{""1"":1,""2"":1,""3"":0}"	制度构建;程序审查	{'confidence': 0.1, 'domain': 'unrouted', 'evidence_source': 'keyword', 'evidence_span': '分配功能', 'label_origin': 'machine_inferred', 'routing_only': True, 'source_level': 'B'};{'confidence': 0.66, 'domain': '规范理论', 'evidence_source': 'keyword', 'evidence_span': '规范解构', 'label_origin': 'machine_inferred', 'routing_only': True, 'source_level': 'B'}		internal_fragment	1.333334	"{""2023"":2}"	FXZZ202304012;FXZZ202308013	A1/A2	pending_human_review
e1ad6e0457437c3190be	理性分析	cross_paper_discovery	bounded_chinese_ngram_maximal_repeat	2	2	2;3	"{""1"":0,""2"":1,""3"":1}"		{'confidence': 0.1, 'domain': 'unrouted', 'evidence_source': 'keyword', 'evidence_span': '社会与法', 'label_origin': 'machine_inferred', 'routing_only': True, 'source_level': 'B'};{'confidence': 0.68, 'domain': '程序法', 'evidence_source': 'keyword', 'evidence_span': '诉讼时效', 'label_origin': 'machine_inferred', 'routing_only': True, 'source_level': 'B'}		internal_fragment	0.875	"{""2024"":2}"	FXZZ202403011;FXZZ202404007	A1/A2	pending_human_review
1c0cc4ef53b20da8984c	理性化	cross_paper_discovery	bounded_chinese_ngram_maximal_repeat	2	2	3	"{""1"":0,""2"":0,""3"":2}"		{'confidence': 0.1, 'domain': 'unrouted', 'evidence_source': 'keyword', 'evidence_span': '犯罪情节', 'label_origin': 'machine_inferred', 'routing_only': True, 'source_level': 'B'};{'confidence': 0.68, 'domain': '程序法', 'evidence_source': 'keyword', 'evidence_span': '核准程序', 'label_origin': 'machine_inferred', 'routing_only': True, 'source_level': 'B'}		internal_fragment	1.166667	"{""2023"":1,""2024"":1}"	FXZZ202307005;FXZZ202406004	A1/A2	pending_human_review
ba01dce207fb38722036	理性规	cross_paper_discovery	bounded_chinese_ngram_maximal_repeat	2	2	1	"{""1"":2,""2"":0,""3"":0}"	规范依据	{'confidence': 0.1, 'domain': 'unrouted', 'evidence_source': 'keyword', 'evidence_span': '体系解释', 'label_origin': 'machine_inferred', 'routing_only': True, 'source_level': 'B'};{'confidence': 0.66, 'domain': '规范理论', 'evidence_source': 'keyword', 'evidence_span': '规范保护目的', 'label_origin': 'machine_inferred', 'routing_only': True, 'source_level': 'B'}		internal_fragment	1.333334	"{""2023"":1,""2024"":1}"	FXZZ202308006;FXZZ202406002	A1/A2	pending_human_review
9d81a1b5a24db90e6e1f	理方式	cross_paper_discovery	bounded_chinese_ngram_maximal_repeat	3	3	1;2	"{""1"":1,""2"":3,""3"":0}"	程序审查	{'confidence': 0.1, 'domain': 'unrouted', 'evidence_source': 'keyword', 'evidence_span': '一体化处罚观', 'label_origin': 'machine_inferred', 'routing_only': True, 'source_level': 'B'}		internal_fragment	1.75	"{""2023"":1,""2024"":3}"	FXZZ202302010;FXZZ202405011;FXZZ202406009	A1/A2	pending_human_review
a986621a818ec42324b7	理模式	cross_paper_discovery	bounded_chinese_ngram_maximal_repeat	4	4	1;2	"{""1"":2,""2"":2,""3"":0}"		{'confidence': 0.1, 'domain': 'unrouted', 'evidence_source': 'keyword', 'evidence_span': '侦查秘密原则', 'label_origin': 'machine_inferred', 'routing_only': True, 'source_level': 'B'};{'confidence': 0.68, 'domain': '程序法', 'evidence_source': 'keyword', 'evidence_span': '逮捕程序正当化', 'label_origin': 'machine_inferred', 'routing_only': True, 'source_level': 'B'}		generic_container;internal_fragment	2.166666	"{""2023"":4}"	FXZZ202306008;FXZZ202310012;FXZZ202311004;FXZZ202312002	A1/A2	pending_human_review
93b6a7b9c2b5d7ec6889	理理论	cross_paper_discovery	bounded_chinese_ngram_maximal_repeat	2	2	2;3	"{""1"":0,""2"":1,""3"":1}"		{'confidence': 0.1, 'domain': 'unrouted', 'evidence_source': 'keyword', 'evidence_span': '罪量要素', 'label_origin': 'machine_inferred', 'routing_only': True, 'source_level': 'B'}		internal_fragment	1.333334	"{""2023"":2}"	FXZZ202304004;FXZZ202312002	A1/A2	pending_human_review
10757d580c63f0575a79	理秩序	cross_paper_discovery	bounded_chinese_ngram_maximal_repeat	3	3	1;2;3	"{""1"":1,""2"":1,""3"":1}"		{'confidence': 0.1, 'domain': 'unrouted', 'evidence_source': 'keyword', 'evidence_span': '实际控制人', 'label_origin': 'machine_inferred', 'routing_only': True, 'source_level': 'B'};{'confidence': 0.68, 'domain': '侵权责任', 'evidence_source': 'keyword', 'evidence_span': '直接责任人员', 'label_origin': 'machine_inferred', 'routing_only': True, 'source_level': 'B'}		internal_fragment	1.833333	"{""2023"":1,""2024"":1,""2026"":1}"	FXZZ202304005;FXZZ202406008;FXZZ202607004	A1/A2	pending_human_review
6dc20d45101a2f104d72	理论与实践	cross_paper_discovery	bounded_chinese_ngram_maximal_repeat	2	2	1;2	"{""1"":1,""2"":1,""3"":0}"		{'confidence': 0.1, 'domain': 'unrouted', 'evidence_source': 'keyword', 'evidence_span': '全面依法治国', 'label_origin': 'machine_inferred', 'routing_only': True, 'source_level': 'B'};{'confidence': 0.68, 'domain': '程序法', 'evidence_source': 'keyword', 'evidence_span': '主观程序正义', 'label_origin': 'machine_inferred', 'routing_only': True, 'source_level': 'B'}		internal_fragment	0.8	"{""2023"":1,""2024"":1}"	FXZZ202301001;FXZZ202405002	A1/A2	pending_human_review
dfa45988d67eda3b15a1	理论中国化	cross_paper_discovery	bounded_chinese_ngram_maximal_repeat	3	3	1;2	"{""1"":3,""2"":2,""3"":0}"	程序审查	{'confidence': 0.1, 'domain': 'unrouted', 'evidence_source': 'keyword', 'evidence_span': '全面依法治国', 'label_origin': 'machine_inferred', 'routing_only': True, 'source_level': 'B'};{'confidence': 0.68, 'domain': '程序法', 'evidence_source': 'keyword', 'evidence_span': '主观程序正义', 'label_origin': 'machine_inferred', 'routing_only': True, 'source_level': 'B'}		internal_fragment	0.96	"{""2023"":2,""2024"":3}"	FXZZ202301001;FXZZ202303001;FXZZ202401002	A1/A2	pending_human_review
65acc5771a9b162a64c4	理论争议	cross_paper_discovery	bounded_chinese_ngram_maximal_repeat	2	2	1;2	"{""1"":1,""2"":1,""3"":0}"	规范依据	{'confidence': 0.1, 'domain': 'unrouted', 'evidence_source': 'keyword', 'evidence_span': '容许的风险', 'label_origin': 'machine_inferred', 'routing_only': True, 'source_level': 'B'};{'confidence': 0.66, 'domain': '规范理论', 'evidence_source': 'keyword', 'evidence_span': '规范保护目的', 'label_origin': 'machine_inferred', 'routing_only': True, 'source_level': 'B'};{'confidence': 0.68, 'domain': '程序法', 'evidence_source': 'keyword', 'evidence_span': '程序正当原则', 'label_origin': 'machine_inferred', 'routing_only': True, 'source_level': 'B'}		internal_fragment	0.875	"{""2023"":1,""2024"":1}"	FXZZ202306003;FXZZ202405012	A1/A2	pending_human_review
3a71f0c41e00e43b5c74	理论反思	cross_paper_discovery	bounded_chinese_ngram_maximal_repeat	6	6	1;2	"{""1"":3,""2"":4,""3"":0}"	权利救济;程序审查;证据证明	{'confidence': 0.1, 'domain': 'unrouted', 'evidence_source': 'keyword', 'evidence_span': '因果关系', 'label_origin': 'machine_inferred', 'routing_only': True, 'source_level': 'B'};{'confidence': 0.66, 'domain': '比较法', 'evidence_source': 'keyword', 'evidence_span': '域外适用', 'label_origin': 'machine_inferred', 'routing_only': True, 'source_level': 'B'};{'confidence': 0.68, 'domain': '程序法', 'evidence_source': 'keyword', 'evidence_span': '司法审查', 'label_origin': 'machine_inferred', 'routing_only': True, 'source_level': 'B'}			2.035714	"{""2023"":6,""2024"":1}"	FXZZ202304008;FXZZ202307007;FXZZ202307008;FXZZ202308011;FXZZ202310010;FXZZ202401011	A1/A2	pending_human_review
eaa904c5ef9edc34a3a4	理论基础	cross_paper_discovery	bounded_chinese_ngram_maximal_repeat	6	6	1;3	"{""1"":5,""2"":0,""3"":3}"	制度构建;程序审查	{'confidence': 0.1, 'domain': 'unrouted', 'evidence_source': 'keyword', 'evidence_span': '特定化', 'label_origin': 'machine_inferred', 'routing_only': True, 'source_level': 'B'}			1.875	"{""2023"":5,""2024"":2,""2025"":1}"	FXZZ202301008;FXZZ202303011;FXZZ202308013;FXZZ202405003;FXZZ202405009;FXZZ202501004	A1/A2	pending_human_review
0e4418cfb3e9d33cfefb	理论支撑	cross_paper_discovery	bounded_chinese_ngram_maximal_repeat	2	2	2	"{""1"":0,""2"":2,""3"":0}"	程序审查	{'confidence': 0.1, 'domain': 'unrouted', 'evidence_source': 'keyword', 'evidence_span': '法律实现', 'label_origin': 'machine_inferred', 'routing_only': True, 'source_level': 'B'}		internal_fragment	0.875	"{""2023"":2}"	FXZZ202301013;FXZZ202308011	A1/A2	pending_human_review
2f148f23e79f9f3870d4	理论根	cross_paper_discovery	bounded_chinese_ngram_maximal_repeat	2	2	1;2	"{""1"":1,""2"":1,""3"":0}"		{'confidence': 0.1, 'domain': 'unrouted', 'evidence_source': 'keyword', 'evidence_span': '一体化处罚观', 'label_origin': 'machine_inferred', 'routing_only': True, 'source_level': 'B'};{'confidence': 0.68, 'domain': '侵权责任', 'evidence_source': 'keyword', 'evidence_span': '直接责任人员', 'label_origin': 'machine_inferred', 'routing_only': True, 'source_level': 'B'}		internal_fragment	1.166667	"{""2023"":2}"	FXZZ202302010;FXZZ202304005	A1/A2	pending_human_review
d5043f8d574d606243a2	理论逻辑	cross_paper_discovery	bounded_chinese_ngram_maximal_repeat	3	3	1	"{""1"":3,""2"":0,""3"":0}"	权利救济	{'confidence': 0.1, 'domain': 'unrouted', 'evidence_source': 'keyword', 'evidence_span': '缺席审判', 'label_origin': 'machine_inferred', 'routing_only': True, 'source_level': 'B'};{'confidence': 0.66, 'domain': '比较法', 'evidence_source': 'keyword', 'evidence_span': '国际投资协定', 'label_origin': 'machine_inferred', 'routing_only': True, 'source_level': 'B'};{'confidence': 0.68, 'domain': '程序法', 'evidence_source': 'keyword', 'evidence_span': '诉讼要件', 'label_origin': 'machine_inferred', 'routing_only': True, 'source_level': 'B'}		generic_container;internal_fragment	1.0	"{""2023"":1,""2024"":1,""2026"":1}"	FXZZ202303009;FXZZ202407012;FXZZ202607001	A1/A2	pending_human_review
b05b181869760fa1eaa2	理阐释	cross_paper_discovery	bounded_chinese_ngram_maximal_repeat	2	2	1;2	"{""1"":2,""2"":1,""3"":0}"		{'confidence': 0.1, 'domain': 'unrouted', 'evidence_source': 'keyword', 'evidence_span': '系统司法观', 'label_origin': 'machine_inferred', 'routing_only': True, 'source_level': 'B'}		internal_fragment	1.111112	"{""2023"":2,""2024"":1}"	FXZZ202308002;FXZZ202412008	A1/A2	pending_human_review
239161e5bcaa36e2f23e	生态文明	cross_paper_discovery	bounded_chinese_ngram_maximal_repeat	3	3	1;2;3	"{""1"":2,""2"":7,""3"":2}"	制度构建	{'confidence': 0.1, 'domain': 'unrouted', 'evidence_source': 'keyword', 'evidence_span': '法律方法论', 'label_origin': 'machine_inferred', 'routing_only': True, 'source_level': 'B'}		internal_fragment	1.227273	"{""2024"":5,""2025"":5,""2026"":1}"	FXZZ202405002;FXZZ202501004;FXZZ202607001	A1/A2	pending_human_review
a2770030b5d4479d1c24	生态环境	cross_paper_discovery	bounded_chinese_ngram_maximal_repeat	3	3	1;2;3	"{""1"":2,""2"":1,""3"":5}"	制度构建;程序审查	{'confidence': 0.1, 'domain': 'unrouted', 'evidence_source': 'keyword', 'evidence_span': '法律方法论', 'label_origin': 'machine_inferred', 'routing_only': True, 'source_level': 'B'}		internal_fragment	1.359375	"{""2024"":8}"	FXZZ202405002;FXZZ202406006;FXZZ202407011	A1/A2	pending_human_review
ae660ce7e538df83efc4	生成式人工智能	cross_paper_discovery	bounded_chinese_ngram_maximal_repeat	2	2	1;2;3	"{""1"":7,""2"":6,""3"":1}"	程序审查	{'confidence': 0.1, 'domain': 'unrouted', 'evidence_source': 'keyword', 'evidence_span': '刑法教义学', 'label_origin': 'machine_inferred', 'routing_only': True, 'source_level': 'B'}		internal_fragment;low_wordhood_score	0.346938	"{""2024"":14}"	FXZZ202405006;FXZZ202407009	A1/A2	pending_human_review
3585abefa43de00fde64	生效条件	cross_paper_discovery	bounded_chinese_ngram_maximal_repeat	2	2	2;3	"{""1"":0,""2"":1,""3"":2}"		{'confidence': 0.1, 'domain': 'unrouted', 'evidence_source': 'keyword', 'evidence_span': '劳动法', 'label_origin': 'machine_inferred', 'routing_only': True, 'source_level': 'B'}		internal_fragment;low_wordhood_score	0.75	"{""2023"":2,""2026"":1}"	FXZZ202303011;FXZZ202607007	A1/A2	pending_human_review
be23121be7590161ce49	生机制	cross_paper_discovery	bounded_chinese_ngram_maximal_repeat	2	2	1	"{""1"":2,""2"":0,""3"":0}"	制度构建	{'confidence': 0.1, 'domain': 'unrouted', 'evidence_source': 'keyword', 'evidence_span': '提级巡察', 'label_origin': 'machine_inferred', 'routing_only': True, 'source_level': 'B'}		generic_container;internal_fragment	1.166667	"{""2023"":2}"	FXZZ202305002;FXZZ202312004	A1/A2	pending_human_review
93b1ea2b4f68674012cc	生条件	cross_paper_discovery	bounded_chinese_ngram_maximal_repeat	2	2	2	"{""1"":0,""2"":2,""3"":0}"		{'confidence': 0.1, 'domain': 'unrouted', 'evidence_source': 'keyword', 'evidence_span': '添附', 'label_origin': 'machine_inferred', 'routing_only': True, 'source_level': 'B'};{'confidence': 0.72, 'domain': '合同法', 'evidence_source': 'keyword', 'evidence_span': '解除权', 'label_origin': 'machine_inferred', 'routing_only': True, 'source_level': 'B'}		internal_fragment	1.166667	"{""2023"":2}"	FXZZ202303008;FXZZ202312007	A1/A2	pending_human_review
56cd58e21e1d0dd2d69a	生逻辑	cross_paper_discovery	bounded_chinese_ngram_maximal_repeat	2	2	1	"{""1"":2,""2"":0,""3"":0}"		{'confidence': 0.1, 'domain': 'unrouted', 'evidence_source': 'keyword', 'evidence_span': '养老金给付', 'label_origin': 'machine_inferred', 'routing_only': True, 'source_level': 'B'}		generic_container;internal_fragment	1.333334	"{""2023"":1,""2024"":1}"	FXZZ202311013;FXZZ202412011	A1/A2	pending_human_review
ed373d5c59869da946fc	用主体	cross_paper_discovery	bounded_chinese_ngram_maximal_repeat	3	3	1;2	"{""1"":1,""2"":2,""3"":0}"	程序审查	{'confidence': 0.1, 'domain': 'unrouted', 'evidence_source': 'keyword', 'evidence_span': '共同行为', 'label_origin': 'machine_inferred', 'routing_only': True, 'source_level': 'B'}		internal_fragment	1.833333	"{""2023"":2,""2024"":1}"	FXZZ202302011;FXZZ202310005;FXZZ202401006	A1/A2	pending_human_review
e7cb69c0b5c0a770ab46	用原则	cross_paper_discovery	bounded_chinese_ngram_maximal_repeat	4	4	1;2;3	"{""1"":1,""2"":5,""3"":3}"		{'confidence': 0.1, 'domain': 'unrouted', 'evidence_source': 'keyword', 'evidence_span': '罪量要素', 'label_origin': 'machine_inferred', 'routing_only': True, 'source_level': 'B'};{'confidence': 0.68, 'domain': '程序法', 'evidence_source': 'keyword', 'evidence_span': '审查认证规则', 'label_origin': 'machine_inferred', 'routing_only': True, 'source_level': 'B'};{'confidence': 0.72, 'domain': '合同法', 'evidence_source': 'keyword', 'evidence_span': '合同解除', 'label_origin': 'machine_inferred', 'routing_only': True, 'source_level': 'B'}		internal_fragment	1.925925	"{""2023"":8,""2024"":1}"	FXZZ202304004;FXZZ202304007;FXZZ202309010;FXZZ202404009	A1/A2	pending_human_review
8edd1af8e56b5285faff	用合同	cross_paper_discovery	bounded_chinese_ngram_maximal_repeat	4	4	1;2	"{""1"":6,""2"":6,""3"":0}"	规范依据	{'confidence': 0.1, 'domain': 'unrouted', 'evidence_source': 'keyword', 'evidence_span': '撤回同意', 'label_origin': 'machine_inferred', 'routing_only': True, 'source_level': 'B'};{'confidence': 0.72, 'domain': '合同法', 'evidence_source': 'keyword', 'evidence_span': '任意解除权', 'label_origin': 'machine_inferred', 'routing_only': True, 'source_level': 'B'}		internal_fragment	1.888888	"{""2023"":12}"	FXZZ202306005;FXZZ202310009;FXZZ202311010;FXZZ202312007	A1/A2	pending_human_review
487dbd7a0c84c381e677	用场景	cross_paper_discovery	bounded_chinese_ngram_maximal_repeat	3	3	1;2;3	"{""1"":1,""2"":2,""3"":2}"	规范依据	{'confidence': 0.1, 'domain': 'unrouted', 'evidence_source': 'keyword', 'evidence_span': '信息自决', 'label_origin': 'machine_inferred', 'routing_only': True, 'source_level': 'B'};{'confidence': 0.72, 'domain': '合同法', 'evidence_source': 'keyword', 'evidence_span': '合同自由', 'label_origin': 'machine_inferred', 'routing_only': True, 'source_level': 'B'}		internal_fragment	1.7	"{""2023"":2,""2024"":1,""2026"":2}"	FXZZ202306006;FXZZ202405003;FXZZ202607006	A1/A2	pending_human_review
6c952642c44066108c93	用对象	cross_paper_discovery	bounded_chinese_ngram_maximal_repeat	2	2	2;3	"{""1"":0,""2"":1,""3"":1}"		{'confidence': 0.1, 'domain': 'unrouted', 'evidence_source': 'keyword', 'evidence_span': '立法技术', 'label_origin': 'machine_inferred', 'routing_only': True, 'source_level': 'B'}		internal_fragment	1.333334	"{""2023"":2}"	FXZZ202301006;FXZZ202302011	A1/A2	pending_human_review
3f406af00db65fc1e964	用市场	cross_paper_discovery	bounded_chinese_ngram_maximal_repeat	3	3	2;3	"{""1"":0,""2"":1,""3"":2}"	规范依据	{'confidence': 0.1, 'domain': 'unrouted', 'evidence_source': 'keyword', 'evidence_span': '执行依据', 'label_origin': 'machine_inferred', 'routing_only': True, 'source_level': 'B'}		internal_fragment	1.666667	"{""2023"":2,""2024"":1}"	FXZZ202307014;FXZZ202308009;FXZZ202401013	A1/A2	pending_human_review
63896fb6d6065a6dc467	用情形	cross_paper_discovery	bounded_chinese_ngram_maximal_repeat	2	2	2;3	"{""1"":0,""2"":2,""3"":1}"		{'confidence': 0.1, 'domain': 'unrouted', 'evidence_source': 'keyword', 'evidence_span': '共同行为', 'label_origin': 'machine_inferred', 'routing_only': True, 'source_level': 'B'};{'confidence': 0.68, 'domain': '程序法', 'evidence_source': 'keyword', 'evidence_span': '审查认证规则', 'label_origin': 'machine_inferred', 'routing_only': True, 'source_level': 'B'}		internal_fragment	1.111112	"{""2023"":3}"	FXZZ202302011;FXZZ202309010	A1/A2	pending_human_review
0d29e74dfc842d601d0e	用方式	cross_paper_discovery	bounded_chinese_ngram_maximal_repeat	2	2	2	"{""1"":0,""2"":2,""3"":0}"		{'confidence': 0.1, 'domain': 'unrouted', 'evidence_source': 'keyword', 'evidence_span': '不合理的对待', 'label_origin': 'machine_inferred', 'routing_only': True, 'source_level': 'B'};{'confidence': 0.66, 'domain': '规范理论', 'evidence_source': 'keyword', 'evidence_span': '规范自身平等', 'label_origin': 'machine_inferred', 'routing_only': True, 'source_level': 'B'}		internal_fragment	1.166667	"{""2023"":1,""2024"":1}"	FXZZ202302003;FXZZ202401006	A1/A2	pending_human_review
fd0e84484a148c8fe734	用条件	cross_paper_discovery	bounded_chinese_ngram_maximal_repeat	3	3	1;2	"{""1"":2,""2"":2,""3"":0}"		{'confidence': 0.1, 'domain': 'unrouted', 'evidence_source': 'keyword', 'evidence_span': '承继的共犯', 'label_origin': 'machine_inferred', 'routing_only': True, 'source_level': 'B'};{'confidence': 0.68, 'domain': '程序法', 'evidence_source': 'keyword', 'evidence_span': '正当程序', 'label_origin': 'machine_inferred', 'routing_only': True, 'source_level': 'B'}		internal_fragment	1.5	"{""2023"":1,""2024"":3}"	FXZZ202309006;FXZZ202406010;FXZZ202407003	A1/A2	pending_human_review
901e2136bac476f43807	用法律	cross_paper_discovery	bounded_chinese_ngram_maximal_repeat	5	5	1;2;3	"{""1"":2,""2"":5,""3"":5}"	比较法;程序审查	{'confidence': 0.1, 'domain': 'unrouted', 'evidence_source': 'keyword', 'evidence_span': '法律方法', 'label_origin': 'machine_inferred', 'routing_only': True, 'source_level': 'B'};{'confidence': 0.68, 'domain': '程序法', 'evidence_source': 'keyword', 'evidence_span': '裁判要点', 'label_origin': 'machine_inferred', 'routing_only': True, 'source_level': 'B'}		internal_fragment	2.291667	"{""2023"":3,""2024"":9}"	FXZZ202302002;FXZZ202308013;FXZZ202401005;FXZZ202401013;FXZZ202406011	A1/A2	pending_human_review
1f47a2a2684c7261bb53	用的合	cross_paper_discovery	bounded_chinese_ngram_maximal_repeat	2	2	1;2	"{""1"":1,""2"":1,""3"":0}"	规范依据	{'confidence': 0.1, 'domain': 'unrouted', 'evidence_source': 'keyword', 'evidence_span': '撤回同意', 'label_origin': 'machine_inferred', 'routing_only': True, 'source_level': 'B'};{'confidence': 0.68, 'domain': '程序法', 'evidence_source': 'keyword', 'evidence_span': '保证债务诉讼时效', 'label_origin': 'machine_inferred', 'routing_only': True, 'source_level': 'B'};{'confidence': 0.72, 'domain': '合同法', 'evidence_source': 'keyword', 'evidence_span': '任意解除权', 'label_origin': 'machine_inferred', 'routing_only': True, 'source_level': 'B'}		internal_fragment	1.333334	"{""2023"":1,""2024"":1}"	FXZZ202306005;FXZZ202401008	A1/A2	pending_human_review
7cef1d53d058c732a06a	用的实	cross_paper_discovery	bounded_chinese_ngram_maximal_repeat	2	2	1;2	"{""1"":1,""2"":1,""3"":0}"	规范依据	{'confidence': 0.1, 'domain': 'unrouted', 'evidence_source': 'keyword', 'evidence_span': '污染环境罪', 'label_origin': 'machine_inferred', 'routing_only': True, 'source_level': 'B'};{'confidence': 0.68, 'domain': '程序法', 'evidence_source': 'keyword', 'evidence_span': '审查认证规则', 'label_origin': 'machine_inferred', 'routing_only': True, 'source_level': 'B'}		internal_fragment	1.333334	"{""2023"":2}"	FXZZ202309005;FXZZ202309010	A1/A2	pending_human_review
6d3ed9cd85aec9692f71	用范围	cross_paper_discovery	bounded_chinese_ngram_maximal_repeat	10	10	1;2;3	"{""1"":2,""2"":8,""3"":4}"	权利救济;比较法;程序审查;规范依据	{'confidence': 0.1, 'domain': 'unrouted', 'evidence_source': 'keyword', 'evidence_span': '不合理的对待', 'label_origin': 'machine_inferred', 'routing_only': True, 'source_level': 'B'};{'confidence': 0.66, 'domain': '比较法', 'evidence_source': 'keyword', 'evidence_span': '域外适用', 'label_origin': 'machine_inferred', 'routing_only': True, 'source_level': 'B'};{'confidence': 0.66, 'domain': '规范理论', 'evidence_source': 'keyword', 'evidence_span': '规范自身平等', 'label_origin': 'machine_inferred', 'routing_only': True, 'source_level': 'B'};{'confidence': 0.68, 'domain': '程序法', 'evidence_source': 'keyword', 'evidence_span': '司法审查', 'label_origin': 'machine_inferred', 'routing_only': True, 'source_level': 'B'};{'confidence': 0.72, 'domain': '合同法', 'evidence_source': 'keyword', 'evidence_span': '解除权', 'label_origin': 'machine_inferred', 'routing_only': True, 'source_level': 'B'}		internal_fragment	4.761904	"{""2023"":10,""2024"":4}"	FXZZ202302003;FXZZ202306003;FXZZ202307008;FXZZ202309013;FXZZ202310010;FXZZ202310013;FXZZ202311013;FXZZ202312007;FXZZ202401012;FXZZ202407008	A1/A2	pending_human_review
a32ff826a0b3005886aa	用规则	cross_paper_discovery	bounded_chinese_ngram_maximal_repeat	5	5	1;2	"{""1"":1,""2"":5,""3"":0}"	比较法	{'confidence': 0.1, 'domain': 'unrouted', 'evidence_source': 'keyword', 'evidence_span': '适度干预', 'label_origin': 'machine_inferred', 'routing_only': True, 'source_level': 'B'};{'confidence': 0.66, 'domain': '比较法', 'evidence_source': 'keyword', 'evidence_span': '域外适用', 'label_origin': 'machine_inferred', 'routing_only': True, 'source_level': 'B'}		internal_fragment	2.638889	"{""2023"":2,""2024"":4}"	FXZZ202301012;FXZZ202312004;FXZZ202401012;FXZZ202404005;FXZZ202407007	A1/A2	pending_human_review
f6f3fbf494e45f5a8b18	用领域	cross_paper_discovery	bounded_chinese_ngram_maximal_repeat	3	3	2;3	"{""1"":0,""2"":2,""3"":1}"		{'confidence': 0.1, 'domain': 'unrouted', 'evidence_source': 'keyword', 'evidence_span': '特定化', 'label_origin': 'machine_inferred', 'routing_only': True, 'source_level': 'B'};{'confidence': 0.68, 'domain': '程序法', 'evidence_source': 'keyword', 'evidence_span': '诉讼时效', 'label_origin': 'machine_inferred', 'routing_only': True, 'source_level': 'B'}		internal_fragment	2.0	"{""2023"":1,""2024"":2}"	FXZZ202301008;FXZZ202401005;FXZZ202404007	A1/A2	pending_human_review
807befffb15093c15ddf	登记制	cross_paper_discovery	bounded_chinese_ngram_maximal_repeat	3	3	2;3	"{""1"":0,""2"":2,""3"":1}"	制度构建	{'confidence': 0.1, 'domain': 'unrouted', 'evidence_source': 'keyword', 'evidence_span': '知情权', 'label_origin': 'machine_inferred', 'routing_only': True, 'source_level': 'B'};{'confidence': 0.66, 'domain': '比较法', 'evidence_source': 'keyword', 'evidence_span': '域外适用', 'label_origin': 'machine_inferred', 'routing_only': True, 'source_level': 'B'};{'confidence': 0.68, 'domain': '程序法', 'evidence_source': 'keyword', 'evidence_span': '正当裁判', 'label_origin': 'machine_inferred', 'routing_only': True, 'source_level': 'B'}		internal_fragment	1.833333	"{""2023"":2,""2024"":1}"	FXZZ202305010;FXZZ202310002;FXZZ202401011	A1/A2	pending_human_review
acb3000075eb36bd03c0	的解释	legal_pattern	config_legal_pattern	5	5	1;2;3	"{""1"":2,""2"":2,""3"":1}"	规范依据	{'confidence': 0.1, 'domain': 'unrouted', 'evidence_source': 'keyword', 'evidence_span': '监察范围', 'label_origin': 'machine_inferred', 'routing_only': True, 'source_level': 'B'};{'confidence': 0.68, 'domain': '程序法', 'evidence_source': 'keyword', 'evidence_span': '义务性程序兜底条款', 'label_origin': 'machine_inferred', 'routing_only': True, 'source_level': 'B'};{'confidence': 0.72, 'domain': '合同法', 'evidence_source': 'keyword', 'evidence_span': '违约金', 'label_origin': 'machine_inferred', 'routing_only': True, 'source_level': 'B'}				"{""2023"":2,""2024"":2,""2026"":1}"	FXZZ202307006;FXZZ202309008;FXZZ202405004;FXZZ202405009;FXZZ202607004	A1/A2	pending_human_review
86b88f9c7ee7a6999a3e	益保护	cross_paper_discovery	bounded_chinese_ngram_maximal_repeat	6	6	1;2;3	"{""1"":1,""2"":3,""3"":3}"		{'confidence': 0.1, 'domain': 'unrouted', 'evidence_source': 'keyword', 'evidence_span': '利益平衡', 'label_origin': 'machine_inferred', 'routing_only': True, 'source_level': 'B'};{'confidence': 0.66, 'domain': '规范理论', 'evidence_source': 'keyword', 'evidence_span': '保护性规范', 'label_origin': 'machine_inferred', 'routing_only': True, 'source_level': 'B'};{'confidence': 0.68, 'domain': '侵权责任', 'evidence_source': 'keyword', 'evidence_span': '法人单独责任', 'label_origin': 'machine_inferred', 'routing_only': True, 'source_level': 'B'};{'confidence': 0.72, 'domain': '合同法', 'evidence_source': 'keyword', 'evidence_span': '合同解释', 'label_origin': 'machine_inferred', 'routing_only': True, 'source_level': 'B'}		internal_fragment	3.142857	"{""2023"":4,""2024"":3}"	FXZZ202304006;FXZZ202309013;FXZZ202311006;FXZZ202403007;FXZZ202406011;FXZZ202407008	A1/A2	pending_human_review
9c196c5552f0117b72d4	益损害	cross_paper_discovery	bounded_chinese_ngram_maximal_repeat	2	2	2;3	"{""1"":0,""2"":2,""3"":2}"		{'confidence': 0.1, 'domain': 'unrouted', 'evidence_source': 'keyword', 'evidence_span': '抽象界限', 'label_origin': 'machine_inferred', 'routing_only': True, 'source_level': 'B'};{'confidence': 0.68, 'domain': '程序法', 'evidence_source': 'keyword', 'evidence_span': '检察公益诉讼', 'label_origin': 'machine_inferred', 'routing_only': True, 'source_level': 'B'}		internal_fragment	1.000001	"{""2024"":2,""2026"":2}"	FXZZ202406007;FXZZ202607003	A1/A2	pending_human_review
73a2ed4682aa319917c9	益的保	cross_paper_discovery	bounded_chinese_ngram_maximal_repeat	3	3	1;2	"{""1"":1,""2"":3,""3"":0}"	权利救济;程序审查	{'confidence': 0.1, 'domain': 'unrouted', 'evidence_source': 'keyword', 'evidence_span': '体系解释', 'label_origin': 'machine_inferred', 'routing_only': True, 'source_level': 'B'};{'confidence': 0.66, 'domain': '规范理论', 'evidence_source': 'keyword', 'evidence_span': '规范保护目的', 'label_origin': 'machine_inferred', 'routing_only': True, 'source_level': 'B'}		internal_fragment	1.625	"{""2023"":4}"	FXZZ202308006;FXZZ202308013;FXZZ202309013	A1/A2	pending_human_review
cf0bbdc422c2f63aad1d	益的保护	cross_paper_discovery	bounded_chinese_ngram_maximal_repeat	2	2	1;2	"{""1"":1,""2"":2,""3"":0}"	权利救济	{'confidence': 0.1, 'domain': 'unrouted', 'evidence_source': 'keyword', 'evidence_span': '体系解释', 'label_origin': 'machine_inferred', 'routing_only': True, 'source_level': 'B'};{'confidence': 0.66, 'domain': '规范理论', 'evidence_source': 'keyword', 'evidence_span': '规范保护目的', 'label_origin': 'machine_inferred', 'routing_only': True, 'source_level': 'B'}		internal_fragment	0.833333	"{""2023"":3}"	FXZZ202308006;FXZZ202309013	A1/A2	pending_human_review
fd265d20becf80a70f12	益的具体	cross_paper_discovery	bounded_chinese_ngram_maximal_repeat	2	2	1;2	"{""1"":1,""2"":1,""3"":0}"		{'confidence': 0.1, 'domain': 'unrouted', 'evidence_source': 'keyword', 'evidence_span': '“科学的”立法', 'label_origin': 'machine_inferred', 'routing_only': True, 'source_level': 'B'};{'confidence': 0.68, 'domain': '侵权责任', 'evidence_source': 'keyword', 'evidence_span': '法人单独责任', 'label_origin': 'machine_inferred', 'routing_only': True, 'source_level': 'B'}		internal_fragment	1.0	"{""2024"":2}"	FXZZ202401003;FXZZ202403007	A1/A2	pending_human_review
c60ae896b10649dcb5cd	监督体	cross_paper_discovery	bounded_chinese_ngram_maximal_repeat	3	3	2;3	"{""1"":0,""2"":2,""3"":1}"		{'confidence': 0.1, 'domain': 'unrouted', 'evidence_source': 'keyword', 'evidence_span': '城市规划', 'label_origin': 'machine_inferred', 'routing_only': True, 'source_level': 'B'}		internal_fragment	1.666667	"{""2023"":1,""2024"":2}"	FXZZ202305003;FXZZ202401002;FXZZ202405002	A1/A2	pending_human_review
6039c1c0f4d9a853983a	监督制	cross_paper_discovery	bounded_chinese_ngram_maximal_repeat	2	2	2;3	"{""1"":0,""2"":1,""3"":1}"	制度构建	{'confidence': 0.1, 'domain': 'unrouted', 'evidence_source': 'keyword', 'evidence_span': '人民主体地位', 'label_origin': 'machine_inferred', 'routing_only': True, 'source_level': 'B'}		internal_fragment	1.333334	"{""2024"":1,""2026"":1}"	FXZZ202405013;FXZZ202607001	A1/A2	pending_human_review
0bad931e456f4ba189b6	监督机制	cross_paper_discovery	bounded_chinese_ngram_maximal_repeat	4	4	2;3	"{""1"":0,""2"":4,""3"":2}"	制度构建	{'confidence': 0.1, 'domain': 'unrouted', 'evidence_source': 'keyword', 'evidence_span': '劳动法', 'label_origin': 'machine_inferred', 'routing_only': True, 'source_level': 'B'}		generic_container;internal_fragment	1.916667	"{""2023"":4,""2024"":2}"	FXZZ202303011;FXZZ202304003;FXZZ202309013;FXZZ202405009	A1/A2	pending_human_review
df55524202deaee61129	监管规则	cross_paper_discovery	bounded_chinese_ngram_maximal_repeat	2	2	3	"{""1"":0,""2"":0,""3"":2}"		{'confidence': 0.1, 'domain': 'unrouted', 'evidence_source': 'keyword', 'evidence_span': '女性劳动权益保障', 'label_origin': 'machine_inferred', 'routing_only': True, 'source_level': 'B'};{'confidence': 0.68, 'domain': '程序法', 'evidence_source': 'keyword', 'evidence_span': '检察公益诉讼谦抑性', 'label_origin': 'machine_inferred', 'routing_only': True, 'source_level': 'B'}		internal_fragment	0.875	"{""2023"":2}"	FXZZ202304011;FXZZ202309012	A1/A2	pending_human_review
d2fdb65f02ab93d2e33a	监管部	cross_paper_discovery	bounded_chinese_ngram_maximal_repeat	2	2	1;3	"{""1"":1,""2"":0,""3"":1}"	程序审查	{'confidence': 0.1, 'domain': 'unrouted', 'evidence_source': 'keyword', 'evidence_span': '法律治理', 'label_origin': 'machine_inferred', 'routing_only': True, 'source_level': 'B'}		internal_fragment	1.333334	"{""2023"":1,""2024"":1}"	FXZZ202312010;FXZZ202406005	A1/A2	pending_human_review
ed2243fad8264cd5ceba	盗窃罪	cross_paper_discovery	bounded_chinese_ngram_maximal_repeat	2	2	1;2;3	"{""1"":3,""2"":7,""3"":2}"	构成要件;比较法;规范依据	{'confidence': 0.1, 'domain': 'unrouted', 'evidence_source': 'keyword', 'evidence_span': '法条竞合', 'label_origin': 'machine_inferred', 'routing_only': True, 'source_level': 'B'};{'confidence': 0.68, 'domain': '侵权责任', 'evidence_source': 'keyword', 'evidence_span': '监护人责任', 'label_origin': 'machine_inferred', 'routing_only': True, 'source_level': 'B'}		internal_fragment	1.000001	"{""2023"":12}"	FXZZ202303004;FXZZ202310007	A1/A2	pending_human_review
ec11f8d70382b3e40f85	目标的实现	cross_paper_discovery	bounded_chinese_ngram_maximal_repeat	2	2	2;3	"{""1"":0,""2"":1,""3"":1}"		{'confidence': 0.1, 'domain': 'unrouted', 'evidence_source': 'keyword', 'evidence_span': '民事代理', 'label_origin': 'machine_inferred', 'routing_only': True, 'source_level': 'B'}		low_wordhood_score	0.7	"{""2023"":2}"	FXZZ202307007;FXZZ202311004	A1/A2	pending_human_review
660170cfc04a7b418b76	目的性	cross_paper_discovery	bounded_chinese_ngram_maximal_repeat	4	4	1;2;3	"{""1"":2,""2"":4,""3"":1}"	制度构建;规范依据	{'confidence': 0.1, 'domain': 'unrouted', 'evidence_source': 'keyword', 'evidence_span': '合目的性改革', 'label_origin': 'machine_inferred', 'routing_only': True, 'source_level': 'B'};{'confidence': 0.68, 'domain': '程序法', 'evidence_source': 'keyword', 'evidence_span': '保证债务诉讼时效', 'label_origin': 'machine_inferred', 'routing_only': True, 'source_level': 'B'};{'confidence': 0.72, 'domain': '合同法', 'evidence_source': 'keyword', 'evidence_span': '可诉请履行性', 'label_origin': 'machine_inferred', 'routing_only': True, 'source_level': 'B'}		internal_fragment	2.0	"{""2023"":2,""2024"":2,""2026"":3}"	FXZZ202301004;FXZZ202401008;FXZZ202412009;FXZZ202607004	A1/A2	pending_human_review
15b39cc74edd0cb000d2	目的限制	cross_paper_discovery	bounded_chinese_ngram_maximal_repeat	2	2	2	"{""1"":0,""2"":2,""3"":0}"		{'confidence': 0.1, 'domain': 'unrouted', 'evidence_source': 'keyword', 'evidence_span': '合目的性改革', 'label_origin': 'machine_inferred', 'routing_only': True, 'source_level': 'B'}		internal_fragment	0.875	"{""2023"":2}"	FXZZ202301004;FXZZ202303003	A1/A2	pending_human_review
048901fcd0ffe3e49196	直接原因	cross_paper_discovery	bounded_chinese_ngram_maximal_repeat	2	2	1;3	"{""1"":1,""2"":0,""3"":1}"	制度构建	{'confidence': 0.1, 'domain': 'unrouted', 'evidence_source': 'keyword', 'evidence_span': '适度干预', 'label_origin': 'machine_inferred', 'routing_only': True, 'source_level': 'B'}			1.0	"{""2023"":2}"	FXZZ202301012;FXZZ202307011	A1/A2	pending_human_review
d05ad129b5d90ba468d5	直接适用	cross_paper_discovery	bounded_chinese_ngram_maximal_repeat	2	2	2;3	"{""1"":0,""2"":1,""3"":1}"		{'confidence': 0.1, 'domain': 'unrouted', 'evidence_source': 'keyword', 'evidence_span': '适度干预', 'label_origin': 'machine_inferred', 'routing_only': True, 'source_level': 'B'};{'confidence': 0.66, 'domain': '比较法', 'evidence_source': 'keyword', 'evidence_span': '域外适用', 'label_origin': 'machine_inferred', 'routing_only': True, 'source_level': 'B'}		internal_fragment;lexical_support	1.0	"{""2023"":1,""2024"":1}"	FXZZ202301012;FXZZ202401012	A1/A2	pending_human_review
bb5a09ad00e95bf78091	相互独立	cross_paper_discovery	bounded_chinese_ngram_maximal_repeat	2	2	3	"{""1"":0,""2"":0,""3"":2}"		{'confidence': 0.1, 'domain': 'unrouted', 'evidence_source': 'keyword', 'evidence_span': '共同行为', 'label_origin': 'machine_inferred', 'routing_only': True, 'source_level': 'B'}			1.0	"{""2023"":2}"	FXZZ202302011;FXZZ202310013	A1/A2	pending_human_review
02f1d47af49703abbb5d	相关争	cross_paper_discovery	bounded_chinese_ngram_maximal_repeat	2	2	1;2	"{""1"":1,""2"":1,""3"":0}"		{'confidence': 0.1, 'domain': 'unrouted', 'evidence_source': 'keyword', 'evidence_span': '特定化', 'label_origin': 'machine_inferred', 'routing_only': True, 'source_level': 'B'}		internal_fragment	1.333334	"{""2023"":1,""2024"":1}"	FXZZ202301008;FXZZ202404012	A1/A2	pending_human_review
873e463e223932ad6502	相关批	cross_paper_discovery	bounded_chinese_ngram_maximal_repeat	2	2	1;3	"{""1"":1,""2"":0,""3"":1}"		{'confidence': 0.1, 'domain': 'unrouted', 'evidence_source': 'keyword', 'evidence_span': '药品犯罪圈', 'label_origin': 'machine_inferred', 'routing_only': True, 'source_level': 'B'}		internal_fragment	1.333334	"{""2023"":2}"	FXZZ202302005;FXZZ202307003	A1/A2	pending_human_review
5bf2c6c2ce3570a1bc8b	相关概念	cross_paper_discovery	bounded_chinese_ngram_maximal_repeat	2	2	1;2	"{""1"":1,""2"":1,""3"":0}"	制度构建	{'confidence': 0.1, 'domain': 'unrouted', 'evidence_source': 'keyword', 'evidence_span': '幅度刑量刑', 'label_origin': 'machine_inferred', 'routing_only': True, 'source_level': 'B'};{'confidence': 0.68, 'domain': '程序法', 'evidence_source': 'keyword', 'evidence_span': '义务性程序兜底条款', 'label_origin': 'machine_inferred', 'routing_only': True, 'source_level': 'B'}		internal_fragment	1.0	"{""2024"":2}"	FXZZ202401006;FXZZ202405004	A1/A2	pending_human_review
4ec78105b9a49917bab5	相关法律	cross_paper_discovery	bounded_chinese_ngram_maximal_repeat	3	3	2;3	"{""1"":0,""2"":1,""3"":3}"	权利救济	{'confidence': 0.1, 'domain': 'unrouted', 'evidence_source': 'keyword', 'evidence_span': '犯罪情节', 'label_origin': 'machine_inferred', 'routing_only': True, 'source_level': 'B'};{'confidence': 0.68, 'domain': '程序法', 'evidence_source': 'keyword', 'evidence_span': '核准程序', 'label_origin': 'machine_inferred', 'routing_only': True, 'source_level': 'B'}		internal_fragment	1.40625	"{""2023"":1,""2024"":2,""2025"":1}"	FXZZ202307005;FXZZ202403004;FXZZ202501004	A1/A2	pending_human_review
cf79a9cd906245e26644	相关研究	cross_paper_discovery	bounded_chinese_ngram_maximal_repeat	2	2	2	"{""1"":0,""2"":2,""3"":0}"		{'confidence': 0.1, 'domain': 'unrouted', 'evidence_source': 'keyword', 'evidence_span': '合目的性改革', 'label_origin': 'machine_inferred', 'routing_only': True, 'source_level': 'B'}		internal_fragment	1.0	"{""2023"":1,""2024"":1}"	FXZZ202301004;FXZZ202406010	A1/A2	pending_human_review
74c4aeafc045b0a5e919	相关者	cross_paper_discovery	bounded_chinese_ngram_maximal_repeat	2	2	2;3	"{""1"":0,""2"":2,""3"":1}"		{'confidence': 0.1, 'domain': 'unrouted', 'evidence_source': 'keyword', 'evidence_span': '“农业面源污染防治—碳汇交易”制度', 'label_origin': 'machine_inferred', 'routing_only': True, 'source_level': 'B'}		internal_fragment	1.222223	"{""2023"":1,""2024"":2}"	FXZZ202307011;FXZZ202407011	A1/A2	pending_human_review
c816489f5df9317129e1	相关联	cross_paper_discovery	bounded_chinese_ngram_maximal_repeat	2	2	1	"{""1"":2,""2"":0,""3"":0}"		{'confidence': 0.1, 'domain': 'unrouted', 'evidence_source': 'keyword', 'evidence_span': '合并规则', 'label_origin': 'machine_inferred', 'routing_only': True, 'source_level': 'B'}		internal_fragment	1.166667	"{""2023"":1,""2024"":1}"	FXZZ202306007;FXZZ202401005	A1/A2	pending_human_review
73200ff85cdc91893ebd	相协调	cross_paper_discovery	bounded_chinese_ngram_maximal_repeat	2	2	2;3	"{""1"":0,""2"":1,""3"":1}"		{'confidence': 0.1, 'domain': 'unrouted', 'evidence_source': 'keyword', 'evidence_span': '无权代理', 'label_origin': 'machine_inferred', 'routing_only': True, 'source_level': 'B'};{'confidence': 0.68, 'domain': '侵权责任', 'evidence_source': 'keyword', 'evidence_span': '法人单独责任', 'label_origin': 'machine_inferred', 'routing_only': True, 'source_level': 'B'}		internal_fragment	1.333334	"{""2023"":1,""2024"":1}"	FXZZ202310013;FXZZ202403007	A1/A2	pending_human_review
5ad10518493db14c5115	相对人	cross_paper_discovery	bounded_chinese_ngram_maximal_repeat	7	7	1;2;3	"{""1"":2,""2"":3,""3"":7}"	法律后果;程序审查	{'confidence': 0.1, 'domain': 'unrouted', 'evidence_source': 'keyword', 'evidence_span': '受害人故意', 'label_origin': 'machine_inferred', 'routing_only': True, 'source_level': 'B'};{'confidence': 0.66, 'domain': '规范理论', 'evidence_source': 'keyword', 'evidence_span': '合同法规范', 'label_origin': 'machine_inferred', 'routing_only': True, 'source_level': 'B'};{'confidence': 0.68, 'domain': '侵权责任', 'evidence_source': 'keyword', 'evidence_span': '无权代理人责任', 'label_origin': 'machine_inferred', 'routing_only': True, 'source_level': 'B'};{'confidence': 0.68, 'domain': '程序法', 'evidence_source': 'keyword', 'evidence_span': '程序简化', 'label_origin': 'machine_inferred', 'routing_only': True, 'source_level': 'B'};{'confidence': 0.72, 'domain': '合同法', 'evidence_source': 'keyword', 'evidence_span': '合同法规范', 'label_origin': 'machine_inferred', 'routing_only': True, 'source_level': 'B'}		internal_fragment	3.791666	"{""2023"":9,""2024"":2,""2026"":1}"	FXZZ202301010;FXZZ202307008;FXZZ202308010;FXZZ202310008;FXZZ202403008;FXZZ202406005;FXZZ202607008	A1/A2	pending_human_review
15a895c5d210432f7c2b	相对无效	cross_paper_discovery	bounded_chinese_ngram_maximal_repeat	2	2	1;2;3	"{""1"":1,""2"":4,""3"":2}"		{'confidence': 0.1, 'domain': 'unrouted', 'evidence_source': 'keyword', 'evidence_span': '情节', 'label_origin': 'machine_inferred', 'routing_only': True, 'source_level': 'B'}		low_wordhood_score	0.75	"{""2024"":4,""2026"":3}"	FXZZ202403009;FXZZ202607007	A1/A2	pending_human_review
6d47b172c40ef80c983e	相结合	cross_paper_discovery	bounded_chinese_ngram_maximal_repeat	4	4	2	"{""1"":0,""2"":5,""3"":0}"		{'confidence': 0.1, 'domain': 'unrouted', 'evidence_source': 'keyword', 'evidence_span': '全面依法治国', 'label_origin': 'machine_inferred', 'routing_only': True, 'source_level': 'B'};{'confidence': 0.68, 'domain': '程序法', 'evidence_source': 'keyword', 'evidence_span': '主观程序正义', 'label_origin': 'machine_inferred', 'routing_only': True, 'source_level': 'B'}		internal_fragment	2.399999	"{""2023"":3,""2024"":2}"	FXZZ202301001;FXZZ202305003;FXZZ202311002;FXZZ202401002	A1/A2	pending_human_review
abdef2ee86314e3058a4	知识产权保护	cross_paper_discovery	bounded_chinese_ngram_maximal_repeat	2	2	2;3	"{""1"":0,""2"":1,""3"":2}"		{'confidence': 0.1, 'domain': 'unrouted', 'evidence_source': 'keyword', 'evidence_span': '适度干预', 'label_origin': 'machine_inferred', 'routing_only': True, 'source_level': 'B'}		internal_fragment;low_wordhood_score	0.611111	"{""2023"":1,""2024"":2}"	FXZZ202301012;FXZZ202407013	A1/A2	pending_human_review
2ccf24acb0d851e295c9	知识体系	cross_paper_discovery	bounded_chinese_ngram_maximal_repeat	2	2	1;2;3	"{""1"":1,""2"":1,""3"":4}"		{'confidence': 0.1, 'domain': 'unrouted', 'evidence_source': 'keyword', 'evidence_span': '法律方法论', 'label_origin': 'machine_inferred', 'routing_only': True, 'source_level': 'B'};{'confidence': 0.68, 'domain': '程序法', 'evidence_source': 'keyword', 'evidence_span': '义务性程序兜底条款', 'label_origin': 'machine_inferred', 'routing_only': True, 'source_level': 'B'}		generic_container;internal_fragment;low_wordhood_score	0.708333	"{""2024"":6}"	FXZZ202405002;FXZZ202405004	A1/A2	pending_human_review
4706454faad6f2962058	破产程序	cross_paper_discovery	bounded_chinese_ngram_maximal_repeat	3	3	1;2	"{""1"":4,""2"":4,""3"":0}"	程序审查	{'confidence': 0.1, 'domain': 'unrouted', 'evidence_source': 'keyword', 'evidence_span': '参与分配', 'label_origin': 'machine_inferred', 'routing_only': True, 'source_level': 'B'};{'confidence': 0.68, 'domain': '程序法', 'evidence_source': 'keyword', 'evidence_span': '智能辅助裁判', 'label_origin': 'machine_inferred', 'routing_only': True, 'source_level': 'B'}		internal_fragment;lexical_support	1.078125	"{""2023"":5,""2024"":3}"	FXZZ202301009;FXZZ202307009;FXZZ202401009	A1/A2	pending_human_review
12abec4c8dc04a56bc39	确定性	cross_paper_discovery	bounded_chinese_ngram_maximal_repeat	5	5	2;3	"{""1"":0,""2"":4,""3"":1}"	程序审查;规范依据	{'confidence': 0.1, 'domain': 'unrouted', 'evidence_source': 'keyword', 'evidence_span': '适度干预', 'label_origin': 'machine_inferred', 'routing_only': True, 'source_level': 'B'};{'confidence': 0.72, 'domain': '合同法', 'evidence_source': 'keyword', 'evidence_span': '合同解除', 'label_origin': 'machine_inferred', 'routing_only': True, 'source_level': 'B'}		internal_fragment	2.333334	"{""2023"":3,""2024"":2}"	FXZZ202301012;FXZZ202302004;FXZZ202308005;FXZZ202404009;FXZZ202407005	A1/A2	pending_human_review
eec32e23f61c72647fa7	确立行	cross_paper_discovery	bounded_chinese_ngram_maximal_repeat	2	2	2	"{""1"":0,""2"":2,""3"":0}"		{'confidence': 0.1, 'domain': 'unrouted', 'evidence_source': 'keyword', 'evidence_span': '一体化处罚观', 'label_origin': 'machine_inferred', 'routing_only': True, 'source_level': 'B'}		internal_fragment	1.333334	"{""2023"":2}"	FXZZ202302010;FXZZ202311006	A1/A2	pending_human_review
19f3b393b89255257d36	确适用	cross_paper_discovery	bounded_chinese_ngram_maximal_repeat	3	3	2;3	"{""1"":0,""2"":2,""3"":2}"	制度构建;规范依据	{'confidence': 0.1, 'domain': 'unrouted', 'evidence_source': 'keyword', 'evidence_span': '辅助性原则', 'label_origin': 'machine_inferred', 'routing_only': True, 'source_level': 'B'}		internal_fragment	1.75	"{""2023"":3,""2024"":1}"	FXZZ202308013;FXZZ202312004;FXZZ202407013	A1/A2	pending_human_review
834d94ca461b30f9ed8c	碎片化	cross_paper_discovery	bounded_chinese_ngram_maximal_repeat	2	2	2;3	"{""1"":0,""2"":2,""3"":1}"	规范依据	{'confidence': 0.1, 'domain': 'unrouted', 'evidence_source': 'keyword', 'evidence_span': '合目的性改革', 'label_origin': 'machine_inferred', 'routing_only': True, 'source_level': 'B'}			1.111112	"{""2023"":3}"	FXZZ202301004;FXZZ202308003	A1/A2	pending_human_review
d99322b3954a88353349	示的基础	cross_paper_discovery	bounded_chinese_ngram_maximal_repeat	2	2	1;3	"{""1"":1,""2"":0,""3"":1}"		{'confidence': 0.1, 'domain': 'unrouted', 'evidence_source': 'keyword', 'evidence_span': '实质真实发现', 'label_origin': 'machine_inferred', 'routing_only': True, 'source_level': 'B'}		internal_fragment	1.0	"{""2023"":1,""2024"":1}"	FXZZ202312009;FXZZ202404005	A1/A2	pending_human_review
f7af9b344cc425934d48	社会主	cross_paper_discovery	bounded_chinese_ngram_maximal_repeat	9	9	1;2	"{""1"":4,""2"":14,""3"":0}"	制度构建;规范依据	{'confidence': 0.1, 'domain': 'unrouted', 'evidence_source': 'keyword', 'evidence_span': '合目的性改革', 'label_origin': 'machine_inferred', 'routing_only': True, 'source_level': 'B'};{'confidence': 0.68, 'domain': '程序法', 'evidence_source': 'keyword', 'evidence_span': '程序问题', 'label_origin': 'machine_inferred', 'routing_only': True, 'source_level': 'B'}		internal_fragment	3.666667	"{""2023"":7,""2024"":9,""2026"":2}"	FXZZ202301004;FXZZ202303001;FXZZ202306001;FXZZ202307003;FXZZ202308012;FXZZ202401002;FXZZ202401003;FXZZ202412006;FXZZ202607001	A1/A2	pending_human_review
bddb340b3475ab98224b	社会主义	cross_paper_discovery	bounded_chinese_ngram_maximal_repeat	8	8	1;2	"{""1"":4,""2"":13,""3"":0}"	制度构建;规范依据	{'confidence': 0.1, 'domain': 'unrouted', 'evidence_source': 'keyword', 'evidence_span': '合目的性改革', 'label_origin': 'machine_inferred', 'routing_only': True, 'source_level': 'B'};{'confidence': 0.68, 'domain': '程序法', 'evidence_source': 'keyword', 'evidence_span': '程序问题', 'label_origin': 'machine_inferred', 'routing_only': True, 'source_level': 'B'}		internal_fragment	2.823529	"{""2023"":7,""2024"":8,""2026"":2}"	FXZZ202301004;FXZZ202303001;FXZZ202306001;FXZZ202307003;FXZZ202308012;FXZZ202401002;FXZZ202412006;FXZZ202607001	A1/A2	pending_human_review
e81018e666d2745d95ab	社会主义法	cross_paper_discovery	bounded_chinese_ngram_maximal_repeat	3	3	1;2	"{""1"":3,""2"":6,""3"":0}"	制度构建;规范依据	{'confidence': 0.1, 'domain': 'unrouted', 'evidence_source': 'keyword', 'evidence_span': '合目的性改革', 'label_origin': 'machine_inferred', 'routing_only': True, 'source_level': 'B'}		internal_fragment;low_wordhood_score	0.733333	"{""2023"":2,""2024"":7}"	FXZZ202301004;FXZZ202306001;FXZZ202401002	A1/A2	pending_human_review
e2672dde98d8a2066821	社会公	cross_paper_discovery	bounded_chinese_ngram_maximal_repeat	4	4	3	"{""1"":0,""2"":0,""3"":4}"		{'confidence': 0.1, 'domain': 'unrouted', 'evidence_source': 'keyword', 'evidence_span': '劳动法', 'label_origin': 'machine_inferred', 'routing_only': True, 'source_level': 'B'};{'confidence': 0.66, 'domain': '比较法', 'evidence_source': 'keyword', 'evidence_span': '国际投资协定', 'label_origin': 'machine_inferred', 'routing_only': True, 'source_level': 'B'}		internal_fragment	2.333333	"{""2023"":1,""2024"":3}"	FXZZ202303011;FXZZ202404005;FXZZ202405013;FXZZ202407012	A1/A2	pending_human_review
3ced8faa9e8eee6643c9	社会公众	cross_paper_discovery	bounded_chinese_ngram_maximal_repeat	2	2	3	"{""1"":0,""2"":0,""3"":2}"		{'confidence': 0.1, 'domain': 'unrouted', 'evidence_source': 'keyword', 'evidence_span': '社会危害性', 'label_origin': 'machine_inferred', 'routing_only': True, 'source_level': 'B'};{'confidence': 0.66, 'domain': '比较法', 'evidence_source': 'keyword', 'evidence_span': '国际投资协定', 'label_origin': 'machine_inferred', 'routing_only': True, 'source_level': 'B'}		internal_fragment	1.0	"{""2024"":2}"	FXZZ202404005;FXZZ202407012	A1/A2	pending_human_review
eb8e2464538ee864e221	社会发展	cross_paper_discovery	bounded_chinese_ngram_maximal_repeat	5	5	2;3	"{""1"":0,""2"":3,""3"":2}"		{'confidence': 0.1, 'domain': 'unrouted', 'evidence_source': 'keyword', 'evidence_span': '合目的性改革', 'label_origin': 'machine_inferred', 'routing_only': True, 'source_level': 'B'};{'confidence': 0.68, 'domain': '程序法', 'evidence_source': 'keyword', 'evidence_span': '程序问题', 'label_origin': 'machine_inferred', 'routing_only': True, 'source_level': 'B'}		internal_fragment	2.375	"{""2023"":4,""2024"":1}"	FXZZ202301004;FXZZ202305013;FXZZ202308012;FXZZ202311007;FXZZ202405002	A1/A2	pending_human_review
48bfadd2674df3df27f6	社会实践	cross_paper_discovery	bounded_chinese_ngram_maximal_repeat	2	2	2	"{""1"":0,""2"":2,""3"":0}"	规范依据	{'confidence': 0.1, 'domain': 'unrouted', 'evidence_source': 'keyword', 'evidence_span': '治外法权', 'label_origin': 'machine_inferred', 'routing_only': True, 'source_level': 'B'};{'confidence': 0.68, 'domain': '程序法', 'evidence_source': 'keyword', 'evidence_span': '义务性程序兜底条款', 'label_origin': 'machine_inferred', 'routing_only': True, 'source_level': 'B'}			1.0	"{""2023"":1,""2024"":1}"	FXZZ202309002;FXZZ202405004	A1/A2	pending_human_review
0a951b9316a8eeb76145	社会治	cross_paper_discovery	bounded_chinese_ngram_maximal_repeat	5	5	1;2;3	"{""1"":5,""2"":4,""3"":1}"		{'confidence': 0.1, 'domain': 'unrouted', 'evidence_source': 'keyword', 'evidence_span': '法的安定性', 'label_origin': 'machine_inferred', 'routing_only': True, 'source_level': 'B'};{'confidence': 0.68, 'domain': '侵权责任', 'evidence_source': 'keyword', 'evidence_span': '监护人责任', 'label_origin': 'machine_inferred', 'routing_only': True, 'source_level': 'B'};{'confidence': 0.68, 'domain': '程序法', 'evidence_source': 'keyword', 'evidence_span': '正当裁判', 'label_origin': 'machine_inferred', 'routing_only': True, 'source_level': 'B'}		internal_fragment	2.416667	"{""2023"":9,""2024"":1}"	FXZZ202310002;FXZZ202310007;FXZZ202311004;FXZZ202312002;FXZZ202401008	A1/A2	pending_human_review
f37399ee9ad530034ec4	社会治理	cross_paper_discovery	bounded_chinese_ngram_maximal_repeat	4	4	1;2;3	"{""1"":5,""2"":3,""3"":1}"		{'confidence': 0.1, 'domain': 'unrouted', 'evidence_source': 'keyword', 'evidence_span': '法的安定性', 'label_origin': 'machine_inferred', 'routing_only': True, 'source_level': 'B'};{'confidence': 0.68, 'domain': '程序法', 'evidence_source': 'keyword', 'evidence_span': '正当裁判', 'label_origin': 'machine_inferred', 'routing_only': True, 'source_level': 'B'}		internal_fragment	1.611111	"{""2023"":8,""2024"":1}"	FXZZ202310002;FXZZ202311004;FXZZ202312002;FXZZ202401008	A1/A2	pending_human_review
764a7ebf958fc8553728	社会治理体系	cross_paper_discovery	bounded_chinese_ngram_maximal_repeat	2	2	2;3	"{""1"":0,""2"":1,""3"":1}"		{'confidence': 0.1, 'domain': 'unrouted', 'evidence_source': 'keyword', 'evidence_span': '法的安定性', 'label_origin': 'machine_inferred', 'routing_only': True, 'source_level': 'B'};{'confidence': 0.68, 'domain': '程序法', 'evidence_source': 'keyword', 'evidence_span': '正当裁判', 'label_origin': 'machine_inferred', 'routing_only': True, 'source_level': 'B'}		generic_container;internal_fragment;low_wordhood_score	0.666666	"{""2023"":1,""2024"":1}"	FXZZ202310002;FXZZ202401008	A1/A2	pending_human_review
cec831cf9f5fec2df7ec	社会法	cross_paper_discovery	bounded_chinese_ngram_maximal_repeat	2	2	1;2	"{""1"":1,""2"":1,""3"":0}"	权利救济	{'confidence': 0.1, 'domain': 'unrouted', 'evidence_source': 'keyword', 'evidence_span': '社会产权', 'label_origin': 'machine_inferred', 'routing_only': True, 'source_level': 'B'};{'confidence': 0.68, 'domain': '程序法', 'evidence_source': 'keyword', 'evidence_span': '消费公益诉讼', 'label_origin': 'machine_inferred', 'routing_only': True, 'source_level': 'B'}		internal_fragment	1.333334	"{""2023"":1,""2024"":1}"	FXZZ202312008;FXZZ202403012	A1/A2	pending_human_review
3b633c3dbe197254ded6	社会秩序	cross_paper_discovery	bounded_chinese_ngram_maximal_repeat	4	4	1;2;3	"{""1"":1,""2"":12,""3"":1}"		{'confidence': 0.1, 'domain': 'unrouted', 'evidence_source': 'keyword', 'evidence_span': '合目的性改革', 'label_origin': 'machine_inferred', 'routing_only': True, 'source_level': 'B'}			1.5	"{""2023"":13,""2024"":1}"	FXZZ202301004;FXZZ202301005;FXZZ202302004;FXZZ202406006	A1/A2	pending_human_review
c1b9936d50502db5bcc1	社会责任	cross_paper_discovery	bounded_chinese_ngram_maximal_repeat	2	2	1;2;3	"{""1"":2,""2"":6,""3"":1}"		{'confidence': 0.1, 'domain': 'unrouted', 'evidence_source': 'keyword', 'evidence_span': '投资争端解决', 'label_origin': 'machine_inferred', 'routing_only': True, 'source_level': 'B'};{'confidence': 0.66, 'domain': '比较法', 'evidence_source': 'keyword', 'evidence_span': '国际投资条约', 'label_origin': 'machine_inferred', 'routing_only': True, 'source_level': 'B'};{'confidence': 0.66, 'domain': '规范理论', 'evidence_source': 'keyword', 'evidence_span': '规范解构', 'label_origin': 'machine_inferred', 'routing_only': True, 'source_level': 'B'};{'confidence': 0.68, 'domain': '侵权责任', 'evidence_source': 'keyword', 'evidence_span': '企业社会责任', 'label_origin': 'machine_inferred', 'routing_only': True, 'source_level': 'B'}		internal_fragment;low_wordhood_score	0.75	"{""2023"":9}"	FXZZ202303012;FXZZ202304012	A1/A2	pending_human_review
06da82e34f49d6f2fd8a	禁止原则	cross_paper_discovery	bounded_chinese_ngram_maximal_repeat	2	2	1;2	"{""1"":1,""2"":1,""3"":0}"		{'confidence': 0.1, 'domain': 'unrouted', 'evidence_source': 'keyword', 'evidence_span': '撤回权', 'label_origin': 'machine_inferred', 'routing_only': True, 'source_level': 'B'};{'confidence': 0.72, 'domain': '合同法', 'evidence_source': 'keyword', 'evidence_span': '解除权', 'label_origin': 'machine_inferred', 'routing_only': True, 'source_level': 'B'}		internal_fragment	1.0	"{""2023"":1,""2024"":1}"	FXZZ202312007;FXZZ202412006	A1/A2	pending_human_review
e38f9633c1b3413575a8	禁止类推	cross_paper_discovery	bounded_chinese_ngram_maximal_repeat	2	2	1;2;3	"{""1"":1,""2"":1,""3"":1}"	规范依据	{'confidence': 0.1, 'domain': 'unrouted', 'evidence_source': 'keyword', 'evidence_span': '污染环境罪', 'label_origin': 'machine_inferred', 'routing_only': True, 'source_level': 'B'}		internal_fragment	0.833333	"{""2023"":1,""2024"":2}"	FXZZ202309005;FXZZ202403006	A1/A2	pending_human_review
4f1e541bca58f3ed4768	私法效力	cross_paper_discovery	bounded_chinese_ngram_maximal_repeat	2	2	2;3	"{""1"":0,""2"":5,""3"":1}"	程序审查	{'confidence': 0.1, 'domain': 'unrouted', 'evidence_source': 'keyword', 'evidence_span': '劳动法', 'label_origin': 'machine_inferred', 'routing_only': True, 'source_level': 'B'}		internal_fragment;low_wordhood_score	0.708333	"{""2023"":6}"	FXZZ202303011;FXZZ202308009	A1/A2	pending_human_review
2cedb49ab29db60180ad	种情形	cross_paper_discovery	bounded_chinese_ngram_maximal_repeat	3	3	2	"{""1"":0,""2"":3,""3"":0}"	构成要件	{'confidence': 0.1, 'domain': 'unrouted', 'evidence_source': 'keyword', 'evidence_span': '监察范围', 'label_origin': 'machine_inferred', 'routing_only': True, 'source_level': 'B'}		internal_fragment	1.833333	"{""2023"":1,""2024"":1,""2026"":1}"	FXZZ202307006;FXZZ202407009;FXZZ202607005	A1/A2	pending_human_review
964520a23ea83bcf7572	种观点	cross_paper_discovery	bounded_chinese_ngram_maximal_repeat	2	2	2;3	"{""1"":0,""2"":1,""3"":1}"		{'confidence': 0.1, 'domain': 'unrouted', 'evidence_source': 'keyword', 'evidence_span': '破产别除权', 'label_origin': 'machine_inferred', 'routing_only': True, 'source_level': 'B'}		internal_fragment	1.166667	"{""2023"":1,""2024"":1}"	FXZZ202307008;FXZZ202403012	A1/A2	pending_human_review
3582b27e17c8947f1c9c	科学证据	cross_paper_discovery	bounded_chinese_ngram_maximal_repeat	2	2	2	"{""1"":0,""2"":2,""3"":0}"	证据证明	{'confidence': 0.1, 'domain': 'unrouted', 'evidence_source': 'keyword', 'evidence_span': '海洋环境保护', 'label_origin': 'machine_inferred', 'routing_only': True, 'source_level': 'B'};{'confidence': 0.68, 'domain': '侵权责任', 'evidence_source': 'keyword', 'evidence_span': '损害赔偿', 'label_origin': 'machine_inferred', 'routing_only': True, 'source_level': 'B'};{'confidence': 0.68, 'domain': '程序法', 'evidence_source': 'keyword', 'evidence_span': '检察公益诉讼', 'label_origin': 'machine_inferred', 'routing_only': True, 'source_level': 'B'}		internal_fragment	1.0	"{""2023"":1,""2026"":1}"	FXZZ202302013;FXZZ202607003	A1/A2	pending_human_review
abd54e5d43abba923b18	秩序法益	cross_paper_discovery	bounded_chinese_ngram_maximal_repeat	2	2	1;2	"{""1"":3,""2"":9,""3"":0}"	制度构建	{'confidence': 0.1, 'domain': 'unrouted', 'evidence_source': 'keyword', 'evidence_span': '不法原因给付', 'label_origin': 'machine_inferred', 'routing_only': True, 'source_level': 'B'}		internal_fragment;low_wordhood_score	0.770833	"{""2023"":11,""2026"":1}"	FXZZ202311008;FXZZ202607004	A1/A2	pending_human_review
4bf969e752e402fa1bb8	积极性	cross_paper_discovery	bounded_chinese_ngram_maximal_repeat	2	2	1;2	"{""1"":1,""2"":2,""3"":0}"		{'confidence': 0.1, 'domain': 'unrouted', 'evidence_source': 'keyword', 'evidence_span': '立法模', 'label_origin': 'machine_inferred', 'routing_only': True, 'source_level': 'B'}		internal_fragment	1.222223	"{""2023"":3}"	FXZZ202304003;FXZZ202307006	A1/A2	pending_human_review
2d0666e3c6edab955466	积极推动	cross_paper_discovery	bounded_chinese_ngram_maximal_repeat	2	2	2;3	"{""1"":0,""2"":2,""3"":1}"		{'confidence': 0.1, 'domain': 'unrouted', 'evidence_source': 'keyword', 'evidence_span': '刑法保障', 'label_origin': 'machine_inferred', 'routing_only': True, 'source_level': 'B'}		internal_fragment	0.916667	"{""2023"":3}"	FXZZ202301007;FXZZ202305002	A1/A2	pending_human_review
252ec9cea08f1f769134	程序	legal_term	config_legal_term_longest_match	56	56	1;2;3	"{""1"":34,""2"":75,""3"":54}"	制度构建;权利救济;构成要件;案例适用;程序审查;规范依据;证据证明	{'confidence': 0.1, 'domain': 'unrouted', 'evidence_source': 'keyword', 'evidence_span': '全面依法治国', 'label_origin': 'machine_inferred', 'routing_only': True, 'source_level': 'B'};{'confidence': 0.66, 'domain': '比较法', 'evidence_source': 'keyword', 'evidence_span': '国际经贸合作', 'label_origin': 'machine_inferred', 'routing_only': True, 'source_level': 'B'};{'confidence': 0.66, 'domain': '规范理论', 'evidence_source': 'keyword', 'evidence_span': '轻罪规范', 'label_origin': 'machine_inferred', 'routing_only': True, 'source_level': 'B'};{'confidence': 0.68, 'domain': '侵权责任', 'evidence_source': 'keyword', 'evidence_span': '损害赔偿', 'label_origin': 'machine_inferred', 'routing_only': True, 'source_level': 'B'};{'confidence': 0.68, 'domain': '程序法', 'evidence_source': 'keyword', 'evidence_span': '主观程序正义', 'label_origin': 'machine_inferred', 'routing_only': True, 'source_level': 'B'};{'confidence': 0.72, 'domain': '合同法', 'evidence_source': 'keyword', 'evidence_span': '行政代履行', 'label_origin': 'machine_inferred', 'routing_only': True, 'source_level': 'B'}				"{""2023"":82,""2024"":78,""2026"":3}"	FXZZ202301001;FXZZ202301007;FXZZ202301009;FXZZ202302010;FXZZ202302012;FXZZ202302013;FXZZ202303003;FXZZ202303007;FXZZ202303009;FXZZ202304014;FXZZ202305003;FXZZ202305005;FXZZ202305011;FXZZ202307006;FXZZ202307007;FXZZ202307009;FXZZ202308004;FXZZ202308005;FXZZ202308007;FXZZ202308009;FXZZ202308010;FXZZ202308011;FXZZ202308013;FXZZ202309003;FXZZ202309004;FXZZ202310002;FXZZ202310005;FXZZ202310010;FXZZ202310011;FXZZ202311005;FXZZ202311006;FXZZ202312001;FXZZ202312003;FXZZ202312009;FXZZ202401003;FXZZ202401007;FXZZ202401008;FXZZ202401009;FXZZ202401011;FXZZ202403003;FXZZ202404002;FXZZ202404005;FXZZ202404012;FXZZ202405005;FXZZ202405013;FXZZ202406004;FXZZ202406005;FXZZ202406009;FXZZ202407003;FXZZ202407004;FXZZ202407010;FXZZ202407011;FXZZ202412004;FXZZ202412005;FXZZ202412010;FXZZ202607003	A1/A2	pending_human_review
61df1f9a22c4f4a47adf	程序与实体	cross_paper_discovery	bounded_chinese_ngram_maximal_repeat	2	2	2	"{""1"":0,""2"":2,""3"":0}"	程序审查	{'confidence': 0.1, 'domain': 'unrouted', 'evidence_source': 'keyword', 'evidence_span': '印证方法', 'label_origin': 'machine_inferred', 'routing_only': True, 'source_level': 'B'}		internal_fragment	0.8	"{""2023"":1,""2024"":1}"	FXZZ202308013;FXZZ202406009	A1/A2	pending_human_review
7ccd1f0cba7f55944d21	程序保	cross_paper_discovery	bounded_chinese_ngram_maximal_repeat	3	3	1;3	"{""1"":1,""2"":0,""3"":2}"	制度构建;程序审查	{'confidence': 0.1, 'domain': 'unrouted', 'evidence_source': 'keyword', 'evidence_span': '透明度', 'label_origin': 'machine_inferred', 'routing_only': True, 'source_level': 'B'};{'confidence': 0.66, 'domain': '比较法', 'evidence_source': 'keyword', 'evidence_span': '国际经贸合作', 'label_origin': 'machine_inferred', 'routing_only': True, 'source_level': 'B'};{'confidence': 0.68, 'domain': '程序法', 'evidence_source': 'keyword', 'evidence_span': '智能辅助裁判', 'label_origin': 'machine_inferred', 'routing_only': True, 'source_level': 'B'}		internal_fragment	1.666667	"{""2023"":1,""2024"":2}"	FXZZ202302012;FXZZ202401003;FXZZ202401009	A1/A2	pending_human_review
335db6c6ac1ceec6e1a9	程序保障	cross_paper_discovery	bounded_chinese_ngram_maximal_repeat	2	2	1;3	"{""1"":1,""2"":0,""3"":1}"	程序审查	{'confidence': 0.1, 'domain': 'unrouted', 'evidence_source': 'keyword', 'evidence_span': '透明度', 'label_origin': 'machine_inferred', 'routing_only': True, 'source_level': 'B'};{'confidence': 0.66, 'domain': '比较法', 'evidence_source': 'keyword', 'evidence_span': '国际经贸合作', 'label_origin': 'machine_inferred', 'routing_only': True, 'source_level': 'B'};{'confidence': 0.68, 'domain': '程序法', 'evidence_source': 'keyword', 'evidence_span': '智能辅助裁判', 'label_origin': 'machine_inferred', 'routing_only': True, 'source_level': 'B'}		internal_fragment;low_wordhood_score	0.75	"{""2023"":1,""2024"":1}"	FXZZ202302012;FXZZ202401009	A1/A2	pending_human_review
53c393f761dc47dc4205	程序功能	cross_paper_discovery	bounded_chinese_ngram_maximal_repeat	2	2	2	"{""1"":0,""2"":2,""3"":0}"	程序审查;证据证明	{'confidence': 0.1, 'domain': 'unrouted', 'evidence_source': 'keyword', 'evidence_span': '刑法处罚早期化', 'label_origin': 'machine_inferred', 'routing_only': True, 'source_level': 'B'};{'confidence': 0.66, 'domain': '比较法', 'evidence_source': 'keyword', 'evidence_span': '域外适用', 'label_origin': 'machine_inferred', 'routing_only': True, 'source_level': 'B'}		internal_fragment	1.0	"{""2023"":1,""2024"":1}"	FXZZ202308005;FXZZ202401011	A1/A2	pending_human_review
1a40977b2965f90ac79e	程序性	cross_paper_discovery	bounded_chinese_ngram_maximal_repeat	5	5	2;3	"{""1"":0,""2"":3,""3"":2}"	权利救济;程序审查;证据证明	{'confidence': 0.1, 'domain': 'unrouted', 'evidence_source': 'keyword', 'evidence_span': '功能定位', 'label_origin': 'machine_inferred', 'routing_only': True, 'source_level': 'B'};{'confidence': 0.66, 'domain': '比较法', 'evidence_source': 'keyword', 'evidence_span': '域外适用', 'label_origin': 'machine_inferred', 'routing_only': True, 'source_level': 'B'};{'confidence': 0.68, 'domain': '程序法', 'evidence_source': 'keyword', 'evidence_span': '审查批准', 'label_origin': 'machine_inferred', 'routing_only': True, 'source_level': 'B'}		internal_fragment	3.000001	"{""2023"":3,""2024"":1,""2026"":1}"	FXZZ202308004;FXZZ202308013;FXZZ202312009;FXZZ202401011;FXZZ202607003	A1/A2	pending_human_review
142388fc37d90f365a30	程序构建	cross_paper_discovery	bounded_chinese_ngram_maximal_repeat	2	2	1;3	"{""1"":1,""2"":0,""3"":1}"	程序审查	{'confidence': 0.1, 'domain': 'unrouted', 'evidence_source': 'keyword', 'evidence_span': '监察范围', 'label_origin': 'machine_inferred', 'routing_only': True, 'source_level': 'B'}		internal_fragment	1.0	"{""2023"":1,""2024"":1}"	FXZZ202307006;FXZZ202412005	A1/A2	pending_human_review
e9184bdf3b448d576a61	程序正	cross_paper_discovery	bounded_chinese_ngram_maximal_repeat	4	4	1;2;3	"{""1"":3,""2"":4,""3"":2}"	制度构建;程序审查	{'confidence': 0.1, 'domain': 'unrouted', 'evidence_source': 'keyword', 'evidence_span': '全面依法治国', 'label_origin': 'machine_inferred', 'routing_only': True, 'source_level': 'B'};{'confidence': 0.68, 'domain': '程序法', 'evidence_source': 'keyword', 'evidence_span': '主观程序正义', 'label_origin': 'machine_inferred', 'routing_only': True, 'source_level': 'B'}		internal_fragment	1.777777	"{""2023"":6,""2024"":3}"	FXZZ202301001;FXZZ202309004;FXZZ202405013;FXZZ202407003	A1/A2	pending_human_review
9b54c7824f0f997dd131	程序正义	cross_paper_discovery	bounded_chinese_ngram_maximal_repeat	2	2	1;2	"{""1"":3,""2"":2,""3"":0}"	程序审查	{'confidence': 0.1, 'domain': 'unrouted', 'evidence_source': 'keyword', 'evidence_span': '全面依法治国', 'label_origin': 'machine_inferred', 'routing_only': True, 'source_level': 'B'};{'confidence': 0.68, 'domain': '程序法', 'evidence_source': 'keyword', 'evidence_span': '主观程序正义', 'label_origin': 'machine_inferred', 'routing_only': True, 'source_level': 'B'}		internal_fragment	0.8	"{""2023"":3,""2024"":2}"	FXZZ202301001;FXZZ202407003	A1/A2	pending_human_review
e1e7d67cc0a38581a446	程序正当原则	cross_paper_discovery	bounded_chinese_ngram_maximal_repeat	2	2	2;3	"{""1"":0,""2"":2,""3"":2}"	制度构建;程序审查	{'confidence': 0.1, 'domain': 'unrouted', 'evidence_source': 'keyword', 'evidence_span': '整全性', 'label_origin': 'machine_inferred', 'routing_only': True, 'source_level': 'B'}		internal_fragment;low_wordhood_score	0.499999	"{""2023"":3,""2024"":1}"	FXZZ202309004;FXZZ202405013	A1/A2	pending_human_review
1b870b2be88668a91639	程序法	cross_paper_discovery	bounded_chinese_ngram_maximal_repeat	4	4	1;2;3	"{""1"":1,""2"":3,""3"":5}"	程序审查;规范依据;证据证明	{'confidence': 0.1, 'domain': 'unrouted', 'evidence_source': 'keyword', 'evidence_span': '海洋环境保护', 'label_origin': 'machine_inferred', 'routing_only': True, 'source_level': 'B'};{'confidence': 0.68, 'domain': '侵权责任', 'evidence_source': 'keyword', 'evidence_span': '损害赔偿', 'label_origin': 'machine_inferred', 'routing_only': True, 'source_level': 'B'}		internal_fragment	2.222222	"{""2023"":2,""2024"":7}"	FXZZ202302013;FXZZ202311006;FXZZ202405005;FXZZ202406009	A1/A2	pending_human_review
5a326d59433a63da0c9b	程序的制度	cross_paper_discovery	bounded_chinese_ngram_maximal_repeat	2	2	1;3	"{""1"":2,""2"":0,""3"":1}"	制度构建;程序审查	{'confidence': 0.1, 'domain': 'unrouted', 'evidence_source': 'keyword', 'evidence_span': '刑法保障', 'label_origin': 'machine_inferred', 'routing_only': True, 'source_level': 'B'}		internal_fragment	0.8	"{""2023"":1,""2024"":2}"	FXZZ202301007;FXZZ202406005	A1/A2	pending_human_review
8f026ddc61d626de44f8	程序规	cross_paper_discovery	bounded_chinese_ngram_maximal_repeat	6	6	1;2;3	"{""1"":2,""2"":4,""3"":3}"	权利救济;程序审查;规范依据	{'confidence': 0.1, 'domain': 'unrouted', 'evidence_source': 'keyword', 'evidence_span': '预防性法律制度', 'label_origin': 'machine_inferred', 'routing_only': True, 'source_level': 'B'}		internal_fragment	2.888889	"{""2023"":5,""2024"":4}"	FXZZ202305005;FXZZ202308005;FXZZ202308013;FXZZ202310005;FXZZ202312003;FXZZ202412005	A1/A2	pending_human_review
5078188f0946a5dbe9db	程序规则	cross_paper_discovery	bounded_chinese_ngram_maximal_repeat	3	3	1;2;3	"{""1"":1,""2"":2,""3"":3}"	程序审查	{'confidence': 0.1, 'domain': 'unrouted', 'evidence_source': 'keyword', 'evidence_span': '刑法处罚早期化', 'label_origin': 'machine_inferred', 'routing_only': True, 'source_level': 'B'}		internal_fragment	1.0625	"{""2023"":2,""2024"":4}"	FXZZ202308005;FXZZ202308013;FXZZ202412005	A1/A2	pending_human_review
bea4d16ce646299badcb	程序规范	cross_paper_discovery	bounded_chinese_ngram_maximal_repeat	2	2	2	"{""1"":0,""2"":2,""3"":0}"	权利救济;程序审查;规范依据	{'confidence': 0.1, 'domain': 'unrouted', 'evidence_source': 'keyword', 'evidence_span': '预防性法律制度', 'label_origin': 'machine_inferred', 'routing_only': True, 'source_level': 'B'}		internal_fragment	1.0	"{""2023"":2}"	FXZZ202305005;FXZZ202312003	A1/A2	pending_human_review
67a51dac2646c777f0a1	程序设	cross_paper_discovery	bounded_chinese_ngram_maximal_repeat	2	2	1;3	"{""1"":1,""2"":0,""3"":1}"	程序审查	{'confidence': 0.1, 'domain': 'unrouted', 'evidence_source': 'keyword', 'evidence_span': '一体化处罚观', 'label_origin': 'machine_inferred', 'routing_only': True, 'source_level': 'B'}		internal_fragment	1.333334	"{""2023"":1,""2024"":1}"	FXZZ202302010;FXZZ202406005	A1/A2	pending_human_review
bb2edf1c6e406c1cbd53	程序问题	cross_paper_discovery	bounded_chinese_ngram_maximal_repeat	2	2	1;2	"{""1"":2,""2"":1,""3"":0}"	程序审查	{'confidence': 0.1, 'domain': 'unrouted', 'evidence_source': 'keyword', 'evidence_span': '平行效果', 'label_origin': 'machine_inferred', 'routing_only': True, 'source_level': 'B'};{'confidence': 0.68, 'domain': '程序法', 'evidence_source': 'keyword', 'evidence_span': '程序简化', 'label_origin': 'machine_inferred', 'routing_only': True, 'source_level': 'B'}		internal_fragment	1.0	"{""2023"":3}"	FXZZ202308010;FXZZ202308013	A1/A2	pending_human_review
adf4f085e7384b122ae7	税收协	cross_paper_discovery	bounded_chinese_ngram_maximal_repeat	2	2	2;3	"{""1"":0,""2"":1,""3"":1}"	规范依据			internal_fragment	1.333334	"{""2023"":1,""2024"":1}"	FXZZ202304014;FXZZ202405013	A1/A2	pending_human_review
99d66202cf4b650572b2	税收征管	cross_paper_discovery	bounded_chinese_ngram_maximal_repeat	3	3	2;3	"{""1"":0,""2"":3,""3"":1}"	制度构建;程序审查			internal_fragment	1.5	"{""2023"":3,""2024"":1}"	FXZZ202305013;FXZZ202311013;FXZZ202405013	A1/A2	pending_human_review
39704e5bbcec379134c6	突破口	cross_paper_discovery	bounded_chinese_ngram_maximal_repeat	2	2	2	"{""1"":0,""2"":2,""3"":0}"	制度构建	{'confidence': 0.1, 'domain': 'unrouted', 'evidence_source': 'keyword', 'evidence_span': '全面依法治国', 'label_origin': 'machine_inferred', 'routing_only': True, 'source_level': 'B'};{'confidence': 0.66, 'domain': '比较法', 'evidence_source': 'keyword', 'evidence_span': '国际税收协调', 'label_origin': 'machine_inferred', 'routing_only': True, 'source_level': 'B'};{'confidence': 0.68, 'domain': '程序法', 'evidence_source': 'keyword', 'evidence_span': '主观程序正义', 'label_origin': 'machine_inferred', 'routing_only': True, 'source_level': 'B'};{'confidence': 0.76, 'domain': '仲裁法', 'evidence_source': 'keyword', 'evidence_span': '税收仲裁', 'label_origin': 'machine_inferred', 'routing_only': True, 'source_level': 'B'}		internal_fragment	1.166667	"{""2023"":2}"	FXZZ202301001;FXZZ202304013	A1/A2	pending_human_review
44f6d5de190d25c0bc72	立案登记制	cross_paper_discovery	bounded_chinese_ngram_maximal_repeat	2	2	2	"{""1"":0,""2"":2,""3"":0}"		{'confidence': 0.1, 'domain': 'unrouted', 'evidence_source': 'keyword', 'evidence_span': '法的安定性', 'label_origin': 'machine_inferred', 'routing_only': True, 'source_level': 'B'};{'confidence': 0.66, 'domain': '比较法', 'evidence_source': 'keyword', 'evidence_span': '域外适用', 'label_origin': 'machine_inferred', 'routing_only': True, 'source_level': 'B'};{'confidence': 0.68, 'domain': '程序法', 'evidence_source': 'keyword', 'evidence_span': '正当裁判', 'label_origin': 'machine_inferred', 'routing_only': True, 'source_level': 'B'}		internal_fragment;low_wordhood_score	0.7	"{""2023"":1,""2024"":1}"	FXZZ202310002;FXZZ202401011	A1/A2	pending_human_review
cd2e38008d77971faff0	立法体	cross_paper_discovery	bounded_chinese_ngram_maximal_repeat	2	2	2	"{""1"":0,""2"":2,""3"":0}"	规范依据	{'confidence': 0.1, 'domain': 'unrouted', 'evidence_source': 'keyword', 'evidence_span': '负面清单', 'label_origin': 'machine_inferred', 'routing_only': True, 'source_level': 'B'};{'confidence': 0.68, 'domain': '程序法', 'evidence_source': 'keyword', 'evidence_span': '检察公益诉讼', 'label_origin': 'machine_inferred', 'routing_only': True, 'source_level': 'B'}		internal_fragment	1.333334	"{""2024"":1,""2026"":1}"	FXZZ202403003;FXZZ202607003	A1/A2	pending_human_review
273f322612a31d10e88f	立法保障	cross_paper_discovery	bounded_chinese_ngram_maximal_repeat	2	2	2	"{""1"":0,""2"":2,""3"":0}"		{'confidence': 0.1, 'domain': 'unrouted', 'evidence_source': 'keyword', 'evidence_span': '实质违法性', 'label_origin': 'machine_inferred', 'routing_only': True, 'source_level': 'B'}		internal_fragment	1.0	"{""2024"":2}"	FXZZ202406013;FXZZ202412006	A1/A2	pending_human_review
0936743b3691a0727937	立法修	cross_paper_discovery	bounded_chinese_ngram_maximal_repeat	2	2	2	"{""1"":0,""2"":2,""3"":0}"		{'confidence': 0.1, 'domain': 'unrouted', 'evidence_source': 'keyword', 'evidence_span': '外在体系', 'label_origin': 'machine_inferred', 'routing_only': True, 'source_level': 'B'}		internal_fragment	1.166667	"{""2023"":2}"	FXZZ202304010;FXZZ202309006	A1/A2	pending_human_review
2bbc117bd80a8bb3f9db	立法原	cross_paper_discovery	bounded_chinese_ngram_maximal_repeat	3	3	1;2	"{""1"":2,""2"":2,""3"":0}"		{'confidence': 0.1, 'domain': 'unrouted', 'evidence_source': 'keyword', 'evidence_span': '知情权', 'label_origin': 'machine_inferred', 'routing_only': True, 'source_level': 'B'}		internal_fragment	1.75	"{""2023"":1,""2024"":3}"	FXZZ202305010;FXZZ202403003;FXZZ202412006	A1/A2	pending_human_review
74d2fe3866afe2d305bc	立法实践	cross_paper_discovery	bounded_chinese_ngram_maximal_repeat	3	3	2;3	"{""1"":0,""2"":2,""3"":1}"		{'confidence': 0.1, 'domain': 'unrouted', 'evidence_source': 'keyword', 'evidence_span': '合目的性改革', 'label_origin': 'machine_inferred', 'routing_only': True, 'source_level': 'B'}		internal_fragment	1.25	"{""2023"":2,""2024"":1}"	FXZZ202301004;FXZZ202308005;FXZZ202404003	A1/A2	pending_human_review
0973f822cfabe520a909	立法引	cross_paper_discovery	bounded_chinese_ngram_maximal_repeat	2	2	1;3	"{""1"":3,""2"":0,""3"":1}"		{'confidence': 0.1, 'domain': 'unrouted', 'evidence_source': 'keyword', 'evidence_span': '法律治理', 'label_origin': 'machine_inferred', 'routing_only': True, 'source_level': 'B'}		internal_fragment	1.000001	"{""2023"":1,""2024"":3}"	FXZZ202312010;FXZZ202406013	A1/A2	pending_human_review
aee626c1d851663a68ff	立法技术	cross_paper_discovery	bounded_chinese_ngram_maximal_repeat	6	6	1;2;3	"{""1"":2,""2"":2,""3"":2}"		{'confidence': 0.1, 'domain': 'unrouted', 'evidence_source': 'keyword', 'evidence_span': '立法技术', 'label_origin': 'machine_inferred', 'routing_only': True, 'source_level': 'B'}		internal_fragment	2.5	"{""2023"":5,""2024"":1}"	FXZZ202301006;FXZZ202301007;FXZZ202302006;FXZZ202311005;FXZZ202311007;FXZZ202406013	A1/A2	pending_human_review
ec4856764aa8d558af46	立法方	cross_paper_discovery	bounded_chinese_ngram_maximal_repeat	2	2	1	"{""1"":4,""2"":0,""3"":0}"		{'confidence': 0.1, 'domain': 'unrouted', 'evidence_source': 'keyword', 'evidence_span': '立法模', 'label_origin': 'machine_inferred', 'routing_only': True, 'source_level': 'B'}		internal_fragment	1.000001	"{""2023"":3,""2024"":1}"	FXZZ202304003;FXZZ202403003	A1/A2	pending_human_review
5c35c8573bb4c8adfb06	立法是否	cross_paper_discovery	bounded_chinese_ngram_maximal_repeat	2	2	1;3	"{""1"":3,""2"":0,""3"":1}"	比较法	{'confidence': 0.1, 'domain': 'unrouted', 'evidence_source': 'keyword', 'evidence_span': '合法利益', 'label_origin': 'machine_inferred', 'routing_only': True, 'source_level': 'B'};{'confidence': 0.66, 'domain': '比较法', 'evidence_source': 'keyword', 'evidence_span': '域外适用', 'label_origin': 'machine_inferred', 'routing_only': True, 'source_level': 'B'}		internal_fragment	0.8125	"{""2024"":4}"	FXZZ202401012;FXZZ202406002	A1/A2	pending_human_review
47dfe2b1a0486a4a4031	立法本	cross_paper_discovery	bounded_chinese_ngram_maximal_repeat	3	3	1;2;3	"{""1"":1,""2"":1,""3"":1}"	规范依据	{'confidence': 0.1, 'domain': 'unrouted', 'evidence_source': 'keyword', 'evidence_span': '立法法', 'label_origin': 'machine_inferred', 'routing_only': True, 'source_level': 'B'};{'confidence': 0.68, 'domain': '程序法', 'evidence_source': 'keyword', 'evidence_span': '保证债务诉讼时效', 'label_origin': 'machine_inferred', 'routing_only': True, 'source_level': 'B'}		internal_fragment	1.833333	"{""2023"":2,""2024"":1}"	FXZZ202305013;FXZZ202307004;FXZZ202401008	A1/A2	pending_human_review
b07e1bbc2859cf44a3b3	立法机关	cross_paper_discovery	bounded_chinese_ngram_maximal_repeat	2	2	2;3	"{""1"":0,""2"":1,""3"":2}"	程序审查	{'confidence': 0.1, 'domain': 'unrouted', 'evidence_source': 'keyword', 'evidence_span': '刑法处罚早期化', 'label_origin': 'machine_inferred', 'routing_only': True, 'source_level': 'B'}		internal_fragment	1.0	"{""2023"":1,""2024"":2}"	FXZZ202308005;FXZZ202401005	A1/A2	pending_human_review
e43e0c55b2c03faa99e3	立法权	cross_paper_discovery	bounded_chinese_ngram_maximal_repeat	2	2	1;2;3	"{""1"":4,""2"":12,""3"":4}"		{'confidence': 0.1, 'domain': 'unrouted', 'evidence_source': 'keyword', 'evidence_span': '法律技术', 'label_origin': 'machine_inferred', 'routing_only': True, 'source_level': 'B'}		internal_fragment;low_wordhood_score	0.766667	"{""2024"":20}"	FXZZ202404002;FXZZ202404003	A1/A2	pending_human_review
4bbfc450b0c6b3f7231c	立法模	cross_paper_discovery	bounded_chinese_ngram_maximal_repeat	7	7	1;2;3	"{""1"":2,""2"":2,""3"":3}"		{'confidence': 0.1, 'domain': 'unrouted', 'evidence_source': 'keyword', 'evidence_span': '除名之诉', 'label_origin': 'machine_inferred', 'routing_only': True, 'source_level': 'B'};{'confidence': 0.68, 'domain': '程序法', 'evidence_source': 'keyword', 'evidence_span': '检察公益诉讼谦抑性', 'label_origin': 'machine_inferred', 'routing_only': True, 'source_level': 'B'}		internal_fragment	3.166666	"{""2023"":5,""2024"":2}"	FXZZ202303007;FXZZ202304004;FXZZ202309012;FXZZ202311007;FXZZ202312010;FXZZ202403003;FXZZ202407013	A1/A2	pending_human_review
e35f1334509e688756f2	立法模式	cross_paper_discovery	bounded_chinese_ngram_maximal_repeat	6	6	1;2;3	"{""1"":1,""2"":2,""3"":3}"		{'confidence': 0.1, 'domain': 'unrouted', 'evidence_source': 'keyword', 'evidence_span': '除名之诉', 'label_origin': 'machine_inferred', 'routing_only': True, 'source_level': 'B'};{'confidence': 0.68, 'domain': '程序法', 'evidence_source': 'keyword', 'evidence_span': '检察公益诉讼谦抑性', 'label_origin': 'machine_inferred', 'routing_only': True, 'source_level': 'B'}		generic_container;internal_fragment	2.5	"{""2023"":5,""2024"":1}"	FXZZ202303007;FXZZ202304004;FXZZ202309012;FXZZ202311007;FXZZ202312010;FXZZ202403003	A1/A2	pending_human_review
2b0b8057ca8d890515f3	立法法	cross_paper_discovery	bounded_chinese_ngram_maximal_repeat	2	2	2	"{""1"":0,""2"":3,""3"":0}"	规范依据	{'confidence': 0.1, 'domain': 'unrouted', 'evidence_source': 'keyword', 'evidence_span': '合目的性改革', 'label_origin': 'machine_inferred', 'routing_only': True, 'source_level': 'B'}			1.111112	"{""2023"":2,""2024"":1}"	FXZZ202301004;FXZZ202403004	A1/A2	pending_human_review
abbc10acb406e1994a59	立法的合	cross_paper_discovery	bounded_chinese_ngram_maximal_repeat	2	2	1;2	"{""1"":1,""2"":2,""3"":0}"		{'confidence': 0.1, 'domain': 'unrouted', 'evidence_source': 'keyword', 'evidence_span': '功能定位', 'label_origin': 'machine_inferred', 'routing_only': True, 'source_level': 'B'};{'confidence': 0.68, 'domain': '程序法', 'evidence_source': 'keyword', 'evidence_span': '审查批准', 'label_origin': 'machine_inferred', 'routing_only': True, 'source_level': 'B'}		internal_fragment	0.916667	"{""2023"":3}"	FXZZ202308004;FXZZ202311013	A1/A2	pending_human_review
cf97a4d9c7d9081aade7	立法的回应	cross_paper_discovery	bounded_chinese_ngram_maximal_repeat	2	2	2;3	"{""1"":0,""2"":1,""3"":1}"		{'confidence': 0.1, 'domain': 'unrouted', 'evidence_source': 'keyword', 'evidence_span': '数据财产权', 'label_origin': 'machine_inferred', 'routing_only': True, 'source_level': 'B'};{'confidence': 0.66, 'domain': '比较法', 'evidence_source': 'keyword', 'evidence_span': '国际投资协定', 'label_origin': 'machine_inferred', 'routing_only': True, 'source_level': 'B'}		internal_fragment	0.8	"{""2023"":1,""2024"":1}"	FXZZ202311013;FXZZ202407012	A1/A2	pending_human_review
ab01e862abd27f4d798f	立法的规范	cross_paper_discovery	bounded_chinese_ngram_maximal_repeat	2	2	1;2;3	"{""1"":1,""2"":2,""3"":4}"	制度构建;规范依据	{'confidence': 0.1, 'domain': 'unrouted', 'evidence_source': 'keyword', 'evidence_span': '监察范围', 'label_origin': 'machine_inferred', 'routing_only': True, 'source_level': 'B'};{'confidence': 0.68, 'domain': '程序法', 'evidence_source': 'keyword', 'evidence_span': '保证债务诉讼时效', 'label_origin': 'machine_inferred', 'routing_only': True, 'source_level': 'B'}		internal_fragment;low_wordhood_score	0.628571	"{""2023"":1,""2024"":6}"	FXZZ202307006;FXZZ202401008	A1/A2	pending_human_review
5191dc8efdae7d83dd25	立法监督	cross_paper_discovery	bounded_chinese_ngram_maximal_repeat	3	3	2;3	"{""1"":0,""2"":4,""3"":1}"	制度构建;程序审查	{'confidence': 0.1, 'domain': 'unrouted', 'evidence_source': 'keyword', 'evidence_span': '立法模', 'label_origin': 'machine_inferred', 'routing_only': True, 'source_level': 'B'}		internal_fragment	1.35	"{""2023"":4,""2024"":1}"	FXZZ202304003;FXZZ202308005;FXZZ202404003	A1/A2	pending_human_review
dc0f72840b9907a4d925	立法目	cross_paper_discovery	bounded_chinese_ngram_maximal_repeat	3	3	2;3	"{""1"":0,""2"":3,""3"":2}"		{'confidence': 0.1, 'domain': 'unrouted', 'evidence_source': 'keyword', 'evidence_span': '法释义学', 'label_origin': 'machine_inferred', 'routing_only': True, 'source_level': 'B'}		internal_fragment	1.5	"{""2023"":1,""2024"":4}"	FXZZ202311013;FXZZ202405003;FXZZ202407005	A1/A2	pending_human_review
67b0dbd3df179d337780	立法者	cross_paper_discovery	bounded_chinese_ngram_maximal_repeat	2	2	2	"{""1"":0,""2"":2,""3"":0}"	制度构建	{'confidence': 0.1, 'domain': 'unrouted', 'evidence_source': 'keyword', 'evidence_span': '合目的性改革', 'label_origin': 'machine_inferred', 'routing_only': True, 'source_level': 'B'}		internal_fragment	1.333334	"{""2023"":2}"	FXZZ202301004;FXZZ202305005	A1/A2	pending_human_review
36bddbcd23f1142b19fd	立法观	cross_paper_discovery	bounded_chinese_ngram_maximal_repeat	2	2	1;2	"{""1"":2,""2"":2,""3"":0}"		{'confidence': 0.1, 'domain': 'unrouted', 'evidence_source': 'keyword', 'evidence_span': '立法技术', 'label_origin': 'machine_inferred', 'routing_only': True, 'source_level': 'B'}		internal_fragment	1.083334	"{""2023"":4}"	FXZZ202301006;FXZZ202305010	A1/A2	pending_human_review
197018b92c61696503cf	立法规	cross_paper_discovery	bounded_chinese_ngram_maximal_repeat	2	2	2;3	"{""1"":0,""2"":1,""3"":1}"	规范依据	{'confidence': 0.1, 'domain': 'unrouted', 'evidence_source': 'keyword', 'evidence_span': '破产别除权', 'label_origin': 'machine_inferred', 'routing_only': True, 'source_level': 'B'}		internal_fragment	1.333334	"{""2023"":1,""2024"":1}"	FXZZ202307008;FXZZ202404003	A1/A2	pending_human_review
2f468cc5adc72b3bba35	竞争优势	cross_paper_discovery	bounded_chinese_ngram_maximal_repeat	2	2	2;3	"{""1"":0,""2"":1,""3"":1}"		{'confidence': 0.1, 'domain': 'unrouted', 'evidence_source': 'keyword', 'evidence_span': '透明度', 'label_origin': 'machine_inferred', 'routing_only': True, 'source_level': 'B'};{'confidence': 0.66, 'domain': '比较法', 'evidence_source': 'keyword', 'evidence_span': '国际经贸合作', 'label_origin': 'machine_inferred', 'routing_only': True, 'source_level': 'B'};{'confidence': 0.68, 'domain': '程序法', 'evidence_source': 'keyword', 'evidence_span': '程序正当原则', 'label_origin': 'machine_inferred', 'routing_only': True, 'source_level': 'B'}		internal_fragment	1.0	"{""2023"":1,""2024"":1}"	FXZZ202302012;FXZZ202405012	A1/A2	pending_human_review
3edd3fa14d999648a142	竞争秩序	cross_paper_discovery	bounded_chinese_ngram_maximal_repeat	3	3	2;3	"{""1"":0,""2"":2,""3"":1}"	比较法	{'confidence': 0.1, 'domain': 'unrouted', 'evidence_source': 'keyword', 'evidence_span': '执行依据', 'label_origin': 'machine_inferred', 'routing_only': True, 'source_level': 'B'}		internal_fragment	1.375	"{""2023"":2,""2026"":1}"	FXZZ202308009;FXZZ202309013;FXZZ202607005	A1/A2	pending_human_review
4aac729d91340139888d	符合债	cross_paper_discovery	bounded_chinese_ngram_maximal_repeat	2	2	2	"{""1"":0,""2"":2,""3"":0}"		{'confidence': 0.1, 'domain': 'unrouted', 'evidence_source': 'keyword', 'evidence_span': '参与分配', 'label_origin': 'machine_inferred', 'routing_only': True, 'source_level': 'B'};{'confidence': 0.66, 'domain': '规范理论', 'evidence_source': 'keyword', 'evidence_span': '保护性规范', 'label_origin': 'machine_inferred', 'routing_only': True, 'source_level': 'B'}		internal_fragment	1.333334	"{""2023"":1,""2024"":1}"	FXZZ202301009;FXZZ202407008	A1/A2	pending_human_review
5d48ad3b545ce464eded	符合立法	cross_paper_discovery	bounded_chinese_ngram_maximal_repeat	2	2	2	"{""1"":0,""2"":2,""3"":0}"	程序审查;规范依据	{'confidence': 0.1, 'domain': 'unrouted', 'evidence_source': 'keyword', 'evidence_span': '监察范围', 'label_origin': 'machine_inferred', 'routing_only': True, 'source_level': 'B'}		internal_fragment	1.0	"{""2023"":2}"	FXZZ202307006;FXZZ202308005	A1/A2	pending_human_review
ab54b328f8d6706a9dfd	第一阶段	cross_paper_discovery	bounded_chinese_ngram_maximal_repeat	2	2	2	"{""1"":0,""2"":2,""3"":0}"	制度构建;证据证明	{'confidence': 0.1, 'domain': 'unrouted', 'evidence_source': 'keyword', 'evidence_span': '平台用工', 'label_origin': 'machine_inferred', 'routing_only': True, 'source_level': 'B'};{'confidence': 0.68, 'domain': '程序法', 'evidence_source': 'keyword', 'evidence_span': '检察公益诉讼', 'label_origin': 'machine_inferred', 'routing_only': True, 'source_level': 'B'}			0.875	"{""2023"":1,""2026"":1}"	FXZZ202306011;FXZZ202607003	A1/A2	pending_human_review
c3c92b9f500db333b564	第三人	cross_paper_discovery	bounded_chinese_ngram_maximal_repeat	4	4	1;2;3	"{""1"":1,""2"":4,""3"":2}"	制度构建	{'confidence': 0.1, 'domain': 'unrouted', 'evidence_source': 'keyword', 'evidence_span': '破产别除权', 'label_origin': 'machine_inferred', 'routing_only': True, 'source_level': 'B'}		internal_fragment	2.095238	"{""2023"":3,""2024"":4}"	FXZZ202307008;FXZZ202312010;FXZZ202401003;FXZZ202412006	A1/A2	pending_human_review
b88871bde04c9011399e	策的全	cross_paper_discovery	bounded_chinese_ngram_maximal_repeat	2	2	2	"{""1"":0,""2"":2,""3"":0}"	程序审查	{'confidence': 0.1, 'domain': 'unrouted', 'evidence_source': 'keyword', 'evidence_span': '刑法保障', 'label_origin': 'machine_inferred', 'routing_only': True, 'source_level': 'B'};{'confidence': 0.68, 'domain': '程序法', 'evidence_source': 'keyword', 'evidence_span': '正当程序', 'label_origin': 'machine_inferred', 'routing_only': True, 'source_level': 'B'}		internal_fragment	1.333334	"{""2023"":1,""2024"":1}"	FXZZ202301007;FXZZ202407003	A1/A2	pending_human_review
88ee6cedfcaebe9f67ac	管机制	cross_paper_discovery	bounded_chinese_ngram_maximal_repeat	2	2	2;3	"{""1"":0,""2"":1,""3"":1}"	程序审查	{'confidence': 0.1, 'domain': 'unrouted', 'evidence_source': 'keyword', 'evidence_span': '刑法保障', 'label_origin': 'machine_inferred', 'routing_only': True, 'source_level': 'B'}		generic_container;internal_fragment	1.166667	"{""2023"":2}"	FXZZ202301007;FXZZ202310005	A1/A2	pending_human_review
9fa88d66cfb92eda19a6	管理人员	cross_paper_discovery	bounded_chinese_ngram_maximal_repeat	2	2	1;2	"{""1"":1,""2"":1,""3"":0}"	法律后果;规范依据	{'confidence': 0.1, 'domain': 'unrouted', 'evidence_source': 'keyword', 'evidence_span': '立法技术', 'label_origin': 'machine_inferred', 'routing_only': True, 'source_level': 'B'}		internal_fragment	0.916667	"{""2023"":1,""2024"":1}"	FXZZ202301006;FXZZ202403008	A1/A2	pending_human_review
3f56ae87215ecffdc5ae	管理制度	cross_paper_discovery	bounded_chinese_ngram_maximal_repeat	2	2	2	"{""1"":0,""2"":2,""3"":0}"	制度构建	{'confidence': 0.1, 'domain': 'unrouted', 'evidence_source': 'keyword', 'evidence_span': '不法原因给付', 'label_origin': 'machine_inferred', 'routing_only': True, 'source_level': 'B'}		internal_fragment	1.0	"{""2023"":2}"	FXZZ202307013;FXZZ202311008	A1/A2	pending_human_review
1777d135d2fc0ff1e69a	管理机构	cross_paper_discovery	bounded_chinese_ngram_maximal_repeat	2	2	2	"{""1"":0,""2"":2,""3"":0}"		{'confidence': 0.1, 'domain': 'unrouted', 'evidence_source': 'keyword', 'evidence_span': '中央与地方关系', 'label_origin': 'machine_inferred', 'routing_only': True, 'source_level': 'B'}		internal_fragment	1.0	"{""2023"":2}"	FXZZ202304002;FXZZ202304003	A1/A2	pending_human_review
a0a4a6d2a0c6e6bb78c6	管理权	cross_paper_discovery	bounded_chinese_ngram_maximal_repeat	2	2	2	"{""1"":0,""2"":3,""3"":0}"	程序审查	{'confidence': 0.1, 'domain': 'unrouted', 'evidence_source': 'keyword', 'evidence_span': '功能定位', 'label_origin': 'machine_inferred', 'routing_only': True, 'source_level': 'B'};{'confidence': 0.68, 'domain': '程序法', 'evidence_source': 'keyword', 'evidence_span': '审查批准', 'label_origin': 'machine_inferred', 'routing_only': True, 'source_level': 'B'}		internal_fragment	1.222223	"{""2023"":3}"	FXZZ202308004;FXZZ202309011	A1/A2	pending_human_review
abd0e9ece1936f6b5cae	管理秩序	cross_paper_discovery	bounded_chinese_ngram_maximal_repeat	2	2	2;3	"{""1"":0,""2"":1,""3"":1}"		{'confidence': 0.1, 'domain': 'unrouted', 'evidence_source': 'keyword', 'evidence_span': '实际控制人', 'label_origin': 'machine_inferred', 'routing_only': True, 'source_level': 'B'};{'confidence': 0.68, 'domain': '侵权责任', 'evidence_source': 'keyword', 'evidence_span': '直接责任人员', 'label_origin': 'machine_inferred', 'routing_only': True, 'source_level': 'B'}		internal_fragment	1.0	"{""2023"":1,""2026"":1}"	FXZZ202304005;FXZZ202607004	A1/A2	pending_human_review
699841a2d1159b7e203d	管理罪	cross_paper_discovery	bounded_chinese_ngram_maximal_repeat	2	2	1;2;3	"{""1"":4,""2"":2,""3"":1}"		{'confidence': 0.1, 'domain': 'unrouted', 'evidence_source': 'keyword', 'evidence_span': '药品犯罪圈', 'label_origin': 'machine_inferred', 'routing_only': True, 'source_level': 'B'};{'confidence': 0.68, 'domain': '侵权责任', 'evidence_source': 'keyword', 'evidence_span': '直接责任人员', 'label_origin': 'machine_inferred', 'routing_only': True, 'source_level': 'B'}		internal_fragment	0.857143	"{""2023"":7}"	FXZZ202302005;FXZZ202304005	A1/A2	pending_human_review
5b475e2d3f7cb371529f	管程序	cross_paper_discovery	bounded_chinese_ngram_maximal_repeat	2	2	2;3	"{""1"":0,""2"":2,""3"":1}"	制度构建;程序审查	{'confidence': 0.1, 'domain': 'unrouted', 'evidence_source': 'keyword', 'evidence_span': '刑法价值', 'label_origin': 'machine_inferred', 'routing_only': True, 'source_level': 'B'}		internal_fragment	1.111112	"{""2024"":3}"	FXZZ202405013;FXZZ202406005	A1/A2	pending_human_review
197bbb4c1e8ee06ea369	管辖冲突	cross_paper_discovery	bounded_chinese_ngram_maximal_repeat	2	2	1;2;3	"{""1"":1,""2"":1,""3"":2}"		{'confidence': 0.1, 'domain': 'unrouted', 'evidence_source': 'keyword', 'evidence_span': '民事代理', 'label_origin': 'machine_inferred', 'routing_only': True, 'source_level': 'B'}			0.875	"{""2023"":1,""2024"":3}"	FXZZ202307007;FXZZ202401013	A1/A2	pending_human_review
921608ed0e6389b11021	管辖权	cross_paper_discovery	bounded_chinese_ngram_maximal_repeat	4	4	1;2;3	"{""1"":11,""2"":18,""3"":3}"	比较法;规范依据	{'confidence': 0.1, 'domain': 'unrouted', 'evidence_source': 'keyword', 'evidence_span': '民事代理', 'label_origin': 'machine_inferred', 'routing_only': True, 'source_level': 'B'};{'confidence': 0.66, 'domain': '比较法', 'evidence_source': 'keyword', 'evidence_span': '国际民事管辖权', 'label_origin': 'machine_inferred', 'routing_only': True, 'source_level': 'B'}		internal_fragment	1.705882	"{""2023"":16,""2024"":6,""2026"":10}"	FXZZ202307007;FXZZ202312011;FXZZ202401013;FXZZ202607005	A1/A2	pending_human_review
808b59ef91a5a14fc632	管辖权规	cross_paper_discovery	bounded_chinese_ngram_maximal_repeat	3	3	2	"{""1"":0,""2"":4,""3"":0}"	比较法;规范依据	{'confidence': 0.1, 'domain': 'unrouted', 'evidence_source': 'keyword', 'evidence_span': '体系效应', 'label_origin': 'machine_inferred', 'routing_only': True, 'source_level': 'B'};{'confidence': 0.66, 'domain': '比较法', 'evidence_source': 'keyword', 'evidence_span': '国际民事管辖权', 'label_origin': 'machine_inferred', 'routing_only': True, 'source_level': 'B'}		internal_fragment	1.3125	"{""2023"":1,""2024"":1,""2026"":2}"	FXZZ202312011;FXZZ202401013;FXZZ202607005	A1/A2	pending_human_review
1a282335c0c1028d4b4d	管辖规	cross_paper_discovery	bounded_chinese_ngram_maximal_repeat	2	2	2;3	"{""1"":0,""2"":2,""3"":3}"	比较法	{'confidence': 0.1, 'domain': 'unrouted', 'evidence_source': 'keyword', 'evidence_span': '民事代理', 'label_origin': 'machine_inferred', 'routing_only': True, 'source_level': 'B'};{'confidence': 0.66, 'domain': '比较法', 'evidence_source': 'keyword', 'evidence_span': '国际民事管辖权', 'label_origin': 'machine_inferred', 'routing_only': True, 'source_level': 'B'}		internal_fragment	1.133334	"{""2023"":5}"	FXZZ202307007;FXZZ202312011	A1/A2	pending_human_review
254f7cb52dd22fc1f256	类型化	cross_paper_discovery	bounded_chinese_ngram_maximal_repeat	15	15	1;2;3	"{""1"":2,""2"":7,""3"":9}"	制度构建;程序审查	{'confidence': 0.1, 'domain': 'unrouted', 'evidence_source': 'keyword', 'evidence_span': '适度干预', 'label_origin': 'machine_inferred', 'routing_only': True, 'source_level': 'B'};{'confidence': 0.68, 'domain': '侵权责任', 'evidence_source': 'keyword', 'evidence_span': '直接责任人员', 'label_origin': 'machine_inferred', 'routing_only': True, 'source_level': 'B'};{'confidence': 0.68, 'domain': '程序法', 'evidence_source': 'keyword', 'evidence_span': '审查认证规则', 'label_origin': 'machine_inferred', 'routing_only': True, 'source_level': 'B'}		internal_fragment	7.5	"{""2023"":16,""2024"":2}"	FXZZ202301012;FXZZ202302011;FXZZ202303007;FXZZ202304005;FXZZ202304007;FXZZ202305013;FXZZ202306012;FXZZ202308003;FXZZ202309004;FXZZ202309010;FXZZ202309012;FXZZ202310010;FXZZ202312010;FXZZ202404007;FXZZ202405008	A1/A2	pending_human_review
fcebde17a6c7d5c49af1	类型化条款	cross_paper_discovery	bounded_chinese_ngram_maximal_repeat	2	2	3	"{""1"":0,""2"":0,""3"":4}"	制度构建	{'confidence': 0.1, 'domain': 'unrouted', 'evidence_source': 'keyword', 'evidence_span': '适度干预', 'label_origin': 'machine_inferred', 'routing_only': True, 'source_level': 'B'}		internal_fragment;low_wordhood_score	0.65	"{""2023"":4}"	FXZZ202301012;FXZZ202302011	A1/A2	pending_human_review
da51ce13a40a09f20c8b	类型化适用	legal_pattern	config_legal_pattern	2	2	2	"{""1"":0,""2"":2,""3"":0}"		{'confidence': 0.1, 'domain': 'unrouted', 'evidence_source': 'keyword', 'evidence_span': '司法鉴定标准化', 'label_origin': 'machine_inferred', 'routing_only': True, 'source_level': 'B'};{'confidence': 0.68, 'domain': '程序法', 'evidence_source': 'keyword', 'evidence_span': '审查认证规则', 'label_origin': 'machine_inferred', 'routing_only': True, 'source_level': 'B'}				"{""2023"":2}"	FXZZ202309010;FXZZ202310010	A1/A2	pending_human_review
dd22da50e838a8e33979	类型化适用	cross_paper_discovery	bounded_chinese_ngram_maximal_repeat	2	2	2	"{""1"":0,""2"":2,""3"":0}"		{'confidence': 0.1, 'domain': 'unrouted', 'evidence_source': 'keyword', 'evidence_span': '司法鉴定标准化', 'label_origin': 'machine_inferred', 'routing_only': True, 'source_level': 'B'};{'confidence': 0.68, 'domain': '程序法', 'evidence_source': 'keyword', 'evidence_span': '审查认证规则', 'label_origin': 'machine_inferred', 'routing_only': True, 'source_level': 'B'}		internal_fragment;lexical_support	0.8	"{""2023"":2}"	FXZZ202309010;FXZZ202310010	A1/A2	pending_human_review
656abf0b800425e81d64	类型区分	cross_paper_discovery	bounded_chinese_ngram_maximal_repeat	4	4	1;2	"{""1"":3,""2"":4,""3"":0}"	程序审查	{'confidence': 0.1, 'domain': 'unrouted', 'evidence_source': 'keyword', 'evidence_span': '撤回同意', 'label_origin': 'machine_inferred', 'routing_only': True, 'source_level': 'B'};{'confidence': 0.68, 'domain': '程序法', 'evidence_source': 'keyword', 'evidence_span': '核准程序', 'label_origin': 'machine_inferred', 'routing_only': True, 'source_level': 'B'};{'confidence': 0.72, 'domain': '合同法', 'evidence_source': 'keyword', 'evidence_span': '任意解除权', 'label_origin': 'machine_inferred', 'routing_only': True, 'source_level': 'B'}		internal_fragment	1.285714	"{""2023"":3,""2024"":4}"	FXZZ202306005;FXZZ202307005;FXZZ202403009;FXZZ202405010	A1/A2	pending_human_review
b946cc2df3228f54ada5	类推适用	cross_paper_discovery	bounded_chinese_ngram_maximal_repeat	4	4	1;2;3	"{""1"":1,""2"":2,""3"":3}"	规范依据	{'confidence': 0.1, 'domain': 'unrouted', 'evidence_source': 'keyword', 'evidence_span': '破产别除权', 'label_origin': 'machine_inferred', 'routing_only': True, 'source_level': 'B'};{'confidence': 0.66, 'domain': '比较法', 'evidence_source': 'keyword', 'evidence_span': '国际民事管辖权', 'label_origin': 'machine_inferred', 'routing_only': True, 'source_level': 'B'}		internal_fragment;lexical_support	1.75	"{""2023"":5,""2024"":1}"	FXZZ202307008;FXZZ202309005;FXZZ202312011;FXZZ202403008	A1/A2	pending_human_review
283e49ff5e9238bf700e	类犯罪	cross_paper_discovery	bounded_chinese_ngram_maximal_repeat	3	3	2	"{""1"":0,""2"":6,""3"":0}"	规范依据;证据证明	{'confidence': 0.1, 'domain': 'unrouted', 'evidence_source': 'keyword', 'evidence_span': '立法技术', 'label_origin': 'machine_inferred', 'routing_only': True, 'source_level': 'B'}		internal_fragment	1.75	"{""2023"":1,""2024"":5}"	FXZZ202301006;FXZZ202406007;FXZZ202412008	A1/A2	pending_human_review
3c5e7a2d6a5919b0a17d	系分析	cross_paper_discovery	bounded_chinese_ngram_maximal_repeat	2	2	2	"{""1"":0,""2"":2,""3"":0}"		{'confidence': 0.1, 'domain': 'unrouted', 'evidence_source': 'keyword', 'evidence_span': '抽象界限', 'label_origin': 'machine_inferred', 'routing_only': True, 'source_level': 'B'};{'confidence': 0.68, 'domain': '程序法', 'evidence_source': 'keyword', 'evidence_span': '正当程序', 'label_origin': 'machine_inferred', 'routing_only': True, 'source_level': 'B'}		internal_fragment	1.333334	"{""2024"":2}"	FXZZ202406007;FXZZ202407003	A1/A2	pending_human_review
713a4d646e410d6930f5	系国家	cross_paper_discovery	bounded_chinese_ngram_maximal_repeat	2	2	2;3	"{""1"":0,""2"":1,""3"":1}"		{'confidence': 0.1, 'domain': 'unrouted', 'evidence_source': 'keyword', 'evidence_span': '中央与地方关系', 'label_origin': 'machine_inferred', 'routing_only': True, 'source_level': 'B'}		internal_fragment	1.333334	"{""2023"":1,""2024"":1}"	FXZZ202304002;FXZZ202401013	A1/A2	pending_human_review
0b43a3c40d77dbe28881	系的理论	cross_paper_discovery	bounded_chinese_ngram_maximal_repeat	2	2	1;2	"{""1"":1,""2"":1,""3"":0}"	程序审查	{'confidence': 0.1, 'domain': 'unrouted', 'evidence_source': 'keyword', 'evidence_span': '法律实现', 'label_origin': 'machine_inferred', 'routing_only': True, 'source_level': 'B'};{'confidence': 0.68, 'domain': '程序法', 'evidence_source': 'keyword', 'evidence_span': '正当裁判', 'label_origin': 'machine_inferred', 'routing_only': True, 'source_level': 'B'}		internal_fragment	1.0	"{""2023"":2}"	FXZZ202308011;FXZZ202310002	A1/A2	pending_human_review
3c63e8f21dce84e17f4f	系统性	cross_paper_discovery	bounded_chinese_ngram_maximal_repeat	2	2	1	"{""1"":2,""2"":0,""3"":0}"	程序审查	{'confidence': 0.1, 'domain': 'unrouted', 'evidence_source': 'keyword', 'evidence_span': '惩罚机制', 'label_origin': 'machine_inferred', 'routing_only': True, 'source_level': 'B'}		internal_fragment	1.166667	"{""2023"":2}"	FXZZ202309011;FXZZ202311008	A1/A2	pending_human_review
4953f58feac3babb4a0f	纠纷的司法	cross_paper_discovery	bounded_chinese_ngram_maximal_repeat	2	2	1;2	"{""1"":1,""2"":1,""3"":0}"		{'confidence': 0.1, 'domain': 'unrouted', 'evidence_source': 'keyword', 'evidence_span': '法律修正功能', 'label_origin': 'machine_inferred', 'routing_only': True, 'source_level': 'B'}		internal_fragment	0.8	"{""2023"":2}"	FXZZ202309009;FXZZ202312002	A1/A2	pending_human_review
cf57bcfc60ed40efb0c9	纠纷解决	cross_paper_discovery	bounded_chinese_ngram_maximal_repeat	2	2	2	"{""1"":0,""2"":2,""3"":0}"	程序审查	{'confidence': 0.1, 'domain': 'unrouted', 'evidence_source': 'keyword', 'evidence_span': '法的安定性', 'label_origin': 'machine_inferred', 'routing_only': True, 'source_level': 'B'};{'confidence': 0.68, 'domain': '程序法', 'evidence_source': 'keyword', 'evidence_span': '正当裁判', 'label_origin': 'machine_inferred', 'routing_only': True, 'source_level': 'B'}		internal_fragment	1.0	"{""2023"":1,""2024"":1}"	FXZZ202310002;FXZZ202405011	A1/A2	pending_human_review
a7e23b6d1e9f08015252	级人民	cross_paper_discovery	bounded_chinese_ngram_maximal_repeat	2	2	2	"{""1"":0,""2"":3,""3"":0}"	程序审查;规范依据	{'confidence': 0.1, 'domain': 'unrouted', 'evidence_source': 'keyword', 'evidence_span': '监察范围', 'label_origin': 'machine_inferred', 'routing_only': True, 'source_level': 'B'}		internal_fragment	1.111112	"{""2023"":3}"	FXZZ202307006;FXZZ202312003	A1/A2	pending_human_review
ba8446562ea11d64df6b	纳税人	cross_paper_discovery	bounded_chinese_ngram_maximal_repeat	3	3	2;3	"{""1"":0,""2"":2,""3"":5}"	规范依据			internal_fragment	1.65	"{""2023"":1,""2024"":6}"	FXZZ202305013;FXZZ202404013;FXZZ202405013	A1/A2	pending_human_review
6f11d14a39a401b2cd62	组织法	cross_paper_discovery	bounded_chinese_ngram_maximal_repeat	2	2	1;2	"{""1"":1,""2"":1,""3"":0}"		{'confidence': 0.1, 'domain': 'unrouted', 'evidence_source': 'keyword', 'evidence_span': '多元立法模式', 'label_origin': 'machine_inferred', 'routing_only': True, 'source_level': 'B'}		internal_fragment	1.333334	"{""2023"":2}"	FXZZ202311006;FXZZ202312003	A1/A2	pending_human_review
24e40a1475cf69852893	组织间	cross_paper_discovery	bounded_chinese_ngram_maximal_repeat	2	2	2;3	"{""1"":0,""2"":1,""3"":1}"		{'confidence': 0.1, 'domain': 'unrouted', 'evidence_source': 'keyword', 'evidence_span': '城市规划', 'label_origin': 'machine_inferred', 'routing_only': True, 'source_level': 'B'}		internal_fragment	1.333334	"{""2023"":1,""2024"":1}"	FXZZ202305003;FXZZ202404003	A1/A2	pending_human_review
c8ff9148928c31372361	经济制度	cross_paper_discovery	bounded_chinese_ngram_maximal_repeat	2	2	2;3	"{""1"":0,""2"":1,""3"":1}"	制度构建;规范依据	{'confidence': 0.1, 'domain': 'unrouted', 'evidence_source': 'keyword', 'evidence_span': '功能定位', 'label_origin': 'machine_inferred', 'routing_only': True, 'source_level': 'B'};{'confidence': 0.68, 'domain': '程序法', 'evidence_source': 'keyword', 'evidence_span': '审查批准', 'label_origin': 'machine_inferred', 'routing_only': True, 'source_level': 'B'}		internal_fragment	1.0	"{""2023"":1,""2024"":1}"	FXZZ202308004;FXZZ202403003	A1/A2	pending_human_review
cf81dd33698ec22d14a5	经济发展	cross_paper_discovery	bounded_chinese_ngram_maximal_repeat	4	4	2;3	"{""1"":0,""2"":3,""3"":1}"		{'confidence': 0.1, 'domain': 'unrouted', 'evidence_source': 'keyword', 'evidence_span': '刑法保障', 'label_origin': 'machine_inferred', 'routing_only': True, 'source_level': 'B'}		internal_fragment	1.875	"{""2023"":2,""2024"":2}"	FXZZ202301007;FXZZ202311013;FXZZ202403003;FXZZ202404012	A1/A2	pending_human_review
87f4bb0430df898e3c85	经济领域	cross_paper_discovery	bounded_chinese_ngram_maximal_repeat	2	2	1;2;3	"{""1"":3,""2"":8,""3"":3}"		{'confidence': 0.1, 'domain': 'unrouted', 'evidence_source': 'keyword', 'evidence_span': '刑法保障', 'label_origin': 'machine_inferred', 'routing_only': True, 'source_level': 'B'}		internal_fragment;low_wordhood_score	0.571429	"{""2023"":14}"	FXZZ202301007;FXZZ202307014	A1/A2	pending_human_review
61089b667205b7e4b3cb	经营者	cross_paper_discovery	bounded_chinese_ngram_maximal_repeat	3	3	2;3	"{""1"":0,""2"":1,""3"":2}"		{'confidence': 0.1, 'domain': 'unrouted', 'evidence_source': 'keyword', 'evidence_span': '隐私权', 'label_origin': 'machine_inferred', 'routing_only': True, 'source_level': 'B'}			1.833333	"{""2023"":3}"	FXZZ202301011;FXZZ202302011;FXZZ202307014	A1/A2	pending_human_review
7b6aed4e2e17041ad02b	结构性	cross_paper_discovery	bounded_chinese_ngram_maximal_repeat	4	4	1;2	"{""1"":2,""2"":2,""3"":0}"	制度构建;权利救济;证据证明	{'confidence': 0.1, 'domain': 'unrouted', 'evidence_source': 'keyword', 'evidence_span': '法律运作', 'label_origin': 'machine_inferred', 'routing_only': True, 'source_level': 'B'};{'confidence': 0.68, 'domain': '程序法', 'evidence_source': 'keyword', 'evidence_span': '检察公益诉讼', 'label_origin': 'machine_inferred', 'routing_only': True, 'source_level': 'B'}		internal_fragment	2.499999	"{""2023"":2,""2024"":1,""2026"":1}"	FXZZ202301002;FXZZ202312002;FXZZ202412004;FXZZ202607003	A1/A2	pending_human_review
4835673d4f408bcf3ff0	结果要件	cross_paper_discovery	bounded_chinese_ngram_maximal_repeat	2	2	2	"{""1"":0,""2"":3,""3"":0}"	构成要件	{'confidence': 0.1, 'domain': 'unrouted', 'evidence_source': 'keyword', 'evidence_span': '共同行为', 'label_origin': 'machine_inferred', 'routing_only': True, 'source_level': 'B'}			0.916667	"{""2023"":3}"	FXZZ202302011;FXZZ202307006	A1/A2	pending_human_review
04bb462453f0690e8004	给付义务	cross_paper_discovery	bounded_chinese_ngram_maximal_repeat	4	4	1;2;3	"{""1"":1,""2"":1,""3"":2}"		{'confidence': 0.1, 'domain': 'unrouted', 'evidence_source': 'keyword', 'evidence_span': '法律修正功能', 'label_origin': 'machine_inferred', 'routing_only': True, 'source_level': 'B'};{'confidence': 0.72, 'domain': '合同法', 'evidence_source': 'keyword', 'evidence_span': '解除权', 'label_origin': 'machine_inferred', 'routing_only': True, 'source_level': 'B'}		internal_fragment	2.0	"{""2023"":2,""2024"":2}"	FXZZ202309009;FXZZ202312007;FXZZ202401003;FXZZ202404009	A1/A2	pending_human_review
b2ade41c934ef8c98c50	统一性原	cross_paper_discovery	bounded_chinese_ngram_maximal_repeat	4	4	2;3	"{""1"":0,""2"":2,""3"":2}"		{'confidence': 0.1, 'domain': 'unrouted', 'evidence_source': 'keyword', 'evidence_span': '共同行为', 'label_origin': 'machine_inferred', 'routing_only': True, 'source_level': 'B'}		internal_fragment	1.5	"{""2023"":2,""2024"":2}"	FXZZ202302011;FXZZ202308007;FXZZ202407006;FXZZ202412008	A1/A2	pending_human_review
0cc6913ccc54c8e16604	统一领导	cross_paper_discovery	bounded_chinese_ngram_maximal_repeat	2	2	2	"{""1"":0,""2"":2,""3"":0}"		{'confidence': 0.1, 'domain': 'unrouted', 'evidence_source': 'keyword', 'evidence_span': '立法模', 'label_origin': 'machine_inferred', 'routing_only': True, 'source_level': 'B'};{'confidence': 0.68, 'domain': '程序法', 'evidence_source': 'keyword', 'evidence_span': '审查批准', 'label_origin': 'machine_inferred', 'routing_only': True, 'source_level': 'B'}		internal_fragment	1.0	"{""2023"":2}"	FXZZ202304003;FXZZ202308004	A1/A2	pending_human_review
d468fa989916be9d7b2d	统合证	cross_paper_discovery	bounded_chinese_ngram_maximal_repeat	2	2	2;3	"{""1"":0,""2"":1,""3"":1}"	证据证明	{'confidence': 0.1, 'domain': 'unrouted', 'evidence_source': 'keyword', 'evidence_span': '分层治理', 'label_origin': 'machine_inferred', 'routing_only': True, 'source_level': 'B'};{'confidence': 0.68, 'domain': '程序法', 'evidence_source': 'keyword', 'evidence_span': '检察公益诉讼', 'label_origin': 'machine_inferred', 'routing_only': True, 'source_level': 'B'}		internal_fragment	1.166667	"{""2024"":1,""2026"":1}"	FXZZ202412004;FXZZ202607003	A1/A2	pending_human_review
f62ad3bfe986d50daca8	继承人	cross_paper_discovery	bounded_chinese_ngram_maximal_repeat	2	2	2	"{""1"":0,""2"":5,""3"":0}"		{'confidence': 0.1, 'domain': 'unrouted', 'evidence_source': 'keyword', 'evidence_span': '股权利益', 'label_origin': 'machine_inferred', 'routing_only': True, 'source_level': 'B'}		internal_fragment	1.166667	"{""2023"":1,""2024"":4}"	FXZZ202302007;FXZZ202405010	A1/A2	pending_human_review
c614d40fcad70240ea8b	维护公	cross_paper_discovery	bounded_chinese_ngram_maximal_repeat	2	2	2;3	"{""1"":0,""2"":1,""3"":1}"		{'confidence': 0.1, 'domain': 'unrouted', 'evidence_source': 'keyword', 'evidence_span': '数据自决权', 'label_origin': 'machine_inferred', 'routing_only': True, 'source_level': 'B'};{'confidence': 0.72, 'domain': '合同法', 'evidence_source': 'keyword', 'evidence_span': '违约金调整', 'label_origin': 'machine_inferred', 'routing_only': True, 'source_level': 'B'}		internal_fragment	1.333334	"{""2023"":1,""2026"":1}"	FXZZ202301003;FXZZ202607006	A1/A2	pending_human_review
19056d3f6261bc46e582	维护法律	cross_paper_discovery	bounded_chinese_ngram_maximal_repeat	2	2	2;3	"{""1"":0,""2"":1,""3"":1}"	规范依据	{'confidence': 0.1, 'domain': 'unrouted', 'evidence_source': 'keyword', 'evidence_span': '决定善意性', 'label_origin': 'machine_inferred', 'routing_only': True, 'source_level': 'B'};{'confidence': 0.68, 'domain': '程序法', 'evidence_source': 'keyword', 'evidence_span': '备案审查', 'label_origin': 'machine_inferred', 'routing_only': True, 'source_level': 'B'};{'confidence': 0.72, 'domain': '合同法', 'evidence_source': 'keyword', 'evidence_span': '合同解除', 'label_origin': 'machine_inferred', 'routing_only': True, 'source_level': 'B'}		internal_fragment	1.0	"{""2024"":2}"	FXZZ202404009;FXZZ202407004	A1/A2	pending_human_review
c3a2d779ca87b18258ac	缔约时	cross_paper_discovery	bounded_chinese_ngram_maximal_repeat	2	2	3	"{""1"":0,""2"":0,""3"":2}"		{'confidence': 0.1, 'domain': 'unrouted', 'evidence_source': 'keyword', 'evidence_span': '解约定金', 'label_origin': 'machine_inferred', 'routing_only': True, 'source_level': 'B'};{'confidence': 0.66, 'domain': '比较法', 'evidence_source': 'keyword', 'evidence_span': '国际高标准经贸规则', 'label_origin': 'machine_inferred', 'routing_only': True, 'source_level': 'B'};{'confidence': 0.68, 'domain': '侵权责任', 'evidence_source': 'keyword', 'evidence_span': '定金责任', 'label_origin': 'machine_inferred', 'routing_only': True, 'source_level': 'B'};{'confidence': 0.72, 'domain': '合同法', 'evidence_source': 'keyword', 'evidence_span': '违约定金', 'label_origin': 'machine_inferred', 'routing_only': True, 'source_level': 'B'}		internal_fragment	1.222223	"{""2023"":1,""2024"":1}"	FXZZ202303006;FXZZ202406012	A1/A2	pending_human_review
c594bbdd6cf5b2c79d79	缔约过失责任	cross_paper_discovery	bounded_chinese_ngram_maximal_repeat	2	2	1;2	"{""1"":1,""2"":2,""3"":0}"		{'confidence': 0.1, 'domain': 'unrouted', 'evidence_source': 'keyword', 'evidence_span': '受害人故意', 'label_origin': 'machine_inferred', 'routing_only': True, 'source_level': 'B'};{'confidence': 0.66, 'domain': '规范理论', 'evidence_source': 'keyword', 'evidence_span': '合同法规范', 'label_origin': 'machine_inferred', 'routing_only': True, 'source_level': 'B'};{'confidence': 0.68, 'domain': '侵权责任', 'evidence_source': 'keyword', 'evidence_span': '无权代理人责任', 'label_origin': 'machine_inferred', 'routing_only': True, 'source_level': 'B'};{'confidence': 0.72, 'domain': '合同法', 'evidence_source': 'keyword', 'evidence_span': '合同法规范', 'label_origin': 'machine_inferred', 'routing_only': True, 'source_level': 'B'}		internal_fragment;low_wordhood_score	0.499999	"{""2023"":3}"	FXZZ202301010;FXZZ202310008	A1/A2	pending_human_review
b3f85a615ba9fb9d893d	缺位与错	cross_paper_discovery	bounded_chinese_ngram_maximal_repeat	2	2	2	"{""1"":0,""2"":2,""3"":0}"		{'confidence': 0.1, 'domain': 'unrouted', 'evidence_source': 'keyword', 'evidence_span': '平台用工', 'label_origin': 'machine_inferred', 'routing_only': True, 'source_level': 'B'}		internal_fragment	1.0	"{""2023"":2}"	FXZZ202306011;FXZZ202311011	A1/A2	pending_human_review
545fe553c94aa1f1ec7d	罚范围	cross_paper_discovery	bounded_chinese_ngram_maximal_repeat	4	4	1;2;3	"{""1"":2,""2"":2,""3"":1}"	构成要件;规范依据	{'confidence': 0.1, 'domain': 'unrouted', 'evidence_source': 'keyword', 'evidence_span': '犯罪故意', 'label_origin': 'machine_inferred', 'routing_only': True, 'source_level': 'B'};{'confidence': 0.66, 'domain': '规范理论', 'evidence_source': 'keyword', 'evidence_span': '行为规范', 'label_origin': 'machine_inferred', 'routing_only': True, 'source_level': 'B'};{'confidence': 0.68, 'domain': '侵权责任', 'evidence_source': 'keyword', 'evidence_span': '监护人责任', 'label_origin': 'machine_inferred', 'routing_only': True, 'source_level': 'B'};{'confidence': 0.68, 'domain': '程序法', 'evidence_source': 'keyword', 'evidence_span': '裁判规范', 'label_origin': 'machine_inferred', 'routing_only': True, 'source_level': 'B'}		internal_fragment	2.0	"{""2023"":4,""2024"":1}"	FXZZ202303005;FXZZ202308006;FXZZ202310007;FXZZ202401008	A1/A2	pending_human_review
43765fa0607e63de946e	罪保护	cross_paper_discovery	bounded_chinese_ngram_maximal_repeat	5	5	1;2;3	"{""1"":3,""2"":7,""3"":1}"		{'confidence': 0.1, 'domain': 'unrouted', 'evidence_source': 'keyword', 'evidence_span': '药品犯罪圈', 'label_origin': 'machine_inferred', 'routing_only': True, 'source_level': 'B'};{'confidence': 0.66, 'domain': '规范理论', 'evidence_source': 'keyword', 'evidence_span': '规范保护目的', 'label_origin': 'machine_inferred', 'routing_only': True, 'source_level': 'B'};{'confidence': 0.68, 'domain': '侵权责任', 'evidence_source': 'keyword', 'evidence_span': '直接责任人员', 'label_origin': 'machine_inferred', 'routing_only': True, 'source_level': 'B'}		internal_fragment	2.121213	"{""2023"":5,""2024"":6}"	FXZZ202302005;FXZZ202304005;FXZZ202308006;FXZZ202404006;FXZZ202406007	A1/A2	pending_human_review
c4d278baf1f432770cb8	罪保护法益	cross_paper_discovery	bounded_chinese_ngram_maximal_repeat	4	4	1;2	"{""1"":3,""2"":6,""3"":0}"		{'confidence': 0.1, 'domain': 'unrouted', 'evidence_source': 'keyword', 'evidence_span': '药品犯罪圈', 'label_origin': 'machine_inferred', 'routing_only': True, 'source_level': 'B'};{'confidence': 0.66, 'domain': '规范理论', 'evidence_source': 'keyword', 'evidence_span': '规范保护目的', 'label_origin': 'machine_inferred', 'routing_only': True, 'source_level': 'B'};{'confidence': 0.68, 'domain': '侵权责任', 'evidence_source': 'keyword', 'evidence_span': '直接责任人员', 'label_origin': 'machine_inferred', 'routing_only': True, 'source_level': 'B'}		internal_fragment	1.2	"{""2023"":4,""2024"":5}"	FXZZ202302005;FXZZ202304005;FXZZ202308006;FXZZ202406007	A1/A2	pending_human_review
bdb027c87084cd24e25a	罪司法	cross_paper_discovery	bounded_chinese_ngram_maximal_repeat	2	2	1;2	"{""1"":1,""2"":1,""3"":0}"		{'confidence': 0.1, 'domain': 'unrouted', 'evidence_source': 'keyword', 'evidence_span': '加速到期', 'label_origin': 'machine_inferred', 'routing_only': True, 'source_level': 'B'}		internal_fragment	1.333334	"{""2023"":2}"	FXZZ202308007;FXZZ202309006	A1/A2	pending_human_review
4c6b94905a59046642df	罪名范围	cross_paper_discovery	bounded_chinese_ngram_maximal_repeat	2	2	1;2;3	"{""1"":1,""2"":4,""3"":2}"	构成要件	{'confidence': 0.1, 'domain': 'unrouted', 'evidence_source': 'keyword', 'evidence_span': '监察范围', 'label_origin': 'machine_inferred', 'routing_only': True, 'source_level': 'B'}		internal_fragment;low_wordhood_score	0.714286	"{""2023"":7}"	FXZZ202307006;FXZZ202307007	A1/A2	pending_human_review
c8c83c38ee0fa67365d4	罪名适用	cross_paper_discovery	bounded_chinese_ngram_maximal_repeat	2	2	2;3	"{""1"":0,""2"":1,""3"":1}"		{'confidence': 0.1, 'domain': 'unrouted', 'evidence_source': 'keyword', 'evidence_span': '药品犯罪圈', 'label_origin': 'machine_inferred', 'routing_only': True, 'source_level': 'B'};{'confidence': 0.68, 'domain': '程序法', 'evidence_source': 'keyword', 'evidence_span': '诉讼时效', 'label_origin': 'machine_inferred', 'routing_only': True, 'source_level': 'B'}		internal_fragment	1.0	"{""2023"":1,""2024"":1}"	FXZZ202302005;FXZZ202404007	A1/A2	pending_human_review
7783daee55d656a82dd5	罪案件	cross_paper_discovery	bounded_chinese_ngram_maximal_repeat	2	2	1;3	"{""1"":1,""2"":0,""3"":1}"	程序审查	{'confidence': 0.1, 'domain': 'unrouted', 'evidence_source': 'keyword', 'evidence_span': '整体法秩序', 'label_origin': 'machine_inferred', 'routing_only': True, 'source_level': 'B'};{'confidence': 0.66, 'domain': '规范理论', 'evidence_source': 'keyword', 'evidence_span': '轻罪规范', 'label_origin': 'machine_inferred', 'routing_only': True, 'source_level': 'B'}		internal_fragment	1.333334	"{""2024"":2}"	FXZZ202401007;FXZZ202404011	A1/A2	pending_human_review
9c82e9f5d9929e850f66	罪法益	cross_paper_discovery	bounded_chinese_ngram_maximal_repeat	3	3	1;2	"{""1"":1,""2"":2,""3"":0}"	规范依据	{'confidence': 0.1, 'domain': 'unrouted', 'evidence_source': 'keyword', 'evidence_span': '利益平衡', 'label_origin': 'machine_inferred', 'routing_only': True, 'source_level': 'B'};{'confidence': 0.68, 'domain': '程序法', 'evidence_source': 'keyword', 'evidence_span': '保证债务诉讼时效', 'label_origin': 'machine_inferred', 'routing_only': True, 'source_level': 'B'};{'confidence': 0.72, 'domain': '合同法', 'evidence_source': 'keyword', 'evidence_span': '合同解释', 'label_origin': 'machine_inferred', 'routing_only': True, 'source_level': 'B'}		internal_fragment	2.0	"{""2023"":1,""2024"":2}"	FXZZ202304006;FXZZ202401008;FXZZ202406007	A1/A2	pending_human_review
1ebd96a0540fff31fcc6	罪犯罪	cross_paper_discovery	bounded_chinese_ngram_maximal_repeat	2	2	1;2	"{""1"":1,""2"":1,""3"":0}"		{'confidence': 0.1, 'domain': 'unrouted', 'evidence_source': 'keyword', 'evidence_span': '实际控制人', 'label_origin': 'machine_inferred', 'routing_only': True, 'source_level': 'B'};{'confidence': 0.68, 'domain': '侵权责任', 'evidence_source': 'keyword', 'evidence_span': '直接责任人员', 'label_origin': 'machine_inferred', 'routing_only': True, 'source_level': 'B'}		internal_fragment	1.333334	"{""2023"":1,""2024"":1}"	FXZZ202304005;FXZZ202405006	A1/A2	pending_human_review
08c6a3431912f106d6af	罪的保护法益	cross_paper_discovery	bounded_chinese_ngram_maximal_repeat	2	2	1;3	"{""1"":1,""2"":0,""3"":1}"		{'confidence': 0.1, 'domain': 'unrouted', 'evidence_source': 'keyword', 'evidence_span': '实际控制人', 'label_origin': 'machine_inferred', 'routing_only': True, 'source_level': 'B'};{'confidence': 0.68, 'domain': '侵权责任', 'evidence_source': 'keyword', 'evidence_span': '直接责任人员', 'label_origin': 'machine_inferred', 'routing_only': True, 'source_level': 'B'}		internal_fragment;low_wordhood_score	0.666666	"{""2023"":1,""2026"":1}"	FXZZ202304005;FXZZ202607004	A1/A2	pending_human_review
4be40950be703424f526	罪的实	cross_paper_discovery	bounded_chinese_ngram_maximal_repeat	2	2	2;3	"{""1"":0,""2"":1,""3"":1}"		{'confidence': 0.1, 'domain': 'unrouted', 'evidence_source': 'keyword', 'evidence_span': '利益平衡', 'label_origin': 'machine_inferred', 'routing_only': True, 'source_level': 'B'};{'confidence': 0.72, 'domain': '合同法', 'evidence_source': 'keyword', 'evidence_span': '合同解释', 'label_origin': 'machine_inferred', 'routing_only': True, 'source_level': 'B'}		internal_fragment	1.333334	"{""2023"":2}"	FXZZ202304006;FXZZ202305006	A1/A2	pending_human_review
734d9a1c88dee9f34e4c	罪的属性	cross_paper_discovery	bounded_chinese_ngram_maximal_repeat	2	2	2;3	"{""1"":0,""2"":1,""3"":1}"		{'confidence': 0.1, 'domain': 'unrouted', 'evidence_source': 'keyword', 'evidence_span': '药品犯罪圈', 'label_origin': 'machine_inferred', 'routing_only': True, 'source_level': 'B'}		internal_fragment	1.0	"{""2023"":1,""2026"":1}"	FXZZ202302005;FXZZ202607004	A1/A2	pending_human_review
81006a192e5517beafa0	罪的法	cross_paper_discovery	bounded_chinese_ngram_maximal_repeat	5	5	1;2;3	"{""1"":3,""2"":2,""3"":2}"	构成要件;规范依据	{'confidence': 0.1, 'domain': 'unrouted', 'evidence_source': 'keyword', 'evidence_span': '药品犯罪圈', 'label_origin': 'machine_inferred', 'routing_only': True, 'source_level': 'B'};{'confidence': 0.68, 'domain': '程序法', 'evidence_source': 'keyword', 'evidence_span': '诉讼时效', 'label_origin': 'machine_inferred', 'routing_only': True, 'source_level': 'B'}		internal_fragment	2.857143	"{""2023"":5,""2024"":1,""2026"":1}"	FXZZ202302005;FXZZ202303004;FXZZ202308007;FXZZ202404007;FXZZ202607004	A1/A2	pending_human_review
51a58f6f8568ad3258d3	罪的法益	cross_paper_discovery	bounded_chinese_ngram_maximal_repeat	2	2	1;3	"{""1"":3,""2"":0,""3"":1}"		{'confidence': 0.1, 'domain': 'unrouted', 'evidence_source': 'keyword', 'evidence_span': '药品犯罪圈', 'label_origin': 'machine_inferred', 'routing_only': True, 'source_level': 'B'}		internal_fragment	0.875	"{""2023"":3,""2026"":1}"	FXZZ202302005;FXZZ202607004	A1/A2	pending_human_review
1215b1cb43e5a95428d1	罪的犯罪	cross_paper_discovery	bounded_chinese_ngram_maximal_repeat	2	2	1	"{""1"":2,""2"":0,""3"":0}"		{'confidence': 0.1, 'domain': 'unrouted', 'evidence_source': 'keyword', 'evidence_span': '实际控制人', 'label_origin': 'machine_inferred', 'routing_only': True, 'source_level': 'B'};{'confidence': 0.68, 'domain': '侵权责任', 'evidence_source': 'keyword', 'evidence_span': '直接责任人员', 'label_origin': 'machine_inferred', 'routing_only': True, 'source_level': 'B'}		internal_fragment	1.0	"{""2023"":2}"	FXZZ202304005;FXZZ202305006	A1/A2	pending_human_review
b88cf0ba6c19d47456e1	罪的立法	cross_paper_discovery	bounded_chinese_ngram_maximal_repeat	2	2	2	"{""1"":0,""2"":2,""3"":0}"		{'confidence': 0.1, 'domain': 'unrouted', 'evidence_source': 'keyword', 'evidence_span': '从宽处罚', 'label_origin': 'machine_inferred', 'routing_only': True, 'source_level': 'B'}		internal_fragment	1.0	"{""2023"":2}"	FXZZ202305006;FXZZ202309006	A1/A2	pending_human_review
666712b05647ac97522e	罪的罪	cross_paper_discovery	bounded_chinese_ngram_maximal_repeat	3	3	1;2;3	"{""1"":2,""2"":2,""3"":1}"		{'confidence': 0.1, 'domain': 'unrouted', 'evidence_source': 'keyword', 'evidence_span': '罪名体系', 'label_origin': 'machine_inferred', 'routing_only': True, 'source_level': 'B'};{'confidence': 0.68, 'domain': '侵权责任', 'evidence_source': 'keyword', 'evidence_span': '直接责任人员', 'label_origin': 'machine_inferred', 'routing_only': True, 'source_level': 'B'}		internal_fragment	1.6	"{""2023"":5}"	FXZZ202302006;FXZZ202304005;FXZZ202307007	A1/A2	pending_human_review
62caf8f09dcb9faa15fd	罪的认定	cross_paper_discovery	bounded_chinese_ngram_maximal_repeat	2	2	1;3	"{""1"":1,""2"":0,""3"":4}"		{'confidence': 0.1, 'domain': 'unrouted', 'evidence_source': 'keyword', 'evidence_span': '非法人体试验', 'label_origin': 'machine_inferred', 'routing_only': True, 'source_level': 'B'}		internal_fragment;low_wordhood_score	0.7	"{""2024"":5}"	FXZZ202404006;FXZZ202405006	A1/A2	pending_human_review
413b56182da6f38df702	罪竞合	cross_paper_discovery	bounded_chinese_ngram_maximal_repeat	2	2	2	"{""1"":0,""2"":2,""3"":0}"		{'confidence': 0.1, 'domain': 'unrouted', 'evidence_source': 'keyword', 'evidence_span': '法条竞合', 'label_origin': 'machine_inferred', 'routing_only': True, 'source_level': 'B'}		internal_fragment	1.333334	"{""2023"":1,""2024"":1}"	FXZZ202303004;FXZZ202406007	A1/A2	pending_human_review
9ff32ec04d23f9225d70	罪结构	cross_paper_discovery	bounded_chinese_ngram_maximal_repeat	2	2	1;2	"{""1"":3,""2"":6,""3"":0}"	构成要件;比较法;规范依据	{'confidence': 0.1, 'domain': 'unrouted', 'evidence_source': 'keyword', 'evidence_span': '实际控制人', 'label_origin': 'machine_inferred', 'routing_only': True, 'source_level': 'B'};{'confidence': 0.68, 'domain': '侵权责任', 'evidence_source': 'keyword', 'evidence_span': '直接责任人员', 'label_origin': 'machine_inferred', 'routing_only': True, 'source_level': 'B'}		internal_fragment	0.962963	"{""2023"":9}"	FXZZ202304005;FXZZ202310007	A1/A2	pending_human_review
a071b2c15b280e4dcb14	罪范围	cross_paper_discovery	bounded_chinese_ngram_maximal_repeat	2	2	2	"{""1"":0,""2"":2,""3"":0}"		{'confidence': 0.1, 'domain': 'unrouted', 'evidence_source': 'keyword', 'evidence_span': '法条竞合', 'label_origin': 'machine_inferred', 'routing_only': True, 'source_level': 'B'}		internal_fragment	1.333334	"{""2023"":2}"	FXZZ202303004;FXZZ202308007	A1/A2	pending_human_review
69703fb437ca7bed5534	罪行为类型	cross_paper_discovery	bounded_chinese_ngram_maximal_repeat	2	2	2	"{""1"":0,""2"":2,""3"":0}"		{'confidence': 0.1, 'domain': 'unrouted', 'evidence_source': 'keyword', 'evidence_span': '药品犯罪圈', 'label_origin': 'machine_inferred', 'routing_only': True, 'source_level': 'B'};{'confidence': 0.72, 'domain': '合同法', 'evidence_source': 'keyword', 'evidence_span': '合同解释', 'label_origin': 'machine_inferred', 'routing_only': True, 'source_level': 'B'}		internal_fragment	0.8	"{""2023"":2}"	FXZZ202302005;FXZZ202304006	A1/A2	pending_human_review
f05c7f2cecabbe534a74	罪被害人	cross_paper_discovery	bounded_chinese_ngram_maximal_repeat	2	2	1;2	"{""1"":1,""2"":4,""3"":0}"	法律后果	{'confidence': 0.1, 'domain': 'unrouted', 'evidence_source': 'keyword', 'evidence_span': '法条竞合', 'label_origin': 'machine_inferred', 'routing_only': True, 'source_level': 'B'}		internal_fragment;low_wordhood_score	0.7	"{""2023"":5}"	FXZZ202303004;FXZZ202305007	A1/A2	pending_human_review
22574b71f49449ab12cd	考量因素	cross_paper_discovery	bounded_chinese_ngram_maximal_repeat	7	7	1;2;3	"{""1"":4,""2"":3,""3"":1}"	制度构建;比较法;程序审查;规范依据	{'confidence': 0.1, 'domain': 'unrouted', 'evidence_source': 'keyword', 'evidence_span': '解约定金', 'label_origin': 'machine_inferred', 'routing_only': True, 'source_level': 'B'};{'confidence': 0.66, 'domain': '比较法', 'evidence_source': 'keyword', 'evidence_span': '域外适用', 'label_origin': 'machine_inferred', 'routing_only': True, 'source_level': 'B'};{'confidence': 0.66, 'domain': '规范理论', 'evidence_source': 'keyword', 'evidence_span': '轻罪规范', 'label_origin': 'machine_inferred', 'routing_only': True, 'source_level': 'B'};{'confidence': 0.68, 'domain': '侵权责任', 'evidence_source': 'keyword', 'evidence_span': '定金责任', 'label_origin': 'machine_inferred', 'routing_only': True, 'source_level': 'B'};{'confidence': 0.72, 'domain': '合同法', 'evidence_source': 'keyword', 'evidence_span': '违约定金', 'label_origin': 'machine_inferred', 'routing_only': True, 'source_level': 'B'}		internal_fragment	2.1875	"{""2023"":4,""2024"":4}"	FXZZ202303006;FXZZ202304007;FXZZ202307006;FXZZ202309008;FXZZ202401007;FXZZ202401012;FXZZ202404009	A1/A2	pending_human_review
d0ebb1dfac319d0632cb	考量要	cross_paper_discovery	bounded_chinese_ngram_maximal_repeat	3	3	1;2;3	"{""1"":1,""2"":1,""3"":1}"	制度构建	{'confidence': 0.1, 'domain': 'unrouted', 'evidence_source': 'keyword', 'evidence_span': '透明度', 'label_origin': 'machine_inferred', 'routing_only': True, 'source_level': 'B'};{'confidence': 0.66, 'domain': '比较法', 'evidence_source': 'keyword', 'evidence_span': '国际经贸合作', 'label_origin': 'machine_inferred', 'routing_only': True, 'source_level': 'B'}		internal_fragment	1.833333	"{""2023"":3}"	FXZZ202301013;FXZZ202302012;FXZZ202305010	A1/A2	pending_human_review
335eea943d516a73d6b5	考量要素	cross_paper_discovery	bounded_chinese_ngram_maximal_repeat	2	2	1;2	"{""1"":1,""2"":1,""3"":0}"	制度构建	{'confidence': 0.1, 'domain': 'unrouted', 'evidence_source': 'keyword', 'evidence_span': '知情权', 'label_origin': 'machine_inferred', 'routing_only': True, 'source_level': 'B'}		internal_fragment	0.875	"{""2023"":2}"	FXZZ202301013;FXZZ202305010	A1/A2	pending_human_review
71b3e8f4d1a2130aef5d	者权益保	cross_paper_discovery	bounded_chinese_ngram_maximal_repeat	2	2	2;3	"{""1"":0,""2"":1,""3"":1}"	制度构建;规范依据	{'confidence': 0.1, 'domain': 'unrouted', 'evidence_source': 'keyword', 'evidence_span': '“科学的”立法', 'label_origin': 'machine_inferred', 'routing_only': True, 'source_level': 'B'}		internal_fragment	1.0	"{""2024"":2}"	FXZZ202401003;FXZZ202406011	A1/A2	pending_human_review
6f34e018963596872d4d	职权主	cross_paper_discovery	bounded_chinese_ngram_maximal_repeat	3	3	1;2;3	"{""1"":1,""2"":2,""3"":2}"	制度构建	{'confidence': 0.1, 'domain': 'unrouted', 'evidence_source': 'keyword', 'evidence_span': '劳动法', 'label_origin': 'machine_inferred', 'routing_only': True, 'source_level': 'B'}		internal_fragment	1.5	"{""2023"":5}"	FXZZ202303011;FXZZ202307011;FXZZ202309004	A1/A2	pending_human_review
fb83f17ea6ace0e7a075	肯定论	cross_paper_discovery	bounded_chinese_ngram_maximal_repeat	2	2	1;2	"{""1"":3,""2"":2,""3"":0}"		{'confidence': 0.1, 'domain': 'unrouted', 'evidence_source': 'keyword', 'evidence_span': '代位', 'label_origin': 'machine_inferred', 'routing_only': True, 'source_level': 'B'}		internal_fragment	1.066667	"{""2023"":5}"	FXZZ202302008;FXZZ202308013	A1/A2	pending_human_review
a68e961cac736d073d2e	能定位	cross_paper_discovery	bounded_chinese_ngram_maximal_repeat	8	8	1;2;3	"{""1"":3,""2"":4,""3"":3}"	程序审查	{'confidence': 0.1, 'domain': 'unrouted', 'evidence_source': 'keyword', 'evidence_span': '适度干预', 'label_origin': 'machine_inferred', 'routing_only': True, 'source_level': 'B'};{'confidence': 0.68, 'domain': '程序法', 'evidence_source': 'keyword', 'evidence_span': '特别程序', 'label_origin': 'machine_inferred', 'routing_only': True, 'source_level': 'B'}		internal_fragment	3.866667	"{""2023"":7,""2024"":3}"	FXZZ202301012;FXZZ202307007;FXZZ202308005;FXZZ202310013;FXZZ202311011;FXZZ202311013;FXZZ202406004;FXZZ202406013	A1/A2	pending_human_review
b2d51812410ee3e9f299	能服务	cross_paper_discovery	bounded_chinese_ngram_maximal_repeat	2	2	1;2;3	"{""1"":4,""2"":5,""3"":1}"	程序审查	{'confidence': 0.1, 'domain': 'unrouted', 'evidence_source': 'keyword', 'evidence_span': '双边冲突规则', 'label_origin': 'machine_inferred', 'routing_only': True, 'source_level': 'B'};{'confidence': 0.68, 'domain': '程序法', 'evidence_source': 'keyword', 'evidence_span': '程序问题', 'label_origin': 'machine_inferred', 'routing_only': True, 'source_level': 'B'}		internal_fragment	0.8	"{""2023"":1,""2024"":9}"	FXZZ202308012;FXZZ202407009	A1/A2	pending_human_review
21fc295638794117e098	能的实	cross_paper_discovery	bounded_chinese_ngram_maximal_repeat	4	4	1;2;3	"{""1"":1,""2"":2,""3"":1}"	规范依据	{'confidence': 0.1, 'domain': 'unrouted', 'evidence_source': 'keyword', 'evidence_span': '女性劳动权益保障', 'label_origin': 'machine_inferred', 'routing_only': True, 'source_level': 'B'}		internal_fragment	2.0	"{""2023"":3,""2024"":1}"	FXZZ202304011;FXZZ202307007;FXZZ202311004;FXZZ202406009	A1/A2	pending_human_review
178b7f3a509f67e54214	能的实现	cross_paper_discovery	bounded_chinese_ngram_maximal_repeat	3	3	2;3	"{""1"":0,""2"":2,""3"":1}"	规范依据	{'confidence': 0.1, 'domain': 'unrouted', 'evidence_source': 'keyword', 'evidence_span': '民事代理', 'label_origin': 'machine_inferred', 'routing_only': True, 'source_level': 'B'}		internal_fragment	1.25	"{""2023"":2,""2024"":1}"	FXZZ202307007;FXZZ202311004;FXZZ202406009	A1/A2	pending_human_review
f4791770aa2416f4234a	能逻辑	cross_paper_discovery	bounded_chinese_ngram_maximal_repeat	2	2	1;3	"{""1"":1,""2"":0,""3"":1}"	程序审查	{'confidence': 0.1, 'domain': 'unrouted', 'evidence_source': 'keyword', 'evidence_span': '全面依法治国', 'label_origin': 'machine_inferred', 'routing_only': True, 'source_level': 'B'};{'confidence': 0.68, 'domain': '程序法', 'evidence_source': 'keyword', 'evidence_span': '主观程序正义', 'label_origin': 'machine_inferred', 'routing_only': True, 'source_level': 'B'}		generic_container;internal_fragment	1.333334	"{""2023"":1,""2024"":1}"	FXZZ202301001;FXZZ202406005	A1/A2	pending_human_review
eea0152451e68e5edad8	自主决	cross_paper_discovery	bounded_chinese_ngram_maximal_repeat	2	2	2;3	"{""1"":0,""2"":1,""3"":1}"	法律后果;程序审查	{'confidence': 0.1, 'domain': 'unrouted', 'evidence_source': 'keyword', 'evidence_span': '刑法处罚早期化', 'label_origin': 'machine_inferred', 'routing_only': True, 'source_level': 'B'}		internal_fragment	1.333334	"{""2023"":1,""2024"":1}"	FXZZ202308005;FXZZ202404005	A1/A2	pending_human_review
ba53eaa5b77304af773b	自主性	cross_paper_discovery	bounded_chinese_ngram_maximal_repeat	4	4	2;3	"{""1"":0,""2"":4,""3"":1}"	程序审查	{'confidence': 0.1, 'domain': 'unrouted', 'evidence_source': 'keyword', 'evidence_span': '刑法处罚早期化', 'label_origin': 'machine_inferred', 'routing_only': True, 'source_level': 'B'}		internal_fragment	2.399999	"{""2023"":2,""2024"":3}"	FXZZ202308005;FXZZ202401005;FXZZ202403004;FXZZ202412003	A1/A2	pending_human_review
7a36d8631c6684da7d53	自动化	cross_paper_discovery	bounded_chinese_ngram_maximal_repeat	2	2	1;2	"{""1"":3,""2"":5,""3"":0}"		{'confidence': 0.1, 'domain': 'unrouted', 'evidence_source': 'keyword', 'evidence_span': '检察机关居中主持模式', 'label_origin': 'machine_inferred', 'routing_only': True, 'source_level': 'B'};{'confidence': 0.68, 'domain': '程序法', 'evidence_source': 'keyword', 'evidence_span': '正当程序', 'label_origin': 'machine_inferred', 'routing_only': True, 'source_level': 'B'};{'confidence': 0.72, 'domain': '合同法', 'evidence_source': 'keyword', 'evidence_span': '行政代履行', 'label_origin': 'machine_inferred', 'routing_only': True, 'source_level': 'B'}		internal_fragment	0.875	"{""2024"":8}"	FXZZ202407003;FXZZ202407010	A1/A2	pending_human_review
30315e57513f1f0cf75a	自我责任	cross_paper_discovery	bounded_chinese_ngram_maximal_repeat	2	2	1;2	"{""1"":1,""2"":2,""3"":0}"		{'confidence': 0.1, 'domain': 'unrouted', 'evidence_source': 'keyword', 'evidence_span': '法条竞合', 'label_origin': 'machine_inferred', 'routing_only': True, 'source_level': 'B'}		internal_fragment;lexical_support	1.0	"{""2023"":3}"	FXZZ202301013;FXZZ202303004	A1/A2	pending_human_review
6d623d10b5fa70f9403c	自治型	cross_paper_discovery	bounded_chinese_ngram_maximal_repeat	2	2	2;3	"{""1"":0,""2"":2,""3"":2}"		{'confidence': 0.1, 'domain': 'unrouted', 'evidence_source': 'keyword', 'evidence_span': '交互型研究范式', 'label_origin': 'machine_inferred', 'routing_only': True, 'source_level': 'B'};{'confidence': 0.68, 'domain': '程序法', 'evidence_source': 'keyword', 'evidence_span': '程序问题', 'label_origin': 'machine_inferred', 'routing_only': True, 'source_level': 'B'}		internal_fragment	1.000001	"{""2023"":4}"	FXZZ202302001;FXZZ202308012	A1/A2	pending_human_review
21324017c814d6a50c6d	自然人	cross_paper_discovery	bounded_chinese_ngram_maximal_repeat	6	6	1;2;3	"{""1"":3,""2"":12,""3"":9}"	规范依据	{'confidence': 0.1, 'domain': 'unrouted', 'evidence_source': 'keyword', 'evidence_span': '利益衡量', 'label_origin': 'machine_inferred', 'routing_only': True, 'source_level': 'B'};{'confidence': 0.72, 'domain': '合同法', 'evidence_source': 'keyword', 'evidence_span': '违约方申请解除', 'label_origin': 'machine_inferred', 'routing_only': True, 'source_level': 'B'}		internal_fragment	2.583333	"{""2023"":21,""2024"":2,""2026"":1}"	FXZZ202301005;FXZZ202301007;FXZZ202305008;FXZZ202312006;FXZZ202403003;FXZZ202607005	A1/A2	pending_human_review
4906d32b1ca00ad14416	自由意志	cross_paper_discovery	bounded_chinese_ngram_maximal_repeat	4	4	1;2;3	"{""1"":1,""2"":2,""3"":3}"		{'confidence': 0.1, 'domain': 'unrouted', 'evidence_source': 'keyword', 'evidence_span': '治外法权', 'label_origin': 'machine_inferred', 'routing_only': True, 'source_level': 'B'}		internal_fragment	1.75	"{""2023"":2,""2024"":4}"	FXZZ202309002;FXZZ202401005;FXZZ202404004;FXZZ202404005	A1/A2	pending_human_review
2b74249b721c80956841	自由贸易试验区	cross_paper_discovery	bounded_chinese_ngram_maximal_repeat	2	2	2	"{""1"":0,""2"":2,""3"":0}"	规范依据	{'confidence': 0.1, 'domain': 'unrouted', 'evidence_source': 'keyword', 'evidence_span': '立法模', 'label_origin': 'machine_inferred', 'routing_only': True, 'source_level': 'B'}		internal_fragment;low_wordhood_score	0.571428	"{""2023"":1,""2024"":1}"	FXZZ202304003;FXZZ202406013	A1/A2	pending_human_review
729dc8f45c5b73a33cfa	自贸试验区	cross_paper_discovery	bounded_chinese_ngram_maximal_repeat	2	2	1;2	"{""1"":7,""2"":9,""3"":0}"	制度构建;规范依据	{'confidence': 0.1, 'domain': 'unrouted', 'evidence_source': 'keyword', 'evidence_span': '立法模', 'label_origin': 'machine_inferred', 'routing_only': True, 'source_level': 'B'}		internal_fragment;low_wordhood_score	0.675	"{""2023"":8,""2024"":8}"	FXZZ202304003;FXZZ202406013	A1/A2	pending_human_review
595b3e74236eb08073b3	范体系	cross_paper_discovery	bounded_chinese_ngram_maximal_repeat	6	6	2;3	"{""1"":0,""2"":4,""3"":3}"	制度构建;权利救济;规范依据	{'confidence': 0.1, 'domain': 'unrouted', 'evidence_source': 'keyword', 'evidence_span': '法的安定性', 'label_origin': 'machine_inferred', 'routing_only': True, 'source_level': 'B'};{'confidence': 0.68, 'domain': '程序法', 'evidence_source': 'keyword', 'evidence_span': '正当裁判', 'label_origin': 'machine_inferred', 'routing_only': True, 'source_level': 'B'}		generic_container;internal_fragment	2.857143	"{""2023"":3,""2024"":3,""2025"":1}"	FXZZ202310002;FXZZ202310005;FXZZ202401002;FXZZ202401008;FXZZ202405002;FXZZ202501004	A1/A2	pending_human_review
95367bf2aa3ea3ce991d	范依据	cross_paper_discovery	bounded_chinese_ngram_maximal_repeat	5	5	1;2	"{""1"":2,""2"":3,""3"":0}"	制度构建;规范依据;证据证明	{'confidence': 0.1, 'domain': 'unrouted', 'evidence_source': 'keyword', 'evidence_span': '数据自决权', 'label_origin': 'machine_inferred', 'routing_only': True, 'source_level': 'B'};{'confidence': 0.68, 'domain': '程序法', 'evidence_source': 'keyword', 'evidence_span': '审查批准', 'label_origin': 'machine_inferred', 'routing_only': True, 'source_level': 'B'}		internal_fragment	2.0	"{""2023"":3,""2024"":2}"	FXZZ202301003;FXZZ202308004;FXZZ202312003;FXZZ202401003;FXZZ202406010	A1/A2	pending_human_review
8f8306bbe3d6fa211ed5	范围应	cross_paper_discovery	bounded_chinese_ngram_maximal_repeat	2	2	2	"{""1"":0,""2"":2,""3"":0}"		{'confidence': 0.1, 'domain': 'unrouted', 'evidence_source': 'keyword', 'evidence_span': '行政委托', 'label_origin': 'machine_inferred', 'routing_only': True, 'source_level': 'B'};{'confidence': 0.66, 'domain': '规范理论', 'evidence_source': 'keyword', 'evidence_span': '保护性规范', 'label_origin': 'machine_inferred', 'routing_only': True, 'source_level': 'B'}		internal_fragment	1.333334	"{""2023"":1,""2024"":1}"	FXZZ202312003;FXZZ202407008	A1/A2	pending_human_review
f798eb0dc4312cb1b2c4	范围扩张	cross_paper_discovery	bounded_chinese_ngram_maximal_repeat	2	2	1;3	"{""1"":1,""2"":0,""3"":1}"		{'confidence': 0.1, 'domain': 'unrouted', 'evidence_source': 'keyword', 'evidence_span': '民事代理', 'label_origin': 'machine_inferred', 'routing_only': True, 'source_level': 'B'};{'confidence': 0.66, 'domain': '规范理论', 'evidence_source': 'keyword', 'evidence_span': '规范保护目的', 'label_origin': 'machine_inferred', 'routing_only': True, 'source_level': 'B'}		internal_fragment	1.0	"{""2023"":2}"	FXZZ202307007;FXZZ202308006	A1/A2	pending_human_review
27c4582827d612d822a4	范围的基	cross_paper_discovery	bounded_chinese_ngram_maximal_repeat	2	2	2;3	"{""1"":0,""2"":1,""3"":3}"		{'confidence': 0.1, 'domain': 'unrouted', 'evidence_source': 'keyword', 'evidence_span': '民事代理', 'label_origin': 'machine_inferred', 'routing_only': True, 'source_level': 'B'}		internal_fragment;low_wordhood_score	0.75	"{""2023"":1,""2024"":3}"	FXZZ202307007;FXZZ202401005	A1/A2	pending_human_review
211e3d520d081b7f5ba0	范围的界定	cross_paper_discovery	bounded_chinese_ngram_maximal_repeat	2	2	2	"{""1"":0,""2"":2,""3"":0}"	规范依据	{'confidence': 0.1, 'domain': 'unrouted', 'evidence_source': 'keyword', 'evidence_span': '撤回权', 'label_origin': 'machine_inferred', 'routing_only': True, 'source_level': 'B'};{'confidence': 0.72, 'domain': '合同法', 'evidence_source': 'keyword', 'evidence_span': '解除权', 'label_origin': 'machine_inferred', 'routing_only': True, 'source_level': 'B'}		internal_fragment	0.8	"{""2023"":1,""2024"":1}"	FXZZ202312007;FXZZ202404011	A1/A2	pending_human_review
2d521f9d783d601a5e07	范围的确定	cross_paper_discovery	bounded_chinese_ngram_maximal_repeat	3	3	1;2;3	"{""1"":1,""2"":1,""3"":1}"	规范依据	{'confidence': 0.1, 'domain': 'unrouted', 'evidence_source': 'keyword', 'evidence_span': '合并规则', 'label_origin': 'machine_inferred', 'routing_only': True, 'source_level': 'B'};{'confidence': 0.72, 'domain': '合同法', 'evidence_source': 'keyword', 'evidence_span': '解除权', 'label_origin': 'machine_inferred', 'routing_only': True, 'source_level': 'B'}		internal_fragment	1.2	"{""2023"":2,""2024"":1}"	FXZZ202306007;FXZZ202312007;FXZZ202404006	A1/A2	pending_human_review
d085384b249cb418c442	范围的重	cross_paper_discovery	bounded_chinese_ngram_maximal_repeat	2	2	1;3	"{""1"":1,""2"":0,""3"":1}"		{'confidence': 0.1, 'domain': 'unrouted', 'evidence_source': 'keyword', 'evidence_span': '民事代理', 'label_origin': 'machine_inferred', 'routing_only': True, 'source_level': 'B'}		internal_fragment	1.0	"{""2023"":1,""2024"":1}"	FXZZ202307007;FXZZ202401005	A1/A2	pending_human_review
0fe2145d5aa853f9179f	范围问题	cross_paper_discovery	bounded_chinese_ngram_maximal_repeat	2	2	1;2;3	"{""1"":1,""2"":2,""3"":1}"	比较法	{'confidence': 0.1, 'domain': 'unrouted', 'evidence_source': 'keyword', 'evidence_span': '合法利益', 'label_origin': 'machine_inferred', 'routing_only': True, 'source_level': 'B'};{'confidence': 0.66, 'domain': '比较法', 'evidence_source': 'keyword', 'evidence_span': '域外适用', 'label_origin': 'machine_inferred', 'routing_only': True, 'source_level': 'B'}		internal_fragment	0.875	"{""2024"":4}"	FXZZ202401012;FXZZ202404006	A1/A2	pending_human_review
3940406955edcc984a3a	范式转	cross_paper_discovery	bounded_chinese_ngram_maximal_repeat	2	2	1;3	"{""1"":1,""2"":0,""3"":1}"		{'confidence': 0.1, 'domain': 'unrouted', 'evidence_source': 'keyword', 'evidence_span': '交互型研究范式', 'label_origin': 'machine_inferred', 'routing_only': True, 'source_level': 'B'};{'confidence': 0.68, 'domain': '侵权责任', 'evidence_source': 'keyword', 'evidence_span': '法人单独责任', 'label_origin': 'machine_inferred', 'routing_only': True, 'source_level': 'B'}		internal_fragment	1.333334	"{""2023"":1,""2024"":1}"	FXZZ202302001;FXZZ202403007	A1/A2	pending_human_review
2e3b5f18cc084ad0e85e	药品犯罪	cross_paper_discovery	bounded_chinese_ngram_maximal_repeat	2	2	1;2;3	"{""1"":1,""2"":3,""3"":3}"		{'confidence': 0.1, 'domain': 'unrouted', 'evidence_source': 'keyword', 'evidence_span': '药品犯罪圈', 'label_origin': 'machine_inferred', 'routing_only': True, 'source_level': 'B'}		internal_fragment;low_wordhood_score	0.714286	"{""2023"":5,""2024"":2}"	FXZZ202302005;FXZZ202404006	A1/A2	pending_human_review
fd069f298ff835f0e08a	著作权	cross_paper_discovery	bounded_chinese_ngram_maximal_repeat	4	4	1;2	"{""1"":7,""2"":8,""3"":0}"	构成要件;规范依据	{'confidence': 0.1, 'domain': 'unrouted', 'evidence_source': 'keyword', 'evidence_span': '填补赔偿', 'label_origin': 'machine_inferred', 'routing_only': True, 'source_level': 'B'};{'confidence': 0.68, 'domain': '侵权责任', 'evidence_source': 'keyword', 'evidence_span': '司法责任制', 'label_origin': 'machine_inferred', 'routing_only': True, 'source_level': 'B'};{'confidence': 0.72, 'domain': '合同法', 'evidence_source': 'keyword', 'evidence_span': '违约方申请解除', 'label_origin': 'machine_inferred', 'routing_only': True, 'source_level': 'B'}		internal_fragment	1.833333	"{""2023"":9,""2024"":6}"	FXZZ202305008;FXZZ202308007;FXZZ202403010;FXZZ202405006	A1/A2	pending_human_review
15406d2e76d5a40b7fcf	著作权法	cross_paper_discovery	bounded_chinese_ngram_maximal_repeat	3	3	1;2	"{""1"":1,""2"":2,""3"":0}"	规范依据	{'confidence': 0.1, 'domain': 'unrouted', 'evidence_source': 'keyword', 'evidence_span': '加速到期', 'label_origin': 'machine_inferred', 'routing_only': True, 'source_level': 'B'};{'confidence': 0.68, 'domain': '侵权责任', 'evidence_source': 'keyword', 'evidence_span': '司法责任制', 'label_origin': 'machine_inferred', 'routing_only': True, 'source_level': 'B'}			1.25	"{""2023"":1,""2024"":2}"	FXZZ202308007;FXZZ202403010;FXZZ202405006	A1/A2	pending_human_review
bf1c77c502476ec49bde	行为不法	cross_paper_discovery	bounded_chinese_ngram_maximal_repeat	2	2	2;3	"{""1"":0,""2"":1,""3"":1}"		{'confidence': 0.1, 'domain': 'unrouted', 'evidence_source': 'keyword', 'evidence_span': '实际控制人', 'label_origin': 'machine_inferred', 'routing_only': True, 'source_level': 'B'};{'confidence': 0.68, 'domain': '侵权责任', 'evidence_source': 'keyword', 'evidence_span': '直接责任人员', 'label_origin': 'machine_inferred', 'routing_only': True, 'source_level': 'B'}		internal_fragment	1.0	"{""2023"":2}"	FXZZ202304005;FXZZ202305007	A1/A2	pending_human_review
0205f953e6efff72f14f	行为主体	cross_paper_discovery	bounded_chinese_ngram_maximal_repeat	3	3	1;2;3	"{""1"":1,""2"":1,""3"":1}"		{'confidence': 0.1, 'domain': 'unrouted', 'evidence_source': 'keyword', 'evidence_span': '利益平衡', 'label_origin': 'machine_inferred', 'routing_only': True, 'source_level': 'B'};{'confidence': 0.72, 'domain': '合同法', 'evidence_source': 'keyword', 'evidence_span': '合同解释', 'label_origin': 'machine_inferred', 'routing_only': True, 'source_level': 'B'}		internal_fragment	1.375	"{""2023"":2,""2026"":1}"	FXZZ202304006;FXZZ202309004;FXZZ202607004	A1/A2	pending_human_review
8e01d99963010af47ade	行为人	cross_paper_discovery	bounded_chinese_ngram_maximal_repeat	5	5	2;3	"{""1"":0,""2"":10,""3"":3}"	构成要件;规范依据	{'confidence': 0.1, 'domain': 'unrouted', 'evidence_source': 'keyword', 'evidence_span': '共同行为', 'label_origin': 'machine_inferred', 'routing_only': True, 'source_level': 'B'};{'confidence': 0.66, 'domain': '规范理论', 'evidence_source': 'keyword', 'evidence_span': '行为规范', 'label_origin': 'machine_inferred', 'routing_only': True, 'source_level': 'B'};{'confidence': 0.68, 'domain': '程序法', 'evidence_source': 'keyword', 'evidence_span': '裁判规范', 'label_origin': 'machine_inferred', 'routing_only': True, 'source_level': 'B'}		internal_fragment	2.884616	"{""2023"":12,""2026"":1}"	FXZZ202302011;FXZZ202303005;FXZZ202305007;FXZZ202309007;FXZZ202607005	A1/A2	pending_human_review
bcaa7c43a0044a4337d7	行为合法	cross_paper_discovery	bounded_chinese_ngram_maximal_repeat	2	2	2;3	"{""1"":0,""2"":1,""3"":2}"	权利救济;证据证明	{'confidence': 0.1, 'domain': 'unrouted', 'evidence_source': 'keyword', 'evidence_span': '法治控制', 'label_origin': 'machine_inferred', 'routing_only': True, 'source_level': 'B'}		internal_fragment	1.0	"{""2024"":3}"	FXZZ202407006;FXZZ202412004	A1/A2	pending_human_review
b91acea971ca2dc8d329	行为应	cross_paper_discovery	bounded_chinese_ngram_maximal_repeat	3	3	2	"{""1"":0,""2"":4,""3"":0}"	规范依据	{'confidence': 0.1, 'domain': 'unrouted', 'evidence_source': 'keyword', 'evidence_span': '整全性', 'label_origin': 'machine_inferred', 'routing_only': True, 'source_level': 'B'};{'confidence': 0.68, 'domain': '程序法', 'evidence_source': 'keyword', 'evidence_span': '诉讼时效', 'label_origin': 'machine_inferred', 'routing_only': True, 'source_level': 'B'}		internal_fragment	1.75	"{""2023"":1,""2024"":1,""2026"":2}"	FXZZ202309004;FXZZ202404007;FXZZ202607007	A1/A2	pending_human_review
562d26f4b2d6885cdf58	行为方式	cross_paper_discovery	bounded_chinese_ngram_maximal_repeat	2	2	1;2	"{""1"":1,""2"":1,""3"":0}"		{'confidence': 0.1, 'domain': 'unrouted', 'evidence_source': 'keyword', 'evidence_span': '社会危害性', 'label_origin': 'machine_inferred', 'routing_only': True, 'source_level': 'B'}		internal_fragment	0.875	"{""2024"":1,""2026"":1}"	FXZZ202404005;FXZZ202607004	A1/A2	pending_human_review
de86ebc95f1fc8f3acfa	行为标准	cross_paper_discovery	bounded_chinese_ngram_maximal_repeat	3	3	1;2;3	"{""1"":3,""2"":8,""3"":3}"	权利救济	{'confidence': 0.1, 'domain': 'unrouted', 'evidence_source': 'keyword', 'evidence_span': '司法鉴定标准化', 'label_origin': 'machine_inferred', 'routing_only': True, 'source_level': 'B'};{'confidence': 0.68, 'domain': '程序法', 'evidence_source': 'keyword', 'evidence_span': '审查认证规则', 'label_origin': 'machine_inferred', 'routing_only': True, 'source_level': 'B'}			1.044643	"{""2023"":14}"	FXZZ202309010;FXZZ202310004;FXZZ202312010	A1/A2	pending_human_review
2901a8a9cdc96d46b9ec	行为的一	cross_paper_discovery	bounded_chinese_ngram_maximal_repeat	2	2	2;3	"{""1"":0,""2"":1,""3"":1}"		{'confidence': 0.1, 'domain': 'unrouted', 'evidence_source': 'keyword', 'evidence_span': '通信秘密', 'label_origin': 'machine_inferred', 'routing_only': True, 'source_level': 'B'}		internal_fragment	1.0	"{""2023"":2}"	FXZZ202302009;FXZZ202309007	A1/A2	pending_human_review
29cf27c81e53f6352793	行为的刑	cross_paper_discovery	bounded_chinese_ngram_maximal_repeat	4	4	1;3	"{""1"":3,""2"":0,""3"":2}"		{'confidence': 0.1, 'domain': 'unrouted', 'evidence_source': 'keyword', 'evidence_span': '利益平衡', 'label_origin': 'machine_inferred', 'routing_only': True, 'source_level': 'B'};{'confidence': 0.68, 'domain': '程序法', 'evidence_source': 'keyword', 'evidence_span': '诉讼时效', 'label_origin': 'machine_inferred', 'routing_only': True, 'source_level': 'B'};{'confidence': 0.72, 'domain': '合同法', 'evidence_source': 'keyword', 'evidence_span': '合同解释', 'label_origin': 'machine_inferred', 'routing_only': True, 'source_level': 'B'}		internal_fragment	1.5	"{""2023"":2,""2024"":3}"	FXZZ202304006;FXZZ202308007;FXZZ202404007;FXZZ202412008	A1/A2	pending_human_review
2d374b9229c864f00750	行为的刑法	cross_paper_discovery	bounded_chinese_ngram_maximal_repeat	3	3	1	"{""1"":3,""2"":0,""3"":0}"		{'confidence': 0.1, 'domain': 'unrouted', 'evidence_source': 'keyword', 'evidence_span': '利益平衡', 'label_origin': 'machine_inferred', 'routing_only': True, 'source_level': 'B'};{'confidence': 0.68, 'domain': '程序法', 'evidence_source': 'keyword', 'evidence_span': '诉讼时效', 'label_origin': 'machine_inferred', 'routing_only': True, 'source_level': 'B'};{'confidence': 0.72, 'domain': '合同法', 'evidence_source': 'keyword', 'evidence_span': '合同解释', 'label_origin': 'machine_inferred', 'routing_only': True, 'source_level': 'B'}		internal_fragment	1.2	"{""2023"":2,""2024"":1}"	FXZZ202304006;FXZZ202308007;FXZZ202404007	A1/A2	pending_human_review
97d021f12075127fda7d	行为的法	cross_paper_discovery	bounded_chinese_ngram_maximal_repeat	5	5	1;2;3	"{""1"":2,""2"":3,""3"":1}"		{'confidence': 0.1, 'domain': 'unrouted', 'evidence_source': 'keyword', 'evidence_span': '不作为犯', 'label_origin': 'machine_inferred', 'routing_only': True, 'source_level': 'B'};{'confidence': 0.68, 'domain': '程序法', 'evidence_source': 'keyword', 'evidence_span': '诉讼时效', 'label_origin': 'machine_inferred', 'routing_only': True, 'source_level': 'B'}		internal_fragment	2.083333	"{""2023"":5,""2024"":1}"	FXZZ202306004;FXZZ202306012;FXZZ202312006;FXZZ202312010;FXZZ202404007	A1/A2	pending_human_review
184101dc144e48322455	行为的法律	cross_paper_discovery	bounded_chinese_ngram_maximal_repeat	3	3	1;2;3	"{""1"":1,""2"":1,""3"":1}"		{'confidence': 0.1, 'domain': 'unrouted', 'evidence_source': 'keyword', 'evidence_span': '消费者权益保护法', 'label_origin': 'machine_inferred', 'routing_only': True, 'source_level': 'B'}		internal_fragment	1.2	"{""2023"":3}"	FXZZ202306012;FXZZ202312006;FXZZ202312010	A1/A2	pending_human_review
b23eb8245bfcfde317e8	行为的特	cross_paper_discovery	bounded_chinese_ngram_maximal_repeat	2	2	2;3	"{""1"":0,""2"":1,""3"":1}"		{'confidence': 0.1, 'domain': 'unrouted', 'evidence_source': 'keyword', 'evidence_span': '污染环境罪', 'label_origin': 'machine_inferred', 'routing_only': True, 'source_level': 'B'}		internal_fragment	1.0	"{""2023"":1,""2026"":1}"	FXZZ202309005;FXZZ202607007	A1/A2	pending_human_review
7e02506f38dbda021368	行为的类型化	cross_paper_discovery	bounded_chinese_ngram_maximal_repeat	2	2	2	"{""1"":0,""2"":2,""3"":0}"		{'confidence': 0.1, 'domain': 'unrouted', 'evidence_source': 'keyword', 'evidence_span': '消费者权益保护法', 'label_origin': 'machine_inferred', 'routing_only': True, 'source_level': 'B'};{'confidence': 0.68, 'domain': '程序法', 'evidence_source': 'keyword', 'evidence_span': '诉讼时效', 'label_origin': 'machine_inferred', 'routing_only': True, 'source_level': 'B'}		internal_fragment;low_wordhood_score	0.666666	"{""2023"":1,""2024"":1}"	FXZZ202306012;FXZZ202404007	A1/A2	pending_human_review
53f07cbe6b8f5998f698	行为的行	cross_paper_discovery	bounded_chinese_ngram_maximal_repeat	2	2	2;3	"{""1"":0,""2"":1,""3"":1}"	构成要件	{'confidence': 0.1, 'domain': 'unrouted', 'evidence_source': 'keyword', 'evidence_span': '共同行为', 'label_origin': 'machine_inferred', 'routing_only': True, 'source_level': 'B'}		internal_fragment	1.0	"{""2023"":1,""2024"":1}"	FXZZ202302011;FXZZ202412006	A1/A2	pending_human_review
aa6ffe22075471d5ac2a	行为的认定	cross_paper_discovery	bounded_chinese_ngram_maximal_repeat	3	3	1;2;3	"{""1"":1,""2"":5,""3"":4}"	构成要件	{'confidence': 0.1, 'domain': 'unrouted', 'evidence_source': 'keyword', 'evidence_span': '药品犯罪圈', 'label_origin': 'machine_inferred', 'routing_only': True, 'source_level': 'B'}		internal_fragment;low_wordhood_score	0.78	"{""2023"":10}"	FXZZ202302005;FXZZ202302011;FXZZ202306012	A1/A2	pending_human_review
aaff0d69c81c3a8f393e	行为类型	cross_paper_discovery	bounded_chinese_ngram_maximal_repeat	3	3	1;2	"{""1"":1,""2"":3,""3"":0}"	制度构建	{'confidence': 0.1, 'domain': 'unrouted', 'evidence_source': 'keyword', 'evidence_span': '药品犯罪圈', 'label_origin': 'machine_inferred', 'routing_only': True, 'source_level': 'B'};{'confidence': 0.66, 'domain': '比较法', 'evidence_source': 'keyword', 'evidence_span': '国际税收协调', 'label_origin': 'machine_inferred', 'routing_only': True, 'source_level': 'B'};{'confidence': 0.68, 'domain': '程序法', 'evidence_source': 'keyword', 'evidence_span': '相互协商程序', 'label_origin': 'machine_inferred', 'routing_only': True, 'source_level': 'B'};{'confidence': 0.72, 'domain': '合同法', 'evidence_source': 'keyword', 'evidence_span': '合同解释', 'label_origin': 'machine_inferred', 'routing_only': True, 'source_level': 'B'};{'confidence': 0.76, 'domain': '仲裁法', 'evidence_source': 'keyword', 'evidence_span': '税收仲裁', 'label_origin': 'machine_inferred', 'routing_only': True, 'source_level': 'B'}		internal_fragment	1.21875	"{""2023"":4}"	FXZZ202302005;FXZZ202304006;FXZZ202304013	A1/A2	pending_human_review
7142b20b7f65611c8780	行为能力	cross_paper_discovery	bounded_chinese_ngram_maximal_repeat	3	3	1;2	"{""1"":4,""2"":4,""3"":0}"	法律后果;程序审查	{'confidence': 0.1, 'domain': 'unrouted', 'evidence_source': 'keyword', 'evidence_span': '司法酌减', 'label_origin': 'machine_inferred', 'routing_only': True, 'source_level': 'B'};{'confidence': 0.66, 'domain': '规范理论', 'evidence_source': 'keyword', 'evidence_span': '合同法规范', 'label_origin': 'machine_inferred', 'routing_only': True, 'source_level': 'B'};{'confidence': 0.72, 'domain': '合同法', 'evidence_source': 'keyword', 'evidence_span': '违约金', 'label_origin': 'machine_inferred', 'routing_only': True, 'source_level': 'B'}		internal_fragment	1.041667	"{""2023"":7,""2024"":1}"	FXZZ202309008;FXZZ202310008;FXZZ202405009	A1/A2	pending_human_review
ac928542b8596b6e182f	行为规制	cross_paper_discovery	bounded_chinese_ngram_maximal_repeat	3	3	2;3	"{""1"":0,""2"":2,""3"":2}"		{'confidence': 0.1, 'domain': 'unrouted', 'evidence_source': 'keyword', 'evidence_span': '适度干预', 'label_origin': 'machine_inferred', 'routing_only': True, 'source_level': 'B'};{'confidence': 0.66, 'domain': '规范理论', 'evidence_source': 'keyword', 'evidence_span': '行为规范', 'label_origin': 'machine_inferred', 'routing_only': True, 'source_level': 'B'};{'confidence': 0.68, 'domain': '程序法', 'evidence_source': 'keyword', 'evidence_span': '裁判规范', 'label_origin': 'machine_inferred', 'routing_only': True, 'source_level': 'B'}		internal_fragment	1.40625	"{""2023"":2,""2024"":2}"	FXZZ202301012;FXZZ202303005;FXZZ202404007	A1/A2	pending_human_review
e1618cff9511e99dc495	行使保	cross_paper_discovery	bounded_chinese_ngram_maximal_repeat	2	2	1;2;3	"{""1"":2,""2"":1,""3"":1}"		{'confidence': 0.1, 'domain': 'unrouted', 'evidence_source': 'keyword', 'evidence_span': '集体行动困境', 'label_origin': 'machine_inferred', 'routing_only': True, 'source_level': 'B'};{'confidence': 0.68, 'domain': '程序法', 'evidence_source': 'keyword', 'evidence_span': '检察公益诉讼谦抑性', 'label_origin': 'machine_inferred', 'routing_only': True, 'source_level': 'B'}		internal_fragment	1.000001	"{""2023"":2,""2024"":2}"	FXZZ202309012;FXZZ202401009	A1/A2	pending_human_review
69c316914dad235b1202	行使行	cross_paper_discovery	bounded_chinese_ngram_maximal_repeat	2	2	2	"{""1"":0,""2"":5,""3"":0}"	程序审查;规范依据	{'confidence': 0.1, 'domain': 'unrouted', 'evidence_source': 'keyword', 'evidence_span': '行政委托', 'label_origin': 'machine_inferred', 'routing_only': True, 'source_level': 'B'}		internal_fragment	0.933334	"{""2023"":4,""2024"":1}"	FXZZ202312003;FXZZ202407006	A1/A2	pending_human_review
81d9825c2a25aa40722f	行刑衔接	cross_paper_discovery	bounded_chinese_ngram_maximal_repeat	3	3	1;2;3	"{""1"":2,""2"":1,""3"":1}"		{'confidence': 0.1, 'domain': 'unrouted', 'evidence_source': 'keyword', 'evidence_span': '一体化处罚观', 'label_origin': 'machine_inferred', 'routing_only': True, 'source_level': 'B'}			1.3125	"{""2023"":2,""2024"":2}"	FXZZ202302010;FXZZ202404006;FXZZ202406006	A1/A2	pending_human_review
d9779782692ca9eb22ec	行动逻辑	cross_paper_discovery	bounded_chinese_ngram_maximal_repeat	2	2	2	"{""1"":0,""2"":2,""3"":0}"		{'confidence': 0.1, 'domain': 'unrouted', 'evidence_source': 'keyword', 'evidence_span': '“农业面源污染防治—碳汇交易”制度', 'label_origin': 'machine_inferred', 'routing_only': True, 'source_level': 'B'};{'confidence': 0.68, 'domain': '程序法', 'evidence_source': 'keyword', 'evidence_span': '正当裁判', 'label_origin': 'machine_inferred', 'routing_only': True, 'source_level': 'B'}		generic_container	0.875	"{""2023"":2}"	FXZZ202307011;FXZZ202310002	A1/A2	pending_human_review
664d7bd6e65e698dd0cc	行政处罚	cross_paper_discovery	bounded_chinese_ngram_maximal_repeat	9	9	1;2;3	"{""1"":16,""2"":28,""3"":8}"	制度构建;程序审查;规范依据	{'confidence': 0.1, 'domain': 'unrouted', 'evidence_source': 'keyword', 'evidence_span': '法律控制', 'label_origin': 'machine_inferred', 'routing_only': True, 'source_level': 'B'};{'confidence': 0.68, 'domain': '程序法', 'evidence_source': 'keyword', 'evidence_span': '备案审查', 'label_origin': 'machine_inferred', 'routing_only': True, 'source_level': 'B'}		internal_fragment	2.75	"{""2023"":47,""2024"":5}"	FXZZ202303003;FXZZ202304004;FXZZ202309005;FXZZ202311006;FXZZ202312003;FXZZ202401006;FXZZ202403004;FXZZ202406002;FXZZ202407004	A1/A2	pending_human_review
ba1edb981c8ef5727320	行政处罚决定	cross_paper_discovery	bounded_chinese_ngram_maximal_repeat	2	2	1;2;3	"{""1"":7,""2"":6,""3"":4}"	程序审查;规范依据	{'confidence': 0.1, 'domain': 'unrouted', 'evidence_source': 'keyword', 'evidence_span': '法律控制', 'label_origin': 'machine_inferred', 'routing_only': True, 'source_level': 'B'}		internal_fragment;low_wordhood_score	0.392156	"{""2023"":17}"	FXZZ202303003;FXZZ202309005	A1/A2	pending_human_review
f731a01ed8e5254f8904	行政处罚法	cross_paper_discovery	bounded_chinese_ngram_maximal_repeat	2	2	2;3	"{""1"":0,""2"":1,""3"":1}"		{'confidence': 0.1, 'domain': 'unrouted', 'evidence_source': 'keyword', 'evidence_span': '罪量要素', 'label_origin': 'machine_inferred', 'routing_only': True, 'source_level': 'B'}		internal_fragment	0.8	"{""2023"":1,""2024"":1}"	FXZZ202304004;FXZZ202403004	A1/A2	pending_human_review
55fb459cf55deaa4f9e6	行政强制	cross_paper_discovery	bounded_chinese_ngram_maximal_repeat	2	2	2;3	"{""1"":0,""2"":2,""3"":1}"	制度构建	{'confidence': 0.1, 'domain': 'unrouted', 'evidence_source': 'keyword', 'evidence_span': '幅度刑量刑', 'label_origin': 'machine_inferred', 'routing_only': True, 'source_level': 'B'}		internal_fragment	0.916667	"{""2024"":3}"	FXZZ202401006;FXZZ202403004	A1/A2	pending_human_review
cfab1c3f3ab89fcc0bd8	行政执法	cross_paper_discovery	bounded_chinese_ngram_maximal_repeat	5	5	2;3	"{""1"":0,""2"":5,""3"":4}"		{'confidence': 0.1, 'domain': 'unrouted', 'evidence_source': 'keyword', 'evidence_span': '竞争中性', 'label_origin': 'machine_inferred', 'routing_only': True, 'source_level': 'B'};{'confidence': 0.68, 'domain': '程序法', 'evidence_source': 'keyword', 'evidence_span': '外部审查', 'label_origin': 'machine_inferred', 'routing_only': True, 'source_level': 'B'}		internal_fragment	2.013889	"{""2023"":7,""2024"":2}"	FXZZ202303010;FXZZ202303011;FXZZ202304002;FXZZ202312003;FXZZ202406004	A1/A2	pending_human_review
1abba76e5cfebe919080	行政机关	cross_paper_discovery	bounded_chinese_ngram_maximal_repeat	8	8	1;2;3	"{""1"":4,""2"":7,""3"":15}"	制度构建;权利救济;程序审查;规范依据	{'confidence': 0.1, 'domain': 'unrouted', 'evidence_source': 'keyword', 'evidence_span': '共同行为', 'label_origin': 'machine_inferred', 'routing_only': True, 'source_level': 'B'};{'confidence': 0.68, 'domain': '程序法', 'evidence_source': 'keyword', 'evidence_span': '外部审查', 'label_origin': 'machine_inferred', 'routing_only': True, 'source_level': 'B'}		internal_fragment	2.888889	"{""2023"":4,""2024"":22}"	FXZZ202302011;FXZZ202303003;FXZZ202303010;FXZZ202310004;FXZZ202406004;FXZZ202406005;FXZZ202407004;FXZZ202412005	A1/A2	pending_human_review
7b7a7ce1a6f6d6e672cd	行政权	cross_paper_discovery	bounded_chinese_ngram_maximal_repeat	4	4	2;3	"{""1"":0,""2"":1,""3"":3}"	程序审查;规范依据	{'confidence': 0.1, 'domain': 'unrouted', 'evidence_source': 'keyword', 'evidence_span': '犯罪情节', 'label_origin': 'machine_inferred', 'routing_only': True, 'source_level': 'B'};{'confidence': 0.68, 'domain': '程序法', 'evidence_source': 'keyword', 'evidence_span': '核准程序', 'label_origin': 'machine_inferred', 'routing_only': True, 'source_level': 'B'}		internal_fragment	2.666666	"{""2023"":1,""2024"":3}"	FXZZ202307005;FXZZ202405005;FXZZ202407004;FXZZ202412005	A1/A2	pending_human_review
a6eed53f1518df6aa349	行政法	cross_paper_discovery	bounded_chinese_ngram_maximal_repeat	4	4	1;2	"{""1"":6,""2"":19,""3"":0}"	制度构建;程序审查	{'confidence': 0.1, 'domain': 'unrouted', 'evidence_source': 'keyword', 'evidence_span': '预防性法律制度', 'label_origin': 'machine_inferred', 'routing_only': True, 'source_level': 'B'};{'confidence': 0.68, 'domain': '程序法', 'evidence_source': 'keyword', 'evidence_span': '特别程序', 'label_origin': 'machine_inferred', 'routing_only': True, 'source_level': 'B'}		internal_fragment	1.908046	"{""2023"":23,""2024"":2}"	FXZZ202305005;FXZZ202311005;FXZZ202406004;FXZZ202412005	A1/A2	pending_human_review
db92550113df70cd861f	行政法理	cross_paper_discovery	bounded_chinese_ngram_maximal_repeat	3	3	1;2	"{""1"":2,""2"":1,""3"":0}"		{'confidence': 0.1, 'domain': 'unrouted', 'evidence_source': 'keyword', 'evidence_span': '社会自治', 'label_origin': 'machine_inferred', 'routing_only': True, 'source_level': 'B'};{'confidence': 0.68, 'domain': '程序法', 'evidence_source': 'keyword', 'evidence_span': '特别程序', 'label_origin': 'machine_inferred', 'routing_only': True, 'source_level': 'B'}		internal_fragment	1.5	"{""2023"":1,""2024"":2}"	FXZZ202311005;FXZZ202406004;FXZZ202412005	A1/A2	pending_human_review
af500930f594f064e0f1	行政管理	cross_paper_discovery	bounded_chinese_ngram_maximal_repeat	3	3	1;2	"{""1"":1,""2"":2,""3"":0}"	规范依据	{'confidence': 0.1, 'domain': 'unrouted', 'evidence_source': 'keyword', 'evidence_span': '中央与地方关系', 'label_origin': 'machine_inferred', 'routing_only': True, 'source_level': 'B'}		internal_fragment	1.5	"{""2023"":2,""2024"":1}"	FXZZ202304002;FXZZ202310004;FXZZ202406002	A1/A2	pending_human_review
5bf7e38376138cb9a249	行政规	cross_paper_discovery	bounded_chinese_ngram_maximal_repeat	2	2	2;3	"{""1"":0,""2"":1,""3"":1}"	权利救济	{'confidence': 0.1, 'domain': 'unrouted', 'evidence_source': 'keyword', 'evidence_span': '分层治理', 'label_origin': 'machine_inferred', 'routing_only': True, 'source_level': 'B'}		internal_fragment	1.333334	"{""2024"":2}"	FXZZ202412004;FXZZ202412006	A1/A2	pending_human_review
0151ca30dc00e2b354d5	行政许可	cross_paper_discovery	bounded_chinese_ngram_maximal_repeat	3	3	1;2;3	"{""1"":6,""2"":9,""3"":6}"	制度构建;程序审查	{'confidence': 0.1, 'domain': 'unrouted', 'evidence_source': 'keyword', 'evidence_span': '不当联结禁止', 'label_origin': 'machine_inferred', 'routing_only': True, 'source_level': 'B'}		internal_fragment	0.991071	"{""2024"":21}"	FXZZ202403004;FXZZ202406002;FXZZ202406005	A1/A2	pending_human_review
be0ef99b17fd003f476a	行政许可法	cross_paper_discovery	bounded_chinese_ngram_maximal_repeat	2	2	1;3	"{""1"":1,""2"":0,""3"":2}"	制度构建;程序审查	{'confidence': 0.1, 'domain': 'unrouted', 'evidence_source': 'keyword', 'evidence_span': '不当联结禁止', 'label_origin': 'machine_inferred', 'routing_only': True, 'source_level': 'B'}		low_wordhood_score	0.666667	"{""2024"":3}"	FXZZ202403004;FXZZ202406005	A1/A2	pending_human_review
31925c5b8c593a21158b	行政调	cross_paper_discovery	bounded_chinese_ngram_maximal_repeat	2	2	3	"{""1"":0,""2"":0,""3"":2}"	程序审查	{'confidence': 0.1, 'domain': 'unrouted', 'evidence_source': 'keyword', 'evidence_span': '劳动法', 'label_origin': 'machine_inferred', 'routing_only': True, 'source_level': 'B'}		internal_fragment	1.333334	"{""2023"":1,""2024"":1}"	FXZZ202303011;FXZZ202412005	A1/A2	pending_human_review
fec2fd8b2aafc2f2362d	行政违法	cross_paper_discovery	bounded_chinese_ngram_maximal_repeat	5	5	2;3	"{""1"":0,""2"":6,""3"":4}"	制度构建	{'confidence': 0.1, 'domain': 'unrouted', 'evidence_source': 'keyword', 'evidence_span': '刑法保障', 'label_origin': 'machine_inferred', 'routing_only': True, 'source_level': 'B'}		internal_fragment	1.9375	"{""2023"":9,""2024"":1}"	FXZZ202301007;FXZZ202304004;FXZZ202309005;FXZZ202309006;FXZZ202407007	A1/A2	pending_human_review
d467bb234387069f738d	行政领域	cross_paper_discovery	bounded_chinese_ngram_maximal_repeat	2	2	2	"{""1"":0,""2"":2,""3"":0}"		{'confidence': 0.1, 'domain': 'unrouted', 'evidence_source': 'keyword', 'evidence_span': '收养秩序', 'label_origin': 'machine_inferred', 'routing_only': True, 'source_level': 'B'}		internal_fragment;low_wordhood_score	0.75	"{""2023"":1,""2024"":1}"	FXZZ202307003;FXZZ202403005	A1/A2	pending_human_review
c4090651c675d49699a4	衔接适用	cross_paper_discovery	bounded_chinese_ngram_maximal_repeat	2	2	1	"{""1"":2,""2"":0,""3"":0}"	法律后果	{'confidence': 0.1, 'domain': 'unrouted', 'evidence_source': 'keyword', 'evidence_span': '共同行为', 'label_origin': 'machine_inferred', 'routing_only': True, 'source_level': 'B'};{'confidence': 0.66, 'domain': '规范理论', 'evidence_source': 'keyword', 'evidence_span': '规范目的', 'label_origin': 'machine_inferred', 'routing_only': True, 'source_level': 'B'}		internal_fragment;low_wordhood_score	0.75	"{""2023"":2}"	FXZZ202302011;FXZZ202308008	A1/A2	pending_human_review
93443e4cdef8c19ad6e4	补偿义务	cross_paper_discovery	bounded_chinese_ngram_maximal_repeat	2	2	2;3	"{""1"":0,""2"":4,""3"":1}"		{'confidence': 0.1, 'domain': 'unrouted', 'evidence_source': 'keyword', 'evidence_span': '添附', 'label_origin': 'machine_inferred', 'routing_only': True, 'source_level': 'B'}		internal_fragment;low_wordhood_score	0.7	"{""2023"":5}"	FXZZ202303008;FXZZ202303011	A1/A2	pending_human_review
a7ac2b4ad9f229e5427a	表现形式	cross_paper_discovery	bounded_chinese_ngram_maximal_repeat	2	2	1;2	"{""1"":1,""2"":3,""3"":0}"	规范依据	{'confidence': 0.1, 'domain': 'unrouted', 'evidence_source': 'keyword', 'evidence_span': '利益衡量', 'label_origin': 'machine_inferred', 'routing_only': True, 'source_level': 'B'};{'confidence': 0.66, 'domain': '规范理论', 'evidence_source': 'keyword', 'evidence_span': '轻罪规范', 'label_origin': 'machine_inferred', 'routing_only': True, 'source_level': 'B'}		internal_fragment	0.9375	"{""2023"":2,""2024"":2}"	FXZZ202301005;FXZZ202401007	A1/A2	pending_human_review
3d125773b38d2da66639	裁判	legal_term	config_legal_term_longest_match	12	12	1;2;3	"{""1"":11,""2"":22,""3"":4}"	制度构建;案例适用;程序审查;规范依据	{'confidence': 0.1, 'domain': 'unrouted', 'evidence_source': 'keyword', 'evidence_span': '法律方法', 'label_origin': 'machine_inferred', 'routing_only': True, 'source_level': 'B'};{'confidence': 0.66, 'domain': '规范理论', 'evidence_source': 'keyword', 'evidence_span': '行为规范', 'label_origin': 'machine_inferred', 'routing_only': True, 'source_level': 'B'};{'confidence': 0.68, 'domain': '程序法', 'evidence_source': 'keyword', 'evidence_span': '裁判要点', 'label_origin': 'machine_inferred', 'routing_only': True, 'source_level': 'B'};{'confidence': 0.72, 'domain': '合同法', 'evidence_source': 'keyword', 'evidence_span': '合同法规范', 'label_origin': 'machine_inferred', 'routing_only': True, 'source_level': 'B'}				"{""2023"":34,""2024"":3}"	FXZZ202302002;FXZZ202303005;FXZZ202304007;FXZZ202304008;FXZZ202308003;FXZZ202308010;FXZZ202310003;FXZZ202310008;FXZZ202311004;FXZZ202403006;FXZZ202403009;FXZZ202404002	A1/A2	pending_human_review
3af5e79eb193a6f8120d	裁判立场	cross_paper_discovery	bounded_chinese_ngram_maximal_repeat	2	2	2;3	"{""1"":0,""2"":2,""3"":1}"	案例适用;程序审查	{'confidence': 0.1, 'domain': 'unrouted', 'evidence_source': 'keyword', 'evidence_span': '合宪性控制', 'label_origin': 'machine_inferred', 'routing_only': True, 'source_level': 'B'}			0.833333	"{""2023"":2,""2024"":1}"	FXZZ202308003;FXZZ202403006	A1/A2	pending_human_review
806e803c458e1747489d	裁判规	cross_paper_discovery	bounded_chinese_ngram_maximal_repeat	3	3	1;2;3	"{""1"":2,""2"":4,""3"":1}"	程序审查;规范依据	{'confidence': 0.1, 'domain': 'unrouted', 'evidence_source': 'keyword', 'evidence_span': '法律方法', 'label_origin': 'machine_inferred', 'routing_only': True, 'source_level': 'B'};{'confidence': 0.66, 'domain': '规范理论', 'evidence_source': 'keyword', 'evidence_span': '行为规范', 'label_origin': 'machine_inferred', 'routing_only': True, 'source_level': 'B'};{'confidence': 0.68, 'domain': '程序法', 'evidence_source': 'keyword', 'evidence_span': '裁判要点', 'label_origin': 'machine_inferred', 'routing_only': True, 'source_level': 'B'}		internal_fragment	1.428571	"{""2023"":6,""2024"":1}"	FXZZ202302002;FXZZ202303005;FXZZ202401010	A1/A2	pending_human_review
1050bece6b0e8b7fe407	裁判规则	legal_pattern	config_legal_pattern	2	2	2;3	"{""1"":0,""2"":1,""3"":1}"	程序审查	{'confidence': 0.1, 'domain': 'unrouted', 'evidence_source': 'keyword', 'evidence_span': '法律方法', 'label_origin': 'machine_inferred', 'routing_only': True, 'source_level': 'B'};{'confidence': 0.68, 'domain': '程序法', 'evidence_source': 'keyword', 'evidence_span': '裁判要点', 'label_origin': 'machine_inferred', 'routing_only': True, 'source_level': 'B'}				"{""2023"":1,""2024"":1}"	FXZZ202302002;FXZZ202401010	A1/A2	pending_human_review
97ad71f7d17e27cbadc6	裁判规则	legal_term	config_legal_term_longest_match	2	2	2;3	"{""1"":0,""2"":1,""3"":1}"	程序审查	{'confidence': 0.1, 'domain': 'unrouted', 'evidence_source': 'keyword', 'evidence_span': '法律方法', 'label_origin': 'machine_inferred', 'routing_only': True, 'source_level': 'B'};{'confidence': 0.68, 'domain': '程序法', 'evidence_source': 'keyword', 'evidence_span': '裁判要点', 'label_origin': 'machine_inferred', 'routing_only': True, 'source_level': 'B'}				"{""2023"":1,""2024"":1}"	FXZZ202302002;FXZZ202401010	A1/A2	pending_human_review
8f7b0eb2a015e17d5a24	要保护	cross_paper_discovery	bounded_chinese_ngram_maximal_repeat	3	3	1;2	"{""1"":3,""2"":1,""3"":0}"		{'confidence': 0.1, 'domain': 'unrouted', 'evidence_source': 'keyword', 'evidence_span': '法条竞合', 'label_origin': 'machine_inferred', 'routing_only': True, 'source_level': 'B'};{'confidence': 0.66, 'domain': '规范理论', 'evidence_source': 'keyword', 'evidence_span': '保护性规范', 'label_origin': 'machine_inferred', 'routing_only': True, 'source_level': 'B'}		internal_fragment	1.75	"{""2023"":3,""2024"":1}"	FXZZ202303004;FXZZ202312005;FXZZ202407008	A1/A2	pending_human_review
77b4d5492e4832771a89	要保护性	cross_paper_discovery	bounded_chinese_ngram_maximal_repeat	2	2	1;2	"{""1"":1,""2"":1,""3"":0}"		{'confidence': 0.1, 'domain': 'unrouted', 'evidence_source': 'keyword', 'evidence_span': '法条竞合', 'label_origin': 'machine_inferred', 'routing_only': True, 'source_level': 'B'}		internal_fragment	0.875	"{""2023"":2}"	FXZZ202303004;FXZZ202312005	A1/A2	pending_human_review
2c16416f443b68cd59d5	要内容	cross_paper_discovery	bounded_chinese_ngram_maximal_repeat	2	2	2;3	"{""1"":0,""2"":1,""3"":4}"		{'confidence': 0.1, 'domain': 'unrouted', 'evidence_source': 'keyword', 'evidence_span': '实际控制人', 'label_origin': 'machine_inferred', 'routing_only': True, 'source_level': 'B'};{'confidence': 0.68, 'domain': '侵权责任', 'evidence_source': 'keyword', 'evidence_span': '直接责任人员', 'label_origin': 'machine_inferred', 'routing_only': True, 'source_level': 'B'}		internal_fragment	0.933334	"{""2023"":5}"	FXZZ202304005;FXZZ202311007	A1/A2	pending_human_review
1a94c6511a9a5c3daecf	要法律	cross_paper_discovery	bounded_chinese_ngram_maximal_repeat	2	2	2;3	"{""1"":0,""2"":1,""3"":1}"	权利救济;规范依据	{'confidence': 0.1, 'domain': 'unrouted', 'evidence_source': 'keyword', 'evidence_span': '道德法则', 'label_origin': 'machine_inferred', 'routing_only': True, 'source_level': 'B'}		internal_fragment	1.333334	"{""2024"":2}"	FXZZ202404003;FXZZ202404005	A1/A2	pending_human_review
2402a2ace37f7b948499	要注意	cross_paper_discovery	bounded_chinese_ngram_maximal_repeat	2	2	2;3	"{""1"":0,""2"":1,""3"":1}"		{'confidence': 0.1, 'domain': 'unrouted', 'evidence_source': 'keyword', 'evidence_span': '基层法院', 'label_origin': 'machine_inferred', 'routing_only': True, 'source_level': 'B'};{'confidence': 0.66, 'domain': '比较法', 'evidence_source': 'keyword', 'evidence_span': '国际高标准经贸规则', 'label_origin': 'machine_inferred', 'routing_only': True, 'source_level': 'B'}		internal_fragment	1.333334	"{""2023"":1,""2024"":1}"	FXZZ202312002;FXZZ202406012	A1/A2	pending_human_review
3346ac858192de85aa0e	要素的具体	cross_paper_discovery	bounded_chinese_ngram_maximal_repeat	2	2	2;3	"{""1"":0,""2"":1,""3"":1}"		{'confidence': 0.1, 'domain': 'unrouted', 'evidence_source': 'keyword', 'evidence_span': '实际控制人', 'label_origin': 'machine_inferred', 'routing_only': True, 'source_level': 'B'};{'confidence': 0.68, 'domain': '侵权责任', 'evidence_source': 'keyword', 'evidence_span': '直接责任人员', 'label_origin': 'machine_inferred', 'routing_only': True, 'source_level': 'B'}		internal_fragment	0.8	"{""2023"":2}"	FXZZ202304005;FXZZ202304008	A1/A2	pending_human_review
1b11aecb2c040fe5c15d	规则体系	cross_paper_discovery	bounded_chinese_ngram_maximal_repeat	2	2	1;2;3	"{""1"":2,""2"":3,""3"":1}"	制度构建;权利救济;规范依据	{'confidence': 0.1, 'domain': 'unrouted', 'evidence_source': 'keyword', 'evidence_span': '辅助性原则', 'label_origin': 'machine_inferred', 'routing_only': True, 'source_level': 'B'}		generic_container;internal_fragment;low_wordhood_score	0.791667	"{""2023"":1,""2024"":5}"	FXZZ202312004;FXZZ202404005	A1/A2	pending_human_review
d09773ed7723c3a11c57	规则构	cross_paper_discovery	bounded_chinese_ngram_maximal_repeat	4	4	1;2;3	"{""1"":1,""2"":3,""3"":1}"	制度构建;程序审查	{'confidence': 0.1, 'domain': 'unrouted', 'evidence_source': 'keyword', 'evidence_span': '法律方法', 'label_origin': 'machine_inferred', 'routing_only': True, 'source_level': 'B'};{'confidence': 0.66, 'domain': '比较法', 'evidence_source': 'keyword', 'evidence_span': '国际经贸合作', 'label_origin': 'machine_inferred', 'routing_only': True, 'source_level': 'B'};{'confidence': 0.68, 'domain': '程序法', 'evidence_source': 'keyword', 'evidence_span': '裁判要点', 'label_origin': 'machine_inferred', 'routing_only': True, 'source_level': 'B'}		internal_fragment	2.266666	"{""2023"":4,""2024"":1}"	FXZZ202302002;FXZZ202302012;FXZZ202312004;FXZZ202405010	A1/A2	pending_human_review
fc258698c3f1c87e1299	规则构建	cross_paper_discovery	bounded_chinese_ngram_maximal_repeat	2	2	2	"{""1"":0,""2"":3,""3"":0}"	制度构建;程序审查	{'confidence': 0.1, 'domain': 'unrouted', 'evidence_source': 'keyword', 'evidence_span': '法律方法', 'label_origin': 'machine_inferred', 'routing_only': True, 'source_level': 'B'};{'confidence': 0.68, 'domain': '程序法', 'evidence_source': 'keyword', 'evidence_span': '裁判要点', 'label_origin': 'machine_inferred', 'routing_only': True, 'source_level': 'B'}		internal_fragment	0.916667	"{""2023"":3}"	FXZZ202302002;FXZZ202312004	A1/A2	pending_human_review
ff47682fb6214a6bc688	规则的正当性	cross_paper_discovery	bounded_chinese_ngram_maximal_repeat	2	2	1;2	"{""1"":1,""2"":1,""3"":0}"		{'confidence': 0.1, 'domain': 'unrouted', 'evidence_source': 'keyword', 'evidence_span': '信息自决', 'label_origin': 'machine_inferred', 'routing_only': True, 'source_level': 'B'};{'confidence': 0.72, 'domain': '合同法', 'evidence_source': 'keyword', 'evidence_span': '合同自由', 'label_origin': 'machine_inferred', 'routing_only': True, 'source_level': 'B'}		internal_fragment;low_wordhood_score	0.666666	"{""2023"":1,""2024"":1}"	FXZZ202306006;FXZZ202404009	A1/A2	pending_human_review
5b3a355e31d1622e00fb	规则的确立	cross_paper_discovery	bounded_chinese_ngram_maximal_repeat	2	2	1;2	"{""1"":1,""2"":1,""3"":0}"	程序审查	{'confidence': 0.1, 'domain': 'unrouted', 'evidence_source': 'keyword', 'evidence_span': '除名之诉', 'label_origin': 'machine_inferred', 'routing_only': True, 'source_level': 'B'};{'confidence': 0.68, 'domain': '程序法', 'evidence_source': 'keyword', 'evidence_span': '司法审查', 'label_origin': 'machine_inferred', 'routing_only': True, 'source_level': 'B'}		internal_fragment	0.8	"{""2023"":2}"	FXZZ202303007;FXZZ202310010	A1/A2	pending_human_review
ad9b3ee479abb8a7f79d	规则的解释	cross_paper_discovery	bounded_chinese_ngram_maximal_repeat	2	2	1	"{""1"":2,""2"":0,""3"":0}"		{'confidence': 0.1, 'domain': 'unrouted', 'evidence_source': 'keyword', 'evidence_span': '除名之诉', 'label_origin': 'machine_inferred', 'routing_only': True, 'source_level': 'B'}		internal_fragment	0.8	"{""2023"":2}"	FXZZ202303007;FXZZ202307009	A1/A2	pending_human_review
e531a41d04bdbf05e72d	规则转	cross_paper_discovery	bounded_chinese_ngram_maximal_repeat	2	2	1;2	"{""1"":1,""2"":1,""3"":0}"	程序审查;规范依据	{'confidence': 0.1, 'domain': 'unrouted', 'evidence_source': 'keyword', 'evidence_span': '疏明', 'label_origin': 'machine_inferred', 'routing_only': True, 'source_level': 'B'};{'confidence': 0.68, 'domain': '程序法', 'evidence_source': 'keyword', 'evidence_span': '司法审查', 'label_origin': 'machine_inferred', 'routing_only': True, 'source_level': 'B'}		internal_fragment	1.333334	"{""2023"":1,""2024"":1}"	FXZZ202310010;FXZZ202404005	A1/A2	pending_human_review
0ca0707bffac2dc69468	规制	legal_term	config_legal_term_longest_match	25	25	1;2;3	"{""1"":33,""2"":21,""3"":11}"	制度构建;构成要件;研究结论;程序审查	{'confidence': 0.1, 'domain': 'unrouted', 'evidence_source': 'keyword', 'evidence_span': '适度干预', 'label_origin': 'machine_inferred', 'routing_only': True, 'source_level': 'B'};{'confidence': 0.66, 'domain': '比较法', 'evidence_source': 'keyword', 'evidence_span': '国际经贸合作', 'label_origin': 'machine_inferred', 'routing_only': True, 'source_level': 'B'};{'confidence': 0.66, 'domain': '规范理论', 'evidence_source': 'keyword', 'evidence_span': '行为规范', 'label_origin': 'machine_inferred', 'routing_only': True, 'source_level': 'B'};{'confidence': 0.68, 'domain': '侵权责任', 'evidence_source': 'keyword', 'evidence_span': '企业社会责任', 'label_origin': 'machine_inferred', 'routing_only': True, 'source_level': 'B'};{'confidence': 0.68, 'domain': '程序法', 'evidence_source': 'keyword', 'evidence_span': '裁判规范', 'label_origin': 'machine_inferred', 'routing_only': True, 'source_level': 'B'};{'confidence': 0.72, 'domain': '合同法', 'evidence_source': 'keyword', 'evidence_span': '合同解释', 'label_origin': 'machine_inferred', 'routing_only': True, 'source_level': 'B'}				"{""2023"":33,""2024"":28,""2026"":4}"	FXZZ202301012;FXZZ202302012;FXZZ202303005;FXZZ202303010;FXZZ202303012;FXZZ202304006;FXZZ202305010;FXZZ202307002;FXZZ202307008;FXZZ202308006;FXZZ202308007;FXZZ202310005;FXZZ202311012;FXZZ202401013;FXZZ202403004;FXZZ202403007;FXZZ202403010;FXZZ202404007;FXZZ202405012;FXZZ202406011;FXZZ202406012;FXZZ202412005;FXZZ202412006;FXZZ202412008;FXZZ202607008	A1/A2	pending_human_review
0eb4af177e2436a9935d	规制模式	cross_paper_discovery	bounded_chinese_ngram_maximal_repeat	2	2	1;2;3	"{""1"":3,""2"":2,""3"":1}"		{'confidence': 0.1, 'domain': 'unrouted', 'evidence_source': 'keyword', 'evidence_span': '竞争中性', 'label_origin': 'machine_inferred', 'routing_only': True, 'source_level': 'B'};{'confidence': 0.68, 'domain': '程序法', 'evidence_source': 'keyword', 'evidence_span': '外部审查', 'label_origin': 'machine_inferred', 'routing_only': True, 'source_level': 'B'}		generic_container	0.892857	"{""2023"":6}"	FXZZ202303010;FXZZ202307008	A1/A2	pending_human_review
49fe3884c9ddb9e39502	规制路径	cross_paper_discovery	bounded_chinese_ngram_maximal_repeat	2	2	1	"{""1"":2,""2"":0,""3"":0}"		{'confidence': 0.1, 'domain': 'unrouted', 'evidence_source': 'keyword', 'evidence_span': '制度型开放', 'label_origin': 'machine_inferred', 'routing_only': True, 'source_level': 'B'};{'confidence': 0.66, 'domain': '比较法', 'evidence_source': 'keyword', 'evidence_span': '国际高标准经贸规则', 'label_origin': 'machine_inferred', 'routing_only': True, 'source_level': 'B'}		generic_container;internal_fragment	0.875	"{""2024"":2}"	FXZZ202406012;FXZZ202412005	A1/A2	pending_human_review
5e0212258f119751aed9	规定国家	cross_paper_discovery	bounded_chinese_ngram_maximal_repeat	2	2	3	"{""1"":0,""2"":0,""3"":2}"		{'confidence': 0.1, 'domain': 'unrouted', 'evidence_source': 'keyword', 'evidence_span': '不当联结禁止', 'label_origin': 'machine_inferred', 'routing_only': True, 'source_level': 'B'}		internal_fragment	1.0	"{""2024"":2}"	FXZZ202403004;FXZZ202404013	A1/A2	pending_human_review
a652757b41f3b698cf21	规范	legal_term	config_legal_term_longest_match	73	73	1;2;3	"{""1"":35,""2"":96,""3"":38}"	制度构建;权利救济;构成要件;比较法;法律后果;研究结论;程序审查;规范依据;证据证明	{'confidence': 0.1, 'domain': 'unrouted', 'evidence_source': 'keyword', 'evidence_span': '法律运作', 'label_origin': 'machine_inferred', 'routing_only': True, 'source_level': 'B'};{'confidence': 0.66, 'domain': '比较法', 'evidence_source': 'keyword', 'evidence_span': '国际经贸合作', 'label_origin': 'machine_inferred', 'routing_only': True, 'source_level': 'B'};{'confidence': 0.66, 'domain': '规范理论', 'evidence_source': 'keyword', 'evidence_span': '行为规范', 'label_origin': 'machine_inferred', 'routing_only': True, 'source_level': 'B'};{'confidence': 0.68, 'domain': '侵权责任', 'evidence_source': 'keyword', 'evidence_span': '监护人责任', 'label_origin': 'machine_inferred', 'routing_only': True, 'source_level': 'B'};{'confidence': 0.68, 'domain': '程序法', 'evidence_source': 'keyword', 'evidence_span': '裁判规范', 'label_origin': 'machine_inferred', 'routing_only': True, 'source_level': 'B'};{'confidence': 0.72, 'domain': '合同法', 'evidence_source': 'keyword', 'evidence_span': '合同自由', 'label_origin': 'machine_inferred', 'routing_only': True, 'source_level': 'B'}				"{""2023"":91,""2024"":72,""2025"":1,""2026"":5}"	FXZZ202301002;FXZZ202301003;FXZZ202301004;FXZZ202301007;FXZZ202301009;FXZZ202302004;FXZZ202302012;FXZZ202303005;FXZZ202303008;FXZZ202305005;FXZZ202305010;FXZZ202305012;FXZZ202306002;FXZZ202306003;FXZZ202306004;FXZZ202306006;FXZZ202306010;FXZZ202306011;FXZZ202307002;FXZZ202307005;FXZZ202307006;FXZZ202307008;FXZZ202307013;FXZZ202308005;FXZZ202308007;FXZZ202308013;FXZZ202309004;FXZZ202309005;FXZZ202309007;FXZZ202309010;FXZZ202310002;FXZZ202310007;FXZZ202310009;FXZZ202310010;FXZZ202310012;FXZZ202310013;FXZZ202311004;FXZZ202311006;FXZZ202312003;FXZZ202312004;FXZZ202312007;FXZZ202312011;FXZZ202401002;FXZZ202401007;FXZZ202401008;FXZZ202401013;FXZZ202403003;FXZZ202403005;FXZZ202403008;FXZZ202403012;FXZZ202404013;FXZZ202405002;FXZZ202405004;FXZZ202405005;FXZZ202405013;FXZZ202406002;FXZZ202406004;FXZZ202406010;FXZZ202407004;FXZZ202407005;FXZZ202407006;FXZZ202407009;FXZZ202407012;FXZZ202412003;FXZZ202412004;FXZZ202412005;FXZZ202412006;FXZZ202412007;FXZZ202412008;FXZZ202412009;FXZZ202501004;FXZZ202607003;FXZZ202607006	A1/A2	pending_human_review
2af1b0c64ee98e08d16f	规范体系	cross_paper_discovery	bounded_chinese_ngram_maximal_repeat	5	5	2;3	"{""1"":0,""2"":2,""3"":3}"	制度构建;权利救济;规范依据	{'confidence': 0.1, 'domain': 'unrouted', 'evidence_source': 'keyword', 'evidence_span': '法的安定性', 'label_origin': 'machine_inferred', 'routing_only': True, 'source_level': 'B'};{'confidence': 0.68, 'domain': '程序法', 'evidence_source': 'keyword', 'evidence_span': '正当裁判', 'label_origin': 'machine_inferred', 'routing_only': True, 'source_level': 'B'}		generic_container;internal_fragment	2.0	"{""2023"":1,""2024"":3,""2025"":1}"	FXZZ202310002;FXZZ202401002;FXZZ202401008;FXZZ202405002;FXZZ202501004	A1/A2	pending_human_review
883f8cf1b9dfb5fa046b	规范依	cross_paper_discovery	bounded_chinese_ngram_maximal_repeat	5	5	1;2	"{""1"":2,""2"":3,""3"":0}"	制度构建;规范依据;证据证明	{'confidence': 0.1, 'domain': 'unrouted', 'evidence_source': 'keyword', 'evidence_span': '数据自决权', 'label_origin': 'machine_inferred', 'routing_only': True, 'source_level': 'B'};{'confidence': 0.68, 'domain': '程序法', 'evidence_source': 'keyword', 'evidence_span': '审查批准', 'label_origin': 'machine_inferred', 'routing_only': True, 'source_level': 'B'}		internal_fragment	2.333334	"{""2023"":3,""2024"":2}"	FXZZ202301003;FXZZ202308004;FXZZ202312003;FXZZ202401003;FXZZ202406010	A1/A2	pending_human_review
3ac7e0a55dbe202d816e	规范依据	legal_term	config_legal_term_longest_match	5	5	1;2	"{""1"":2,""2"":3,""3"":0}"	制度构建;规范依据;证据证明	{'confidence': 0.1, 'domain': 'unrouted', 'evidence_source': 'keyword', 'evidence_span': '数据自决权', 'label_origin': 'machine_inferred', 'routing_only': True, 'source_level': 'B'};{'confidence': 0.68, 'domain': '程序法', 'evidence_source': 'keyword', 'evidence_span': '审查批准', 'label_origin': 'machine_inferred', 'routing_only': True, 'source_level': 'B'}				"{""2023"":3,""2024"":2}"	FXZZ202301003;FXZZ202308004;FXZZ202312003;FXZZ202401003;FXZZ202406010	A1/A2	pending_human_review
92f2be02ba304007491c	规范依据	legal_pattern	config_legal_pattern	5	5	1;2	"{""1"":2,""2"":3,""3"":0}"	制度构建;规范依据;证据证明	{'confidence': 0.1, 'domain': 'unrouted', 'evidence_source': 'keyword', 'evidence_span': '数据自决权', 'label_origin': 'machine_inferred', 'routing_only': True, 'source_level': 'B'};{'confidence': 0.68, 'domain': '程序法', 'evidence_source': 'keyword', 'evidence_span': '审查批准', 'label_origin': 'machine_inferred', 'routing_only': True, 'source_level': 'B'}				"{""2023"":3,""2024"":2}"	FXZZ202301003;FXZZ202308004;FXZZ202312003;FXZZ202401003;FXZZ202406010	A1/A2	pending_human_review
1e0e27887f1c9276af9c	规范保护目	cross_paper_discovery	bounded_chinese_ngram_maximal_repeat	3	3	1;2;3	"{""1"":5,""2"":4,""3"":2}"	研究结论;规范依据	{'confidence': 0.1, 'domain': 'unrouted', 'evidence_source': 'keyword', 'evidence_span': '容许的风险', 'label_origin': 'machine_inferred', 'routing_only': True, 'source_level': 'B'};{'confidence': 0.66, 'domain': '规范理论', 'evidence_source': 'keyword', 'evidence_span': '规范保护目的', 'label_origin': 'machine_inferred', 'routing_only': True, 'source_level': 'B'}		internal_fragment;low_wordhood_score	0.736364	"{""2023"":11}"	FXZZ202306003;FXZZ202307006;FXZZ202308007	A1/A2	pending_human_review
57d16bcd31f3a1c84b7b	规范化	cross_paper_discovery	bounded_chinese_ngram_maximal_repeat	4	4	1;2;3	"{""1"":1,""2"":3,""3"":2}"	规范依据	{'confidence': 0.1, 'domain': 'unrouted', 'evidence_source': 'keyword', 'evidence_span': '合目的性改革', 'label_origin': 'machine_inferred', 'routing_only': True, 'source_level': 'B'};{'confidence': 0.66, 'domain': '比较法', 'evidence_source': 'keyword', 'evidence_span': '国际投资协定', 'label_origin': 'machine_inferred', 'routing_only': True, 'source_level': 'B'};{'confidence': 0.68, 'domain': '侵权责任', 'evidence_source': 'keyword', 'evidence_span': '监护人责任', 'label_origin': 'machine_inferred', 'routing_only': True, 'source_level': 'B'}		internal_fragment	2.0	"{""2023"":5,""2024"":1}"	FXZZ202301004;FXZZ202309007;FXZZ202310007;FXZZ202407012	A1/A2	pending_human_review
e115208b0b9d6d14aa72	规范定	cross_paper_discovery	bounded_chinese_ngram_maximal_repeat	3	3	1;2	"{""1"":1,""2"":3,""3"":0}"	规范依据;证据证明	{'confidence': 0.1, 'domain': 'unrouted', 'evidence_source': 'keyword', 'evidence_span': '最底限度标准', 'label_origin': 'machine_inferred', 'routing_only': True, 'source_level': 'B'};{'confidence': 0.68, 'domain': '程序法', 'evidence_source': 'keyword', 'evidence_span': '检察公益诉讼', 'label_origin': 'machine_inferred', 'routing_only': True, 'source_level': 'B'}		internal_fragment	1.625	"{""2023"":2,""2024"":1,""2026"":1}"	FXZZ202310009;FXZZ202406010;FXZZ202607003	A1/A2	pending_human_review
69511ee7ddb761579f88	规范定位	cross_paper_discovery	bounded_chinese_ngram_maximal_repeat	2	2	1;2	"{""1"":1,""2"":2,""3"":0}"	规范依据;证据证明	{'confidence': 0.1, 'domain': 'unrouted', 'evidence_source': 'keyword', 'evidence_span': '最底限度标准', 'label_origin': 'machine_inferred', 'routing_only': True, 'source_level': 'B'};{'confidence': 0.68, 'domain': '程序法', 'evidence_source': 'keyword', 'evidence_span': '检察公益诉讼', 'label_origin': 'machine_inferred', 'routing_only': True, 'source_level': 'B'}			0.916667	"{""2023"":2,""2026"":1}"	FXZZ202310009;FXZZ202607003	A1/A2	pending_human_review
57ec7942088dfc18e941	规范性	cross_paper_discovery	bounded_chinese_ngram_maximal_repeat	4	4	2;3	"{""1"":0,""2"":7,""3"":2}"	规范依据	{'confidence': 0.1, 'domain': 'unrouted', 'evidence_source': 'keyword', 'evidence_span': '合目的性改革', 'label_origin': 'machine_inferred', 'routing_only': True, 'source_level': 'B'};{'confidence': 0.68, 'domain': '程序法', 'evidence_source': 'keyword', 'evidence_span': '保证债务诉讼时效', 'label_origin': 'machine_inferred', 'routing_only': True, 'source_level': 'B'}		internal_fragment	1.925925	"{""2023"":8,""2024"":1}"	FXZZ202301004;FXZZ202307002;FXZZ202311004;FXZZ202401008	A1/A2	pending_human_review
b37589632bab4d30b52b	规范意	cross_paper_discovery	bounded_chinese_ngram_maximal_repeat	3	3	1;2	"{""1"":1,""2"":2,""3"":0}"	规范依据	{'confidence': 0.1, 'domain': 'unrouted', 'evidence_source': 'keyword', 'evidence_span': '参与分配', 'label_origin': 'machine_inferred', 'routing_only': True, 'source_level': 'B'};{'confidence': 0.66, 'domain': '规范理论', 'evidence_source': 'keyword', 'evidence_span': '行为规范', 'label_origin': 'machine_inferred', 'routing_only': True, 'source_level': 'B'};{'confidence': 0.68, 'domain': '程序法', 'evidence_source': 'keyword', 'evidence_span': '裁判规范', 'label_origin': 'machine_inferred', 'routing_only': True, 'source_level': 'B'}		internal_fragment	1.833333	"{""2023"":3}"	FXZZ202301009;FXZZ202303005;FXZZ202305012	A1/A2	pending_human_review
a31e3eea94583198c1c6	规范构	cross_paper_discovery	bounded_chinese_ngram_maximal_repeat	5	5	1;2;3	"{""1"":3,""2"":5,""3"":2}"	规范依据	{'confidence': 0.1, 'domain': 'unrouted', 'evidence_source': 'keyword', 'evidence_span': '多元立法模式', 'label_origin': 'machine_inferred', 'routing_only': True, 'source_level': 'B'};{'confidence': 0.66, 'domain': '比较法', 'evidence_source': 'keyword', 'evidence_span': '国际投资协定', 'label_origin': 'machine_inferred', 'routing_only': True, 'source_level': 'B'}		internal_fragment	2.166667	"{""2023"":1,""2024"":9}"	FXZZ202311006;FXZZ202404013;FXZZ202407005;FXZZ202407012;FXZZ202412003	A1/A2	pending_human_review
22d08bb9090a6dfcb5d1	规范构造	cross_paper_discovery	bounded_chinese_ngram_maximal_repeat	4	4	1;2;3	"{""1"":3,""2"":4,""3"":2}"	规范依据	{'confidence': 0.1, 'domain': 'unrouted', 'evidence_source': 'keyword', 'evidence_span': '多元立法模式', 'label_origin': 'machine_inferred', 'routing_only': True, 'source_level': 'B'};{'confidence': 0.66, 'domain': '比较法', 'evidence_source': 'keyword', 'evidence_span': '国际投资协定', 'label_origin': 'machine_inferred', 'routing_only': True, 'source_level': 'B'}		internal_fragment	1.333333	"{""2023"":1,""2024"":8}"	FXZZ202311006;FXZZ202404013;FXZZ202407012;FXZZ202412003	A1/A2	pending_human_review
7a332ff9bfcead594175	规范的适	cross_paper_discovery	bounded_chinese_ngram_maximal_repeat	4	4	2;3	"{""1"":0,""2"":3,""3"":1}"	程序审查;规范依据	{'confidence': 0.1, 'domain': 'unrouted', 'evidence_source': 'keyword', 'evidence_span': '保证期间', 'label_origin': 'machine_inferred', 'routing_only': True, 'source_level': 'B'};{'confidence': 0.68, 'domain': '程序法', 'evidence_source': 'keyword', 'evidence_span': '保证债务诉讼时效', 'label_origin': 'machine_inferred', 'routing_only': True, 'source_level': 'B'}		internal_fragment	1.75	"{""2023"":2,""2024"":2}"	FXZZ202307013;FXZZ202310013;FXZZ202401008;FXZZ202405005	A1/A2	pending_human_review
273964c861686982756a	规范的适用	cross_paper_discovery	bounded_chinese_ngram_maximal_repeat	3	3	2	"{""1"":0,""2"":3,""3"":0}"	规范依据	{'confidence': 0.1, 'domain': 'unrouted', 'evidence_source': 'keyword', 'evidence_span': '保证期间', 'label_origin': 'machine_inferred', 'routing_only': True, 'source_level': 'B'};{'confidence': 0.68, 'domain': '程序法', 'evidence_source': 'keyword', 'evidence_span': '保证债务诉讼时效', 'label_origin': 'machine_inferred', 'routing_only': True, 'source_level': 'B'}		function_fragment;internal_fragment	1.2	"{""2023"":2,""2024"":1}"	FXZZ202307013;FXZZ202310013;FXZZ202401008	A1/A2	pending_human_review
24a2161cf2db82f8dfc8	规范目	cross_paper_discovery	bounded_chinese_ngram_maximal_repeat	5	5	2;3	"{""1"":0,""2"":2,""3"":4}"	制度构建;比较法;规范依据	{'confidence': 0.1, 'domain': 'unrouted', 'evidence_source': 'keyword', 'evidence_span': '撤回权', 'label_origin': 'machine_inferred', 'routing_only': True, 'source_level': 'B'};{'confidence': 0.68, 'domain': '程序法', 'evidence_source': 'keyword', 'evidence_span': '保证债务诉讼时效', 'label_origin': 'machine_inferred', 'routing_only': True, 'source_level': 'B'};{'confidence': 0.72, 'domain': '合同法', 'evidence_source': 'keyword', 'evidence_span': '解除权', 'label_origin': 'machine_inferred', 'routing_only': True, 'source_level': 'B'}		internal_fragment	2.361112	"{""2023"":2,""2024"":4}"	FXZZ202312007;FXZZ202401008;FXZZ202407006;FXZZ202412006;FXZZ202412009	A1/A2	pending_human_review
ab8a5b65a6b4a32f7a6e	规范类型	cross_paper_discovery	bounded_chinese_ngram_maximal_repeat	2	2	3	"{""1"":0,""2"":0,""3"":2}"	规范依据	{'confidence': 0.1, 'domain': 'unrouted', 'evidence_source': 'keyword', 'evidence_span': '保证期间', 'label_origin': 'machine_inferred', 'routing_only': True, 'source_level': 'B'};{'confidence': 0.68, 'domain': '程序法', 'evidence_source': 'keyword', 'evidence_span': '保证债务诉讼时效', 'label_origin': 'machine_inferred', 'routing_only': True, 'source_level': 'B'}		internal_fragment	1.0	"{""2024"":2}"	FXZZ202401008;FXZZ202403005	A1/A2	pending_human_review
ac1d39df1c394e68e87e	规范要	cross_paper_discovery	bounded_chinese_ngram_maximal_repeat	3	3	1;3	"{""1"":2,""2"":0,""3"":2}"	构成要件;规范依据	{'confidence': 0.1, 'domain': 'unrouted', 'evidence_source': 'keyword', 'evidence_span': '犯罪情节', 'label_origin': 'machine_inferred', 'routing_only': True, 'source_level': 'B'};{'confidence': 0.68, 'domain': '程序法', 'evidence_source': 'keyword', 'evidence_span': '核准程序', 'label_origin': 'machine_inferred', 'routing_only': True, 'source_level': 'B'}		internal_fragment	1.75	"{""2023"":4}"	FXZZ202307005;FXZZ202308013;FXZZ202309005	A1/A2	pending_human_review
8557099f406517c2fad5	规范要求	cross_paper_discovery	bounded_chinese_ngram_maximal_repeat	2	2	1	"{""1"":2,""2"":0,""3"":0}"	规范依据	{'confidence': 0.1, 'domain': 'unrouted', 'evidence_source': 'keyword', 'evidence_span': '犯罪情节', 'label_origin': 'machine_inferred', 'routing_only': True, 'source_level': 'B'};{'confidence': 0.68, 'domain': '程序法', 'evidence_source': 'keyword', 'evidence_span': '核准程序', 'label_origin': 'machine_inferred', 'routing_only': True, 'source_level': 'B'}		internal_fragment	0.875	"{""2023"":2}"	FXZZ202307005;FXZZ202309005	A1/A2	pending_human_review
1dcd9c5a4048b47a096e	规范解释	cross_paper_discovery	bounded_chinese_ngram_maximal_repeat	2	2	2;3	"{""1"":0,""2"":5,""3"":3}"	规范依据	{'confidence': 0.1, 'domain': 'unrouted', 'evidence_source': 'keyword', 'evidence_span': '保证期间', 'label_origin': 'machine_inferred', 'routing_only': True, 'source_level': 'B'};{'confidence': 0.68, 'domain': '程序法', 'evidence_source': 'keyword', 'evidence_span': '保证债务诉讼时效', 'label_origin': 'machine_inferred', 'routing_only': True, 'source_level': 'B'}		internal_fragment;low_wordhood_score	0.6875	"{""2024"":8}"	FXZZ202401008;FXZZ202405004	A1/A2	pending_human_review
03224c8cbebf353bb41f	规范适用	cross_paper_discovery	bounded_chinese_ngram_maximal_repeat	2	2	1;2	"{""1"":3,""2"":2,""3"":0}"	规范依据	{'confidence': 0.1, 'domain': 'unrouted', 'evidence_source': 'keyword', 'evidence_span': '体系效应', 'label_origin': 'machine_inferred', 'routing_only': True, 'source_level': 'B'};{'confidence': 0.66, 'domain': '比较法', 'evidence_source': 'keyword', 'evidence_span': '国际民事管辖权', 'label_origin': 'machine_inferred', 'routing_only': True, 'source_level': 'B'};{'confidence': 0.68, 'domain': '程序法', 'evidence_source': 'keyword', 'evidence_span': '保证债务诉讼时效', 'label_origin': 'machine_inferred', 'routing_only': True, 'source_level': 'B'}		internal_fragment	0.85	"{""2023"":2,""2024"":3}"	FXZZ202312011;FXZZ202401008	A1/A2	pending_human_review
eb6061f6aff9513f9c6e	视法律	cross_paper_discovery	bounded_chinese_ngram_maximal_repeat	2	2	1;2;3	"{""1"":3,""2"":2,""3"":1}"				internal_fragment	0.888889	"{""2024"":6}"	FXZZ202401013;FXZZ202412013	A1/A2	pending_human_review
57a5c06a539ac1b40504	视角下的秩序	cross_paper_discovery	bounded_chinese_ngram_maximal_repeat	2	2	2;3	"{""1"":0,""2"":1,""3"":1}"		{'confidence': 0.1, 'domain': 'unrouted', 'evidence_source': 'keyword', 'evidence_span': '不法原因给付', 'label_origin': 'machine_inferred', 'routing_only': True, 'source_level': 'B'}		internal_fragment;low_wordhood_score	0.666666	"{""2023"":1,""2024"":1}"	FXZZ202311008;FXZZ202407007	A1/A2	pending_human_review
990081c0f49e976e851a	角色定位	cross_paper_discovery	bounded_chinese_ngram_maximal_repeat	3	3	1;2	"{""1"":1,""2"":2,""3"":0}"	程序审查	{'confidence': 0.1, 'domain': 'unrouted', 'evidence_source': 'keyword', 'evidence_span': '隐私权', 'label_origin': 'machine_inferred', 'routing_only': True, 'source_level': 'B'};{'confidence': 0.66, 'domain': '规范理论', 'evidence_source': 'keyword', 'evidence_span': '轻罪规范', 'label_origin': 'machine_inferred', 'routing_only': True, 'source_level': 'B'}		internal_fragment	1.125	"{""2023"":2,""2024"":1}"	FXZZ202301011;FXZZ202312002;FXZZ202401007	A1/A2	pending_human_review
daaf1843f3584ed4dea1	解决机制	cross_paper_discovery	bounded_chinese_ngram_maximal_repeat	3	3	1;2	"{""1"":2,""2"":4,""3"":0}"	程序审查	{'confidence': 0.1, 'domain': 'unrouted', 'evidence_source': 'keyword', 'evidence_span': '投资争端解决', 'label_origin': 'machine_inferred', 'routing_only': True, 'source_level': 'B'};{'confidence': 0.66, 'domain': '比较法', 'evidence_source': 'keyword', 'evidence_span': '国际投资条约', 'label_origin': 'machine_inferred', 'routing_only': True, 'source_level': 'B'};{'confidence': 0.68, 'domain': '侵权责任', 'evidence_source': 'keyword', 'evidence_span': '企业社会责任', 'label_origin': 'machine_inferred', 'routing_only': True, 'source_level': 'B'};{'confidence': 0.68, 'domain': '程序法', 'evidence_source': 'keyword', 'evidence_span': '正当裁判', 'label_origin': 'machine_inferred', 'routing_only': True, 'source_level': 'B'}		generic_container;internal_fragment	1.1875	"{""2023"":6}"	FXZZ202303012;FXZZ202304014;FXZZ202310002	A1/A2	pending_human_review
3232a6cab82e019c91d8	解决路径	cross_paper_discovery	bounded_chinese_ngram_maximal_repeat	2	2	2;3	"{""1"":0,""2"":2,""3"":2}"		{'confidence': 0.1, 'domain': 'unrouted', 'evidence_source': 'keyword', 'evidence_span': '共同行为', 'label_origin': 'machine_inferred', 'routing_only': True, 'source_level': 'B'}		generic_container;internal_fragment;low_wordhood_score	0.6875	"{""2023"":4}"	FXZZ202302011;FXZZ202310009	A1/A2	pending_human_review
ed2f4b57fc40babd1979	解释	legal_term	config_legal_term_longest_match	51	51	1;2;3	"{""1"":31,""2"":90,""3"":19}"	制度构建;权利救济;构成要件;比较法;程序审查;规范依据;证据证明	{'confidence': 0.1, 'domain': 'unrouted', 'evidence_source': 'keyword', 'evidence_span': '数据自决权', 'label_origin': 'machine_inferred', 'routing_only': True, 'source_level': 'B'};{'confidence': 0.66, 'domain': '比较法', 'evidence_source': 'keyword', 'evidence_span': '国际投资条约', 'label_origin': 'machine_inferred', 'routing_only': True, 'source_level': 'B'};{'confidence': 0.66, 'domain': '规范理论', 'evidence_source': 'keyword', 'evidence_span': '保护性规范', 'label_origin': 'machine_inferred', 'routing_only': True, 'source_level': 'B'};{'confidence': 0.68, 'domain': '侵权责任', 'evidence_source': 'keyword', 'evidence_span': '企业社会责任', 'label_origin': 'machine_inferred', 'routing_only': True, 'source_level': 'B'};{'confidence': 0.68, 'domain': '程序法', 'evidence_source': 'keyword', 'evidence_span': '裁判要点', 'label_origin': 'machine_inferred', 'routing_only': True, 'source_level': 'B'};{'confidence': 0.72, 'domain': '合同法', 'evidence_source': 'keyword', 'evidence_span': '违约金', 'label_origin': 'machine_inferred', 'routing_only': True, 'source_level': 'B'}				"{""2023"":53,""2024"":85,""2026"":2}"	FXZZ202301003;FXZZ202301009;FXZZ202302002;FXZZ202302004;FXZZ202302009;FXZZ202303007;FXZZ202303008;FXZZ202303012;FXZZ202304010;FXZZ202306010;FXZZ202307005;FXZZ202307006;FXZZ202307009;FXZZ202308013;FXZZ202309006;FXZZ202309008;FXZZ202310003;FXZZ202310006;FXZZ202310009;FXZZ202311009;FXZZ202311010;FXZZ202311011;FXZZ202311012;FXZZ202312006;FXZZ202312007;FXZZ202312009;FXZZ202401008;FXZZ202401011;FXZZ202401013;FXZZ202403002;FXZZ202403009;FXZZ202404002;FXZZ202404006;FXZZ202404007;FXZZ202405003;FXZZ202405004;FXZZ202405007;FXZZ202405009;FXZZ202406006;FXZZ202406010;FXZZ202406011;FXZZ202406012;FXZZ202407001;FXZZ202407003;FXZZ202407007;FXZZ202407008;FXZZ202412006;FXZZ202412008;FXZZ202412010;FXZZ202607004;FXZZ202607008	A1/A2	pending_human_review
70d87b49a32aa1870a4e	解释学	cross_paper_discovery	bounded_chinese_ngram_maximal_repeat	4	4	1;2;3	"{""1"":1,""2"":2,""3"":1}"		{'confidence': 0.1, 'domain': 'unrouted', 'evidence_source': 'keyword', 'evidence_span': '可携带权', 'label_origin': 'machine_inferred', 'routing_only': True, 'source_level': 'B'};{'confidence': 0.66, 'domain': '比较法', 'evidence_source': 'keyword', 'evidence_span': '国际高标准经贸规则', 'label_origin': 'machine_inferred', 'routing_only': True, 'source_level': 'B'};{'confidence': 0.68, 'domain': '程序法', 'evidence_source': 'keyword', 'evidence_span': '义务性程序兜底条款', 'label_origin': 'machine_inferred', 'routing_only': True, 'source_level': 'B'}		internal_fragment	2.499999	"{""2023"":1,""2024"":2,""2026"":1}"	FXZZ202311011;FXZZ202405004;FXZZ202406012;FXZZ202607004	A1/A2	pending_human_review
574c8fa5ed9ed6ff04ba	解释方	cross_paper_discovery	bounded_chinese_ngram_maximal_repeat	8	8	1;2;3	"{""1"":1,""2"":10,""3"":3}"	制度构建;权利救济;程序审查	{'confidence': 0.1, 'domain': 'unrouted', 'evidence_source': 'keyword', 'evidence_span': '参与分配', 'label_origin': 'machine_inferred', 'routing_only': True, 'source_level': 'B'};{'confidence': 0.68, 'domain': '程序法', 'evidence_source': 'keyword', 'evidence_span': '裁判要点', 'label_origin': 'machine_inferred', 'routing_only': True, 'source_level': 'B'}		internal_fragment	3.52381	"{""2023"":7,""2024"":7}"	FXZZ202301009;FXZZ202302002;FXZZ202302004;FXZZ202304010;FXZZ202403009;FXZZ202405003;FXZZ202407001;FXZZ202412010	A1/A2	pending_human_review
9936674d3bec2f22d0fa	解释方案	cross_paper_discovery	bounded_chinese_ngram_maximal_repeat	3	3	2;3	"{""1"":0,""2"":3,""3"":1}"	权利救济	{'confidence': 0.1, 'domain': 'unrouted', 'evidence_source': 'keyword', 'evidence_span': '外在体系', 'label_origin': 'machine_inferred', 'routing_only': True, 'source_level': 'B'};{'confidence': 0.68, 'domain': '程序法', 'evidence_source': 'keyword', 'evidence_span': '《刑事诉讼法》修改', 'label_origin': 'machine_inferred', 'routing_only': True, 'source_level': 'B'}		internal_fragment	1.125	"{""2023"":1,""2024"":3}"	FXZZ202304010;FXZZ202403009;FXZZ202412010	A1/A2	pending_human_review
45d0864256d6b01b36c0	解释方法	cross_paper_discovery	bounded_chinese_ngram_maximal_repeat	5	5	1;2;3	"{""1"":1,""2"":7,""3"":2}"	制度构建;程序审查	{'confidence': 0.1, 'domain': 'unrouted', 'evidence_source': 'keyword', 'evidence_span': '参与分配', 'label_origin': 'machine_inferred', 'routing_only': True, 'source_level': 'B'};{'confidence': 0.68, 'domain': '程序法', 'evidence_source': 'keyword', 'evidence_span': '裁判要点', 'label_origin': 'machine_inferred', 'routing_only': True, 'source_level': 'B'}		internal_fragment	2.0	"{""2023"":6,""2024"":4}"	FXZZ202301009;FXZZ202302002;FXZZ202302004;FXZZ202405003;FXZZ202407001	A1/A2	pending_human_review
85da71849d7bf9bb0226	解释权	cross_paper_discovery	bounded_chinese_ngram_maximal_repeat	2	2	2	"{""1"":0,""2"":2,""3"":0}"		{'confidence': 0.1, 'domain': 'unrouted', 'evidence_source': 'keyword', 'evidence_span': '多元共治', 'label_origin': 'machine_inferred', 'routing_only': True, 'source_level': 'B'}		internal_fragment	1.333334	"{""2023"":1,""2024"":1}"	FXZZ202311012;FXZZ202407001	A1/A2	pending_human_review
5f91611a834f06cb8049	解释法	cross_paper_discovery	bounded_chinese_ngram_maximal_repeat	2	2	2	"{""1"":0,""2"":2,""3"":0}"		{'confidence': 0.1, 'domain': 'unrouted', 'evidence_source': 'keyword', 'evidence_span': '法释义学', 'label_origin': 'machine_inferred', 'routing_only': True, 'source_level': 'B'};{'confidence': 0.68, 'domain': '程序法', 'evidence_source': 'keyword', 'evidence_span': '义务性程序兜底条款', 'label_origin': 'machine_inferred', 'routing_only': True, 'source_level': 'B'}			1.333334	"{""2024"":2}"	FXZZ202405003;FXZZ202405004	A1/A2	pending_human_review
a3c015ec365f7a1d6a8b	解释的理	cross_paper_discovery	bounded_chinese_ngram_maximal_repeat	2	2	1	"{""1"":2,""2"":0,""3"":0}"		{'confidence': 0.1, 'domain': 'unrouted', 'evidence_source': 'keyword', 'evidence_span': '法释义学', 'label_origin': 'machine_inferred', 'routing_only': True, 'source_level': 'B'};{'confidence': 0.66, 'domain': '比较法', 'evidence_source': 'keyword', 'evidence_span': '国际高标准经贸规则', 'label_origin': 'machine_inferred', 'routing_only': True, 'source_level': 'B'}		internal_fragment	1.0	"{""2024"":2}"	FXZZ202405003;FXZZ202406012	A1/A2	pending_human_review
9b1152fc496bf83af24b	解释的要求	cross_paper_discovery	bounded_chinese_ngram_maximal_repeat	2	2	2	"{""1"":0,""2"":2,""3"":0}"		{'confidence': 0.1, 'domain': 'unrouted', 'evidence_source': 'keyword', 'evidence_span': '监察范围', 'label_origin': 'machine_inferred', 'routing_only': True, 'source_level': 'B'}		internal_fragment	0.8	"{""2023"":1,""2024"":1}"	FXZZ202307006;FXZZ202405003	A1/A2	pending_human_review
0c8525e8103083db9c03	解释的质	cross_paper_discovery	bounded_chinese_ngram_maximal_repeat	2	2	1;2	"{""1"":1,""2"":1,""3"":0}"	规范依据	{'confidence': 0.1, 'domain': 'unrouted', 'evidence_source': 'keyword', 'evidence_span': '法律技术', 'label_origin': 'machine_inferred', 'routing_only': True, 'source_level': 'B'}		internal_fragment	1.0	"{""2024"":2}"	FXZZ202404002;FXZZ202407001	A1/A2	pending_human_review
3877c211385a5842ad42	解释论	cross_paper_discovery	bounded_chinese_ngram_maximal_repeat	5	5	1;2;3	"{""1"":1,""2"":4,""3"":1}"	制度构建;程序审查;规范依据	{'confidence': 0.1, 'domain': 'unrouted', 'evidence_source': 'keyword', 'evidence_span': '添附', 'label_origin': 'machine_inferred', 'routing_only': True, 'source_level': 'B'};{'confidence': 0.68, 'domain': '程序法', 'evidence_source': 'keyword', 'evidence_span': '保证债务诉讼时效', 'label_origin': 'machine_inferred', 'routing_only': True, 'source_level': 'B'}		internal_fragment	3.055556	"{""2023"":2,""2024"":4}"	FXZZ202303008;FXZZ202310003;FXZZ202401008;FXZZ202405003;FXZZ202405009	A1/A2	pending_human_review
8ef793a529340bf11b91	解释路径	cross_paper_discovery	bounded_chinese_ngram_maximal_repeat	3	3	1;2	"{""1"":2,""2"":2,""3"":0}"		{'confidence': 0.1, 'domain': 'unrouted', 'evidence_source': 'keyword', 'evidence_span': '数据自决权', 'label_origin': 'machine_inferred', 'routing_only': True, 'source_level': 'B'};{'confidence': 0.66, 'domain': '规范理论', 'evidence_source': 'keyword', 'evidence_span': '保护性规范', 'label_origin': 'machine_inferred', 'routing_only': True, 'source_level': 'B'};{'confidence': 0.72, 'domain': '合同法', 'evidence_source': 'keyword', 'evidence_span': '违约金', 'label_origin': 'machine_inferred', 'routing_only': True, 'source_level': 'B'}		generic_container;internal_fragment	1.125	"{""2023"":3,""2024"":1}"	FXZZ202301003;FXZZ202309008;FXZZ202407008	A1/A2	pending_human_review
e4874d92e4b7840c09be	解释问题	cross_paper_discovery	bounded_chinese_ngram_maximal_repeat	2	2	2;3	"{""1"":0,""2"":1,""3"":1}"	构成要件;规范依据	{'confidence': 0.1, 'domain': 'unrouted', 'evidence_source': 'keyword', 'evidence_span': '制度型开放', 'label_origin': 'machine_inferred', 'routing_only': True, 'source_level': 'B'};{'confidence': 0.66, 'domain': '比较法', 'evidence_source': 'keyword', 'evidence_span': '国际高标准经贸规则', 'label_origin': 'machine_inferred', 'routing_only': True, 'source_level': 'B'}		internal_fragment	1.0	"{""2023"":1,""2024"":1}"	FXZZ202308013;FXZZ202406012	A1/A2	pending_human_review
27871aa83f67aec8c615	解除	legal_term	config_legal_term_longest_match	7	7	1;2;3	"{""1"":7,""2"":11,""3"":3}"	制度构建;程序审查;规范依据	{'confidence': 0.1, 'domain': 'unrouted', 'evidence_source': 'keyword', 'evidence_span': '损失分担', 'label_origin': 'machine_inferred', 'routing_only': True, 'source_level': 'B'};{'confidence': 0.72, 'domain': '合同法', 'evidence_source': 'keyword', 'evidence_span': '任意解除权', 'label_origin': 'machine_inferred', 'routing_only': True, 'source_level': 'B'}				"{""2023"":17,""2024"":3,""2026"":1}"	FXZZ202304007;FXZZ202305009;FXZZ202306005;FXZZ202311010;FXZZ202312007;FXZZ202404010;FXZZ202607007	A1/A2	pending_human_review
42ea52c1310cb4b244d5	解除制度	cross_paper_discovery	bounded_chinese_ngram_maximal_repeat	2	2	1;3	"{""1"":1,""2"":0,""3"":2}"	制度构建	{'confidence': 0.1, 'domain': 'unrouted', 'evidence_source': 'keyword', 'evidence_span': '损失分担', 'label_origin': 'machine_inferred', 'routing_only': True, 'source_level': 'B'}		internal_fragment	0.916667	"{""2023"":3}"	FXZZ202304007;FXZZ202305009	A1/A2	pending_human_review
aad6012a3287d4718e0a	解除权	cross_paper_discovery	bounded_chinese_ngram_maximal_repeat	4	4	1;2	"{""1"":6,""2"":5,""3"":0}"	程序审查;规范依据	{'confidence': 0.1, 'domain': 'unrouted', 'evidence_source': 'keyword', 'evidence_span': '损失分担', 'label_origin': 'machine_inferred', 'routing_only': True, 'source_level': 'B'};{'confidence': 0.72, 'domain': '合同法', 'evidence_source': 'keyword', 'evidence_span': '解除权', 'label_origin': 'machine_inferred', 'routing_only': True, 'source_level': 'B'}		internal_fragment	1.878787	"{""2023"":10,""2024"":1}"	FXZZ202304007;FXZZ202311010;FXZZ202312007;FXZZ202404010	A1/A2	pending_human_review
15a86c232a86af8a27c9	认定	legal_term	config_legal_term_longest_match	44	44	1;2;3	"{""1"":17,""2"":40,""3"":21}"	权利救济;构成要件;程序审查;规范依据;证据证明	{'confidence': 0.1, 'domain': 'unrouted', 'evidence_source': 'keyword', 'evidence_span': '利益衡量', 'label_origin': 'machine_inferred', 'routing_only': True, 'source_level': 'B'};{'confidence': 0.66, 'domain': '比较法', 'evidence_source': 'keyword', 'evidence_span': '国际经贸合作', 'label_origin': 'machine_inferred', 'routing_only': True, 'source_level': 'B'};{'confidence': 0.66, 'domain': '规范理论', 'evidence_source': 'keyword', 'evidence_span': '行为规范', 'label_origin': 'machine_inferred', 'routing_only': True, 'source_level': 'B'};{'confidence': 0.68, 'domain': '侵权责任', 'evidence_source': 'keyword', 'evidence_span': '无权代理人责任', 'label_origin': 'machine_inferred', 'routing_only': True, 'source_level': 'B'};{'confidence': 0.68, 'domain': '程序法', 'evidence_source': 'keyword', 'evidence_span': '裁判规范', 'label_origin': 'machine_inferred', 'routing_only': True, 'source_level': 'B'};{'confidence': 0.72, 'domain': '合同法', 'evidence_source': 'keyword', 'evidence_span': '合同解释', 'label_origin': 'machine_inferred', 'routing_only': True, 'source_level': 'B'}				"{""2023"":52,""2024"":25,""2026"":1}"	FXZZ202301005;FXZZ202301010;FXZZ202301012;FXZZ202302005;FXZZ202302010;FXZZ202302011;FXZZ202302012;FXZZ202302013;FXZZ202303005;FXZZ202304004;FXZZ202304006;FXZZ202304009;FXZZ202305013;FXZZ202306003;FXZZ202306011;FXZZ202306012;FXZZ202307006;FXZZ202307010;FXZZ202308003;FXZZ202308005;FXZZ202308007;FXZZ202308008;FXZZ202308009;FXZZ202309006;FXZZ202309007;FXZZ202309008;FXZZ202310008;FXZZ202311003;FXZZ202312009;FXZZ202403010;FXZZ202404006;FXZZ202405006;FXZZ202405009;FXZZ202405011;FXZZ202406007;FXZZ202406009;FXZZ202406011;FXZZ202407006;FXZZ202407007;FXZZ202407009;FXZZ202412004;FXZZ202412007;FXZZ202412013;FXZZ202607005	A1/A2	pending_human_review
7202b48f917d570b791b	认定标准	cross_paper_discovery	bounded_chinese_ngram_maximal_repeat	4	4	2;3	"{""1"":0,""2"":1,""3"":3}"	证据证明	{'confidence': 0.1, 'domain': 'unrouted', 'evidence_source': 'keyword', 'evidence_span': '透明度', 'label_origin': 'machine_inferred', 'routing_only': True, 'source_level': 'B'};{'confidence': 0.66, 'domain': '比较法', 'evidence_source': 'keyword', 'evidence_span': '国际经贸合作', 'label_origin': 'machine_inferred', 'routing_only': True, 'source_level': 'B'};{'confidence': 0.72, 'domain': '合同法', 'evidence_source': 'keyword', 'evidence_span': '违约金', 'label_origin': 'machine_inferred', 'routing_only': True, 'source_level': 'B'}			1.875	"{""2023"":3,""2024"":1}"	FXZZ202302012;FXZZ202304004;FXZZ202309008;FXZZ202412013	A1/A2	pending_human_review
c90324eb7a0e85a882bf	认定模式	cross_paper_discovery	bounded_chinese_ngram_maximal_repeat	2	2	2	"{""1"":0,""2"":2,""3"":0}"		{'confidence': 0.1, 'domain': 'unrouted', 'evidence_source': 'keyword', 'evidence_span': '司法酌减', 'label_origin': 'machine_inferred', 'routing_only': True, 'source_level': 'B'};{'confidence': 0.72, 'domain': '合同法', 'evidence_source': 'keyword', 'evidence_span': '违约金', 'label_origin': 'machine_inferred', 'routing_only': True, 'source_level': 'B'}		generic_container;internal_fragment	0.875	"{""2023"":1,""2024"":1}"	FXZZ202309008;FXZZ202404006	A1/A2	pending_human_review
5e0ab8342fbbe96fd4cf	认定的影响	cross_paper_discovery	bounded_chinese_ngram_maximal_repeat	2	2	1	"{""1"":2,""2"":0,""3"":0}"		{'confidence': 0.1, 'domain': 'unrouted', 'evidence_source': 'keyword', 'evidence_span': '法律定义', 'label_origin': 'machine_inferred', 'routing_only': True, 'source_level': 'B'};{'confidence': 0.68, 'domain': '程序法', 'evidence_source': 'keyword', 'evidence_span': '诉讼权利', 'label_origin': 'machine_inferred', 'routing_only': True, 'source_level': 'B'}		internal_fragment;low_wordhood_score	0.7	"{""2023"":1,""2024"":1}"	FXZZ202304009;FXZZ202406007	A1/A2	pending_human_review
29b4ab26e5654fbae877	认定路径	cross_paper_discovery	bounded_chinese_ngram_maximal_repeat	2	2	1;2	"{""1"":1,""2"":1,""3"":0}"		{'confidence': 0.1, 'domain': 'unrouted', 'evidence_source': 'keyword', 'evidence_span': '利益平衡', 'label_origin': 'machine_inferred', 'routing_only': True, 'source_level': 'B'};{'confidence': 0.72, 'domain': '合同法', 'evidence_source': 'keyword', 'evidence_span': '合同解释', 'label_origin': 'machine_inferred', 'routing_only': True, 'source_level': 'B'}		generic_container;internal_fragment	1.0	"{""2023"":1,""2024"":1}"	FXZZ202304006;FXZZ202407009	A1/A2	pending_human_review
6d9631248285f3d5c7de	认定难题	cross_paper_discovery	bounded_chinese_ngram_maximal_repeat	2	2	1;2	"{""1"":1,""2"":1,""3"":0}"		{'confidence': 0.1, 'domain': 'unrouted', 'evidence_source': 'keyword', 'evidence_span': '一体化处罚观', 'label_origin': 'machine_inferred', 'routing_only': True, 'source_level': 'B'};{'confidence': 0.68, 'domain': '程序法', 'evidence_source': 'keyword', 'evidence_span': '诉讼权利', 'label_origin': 'machine_inferred', 'routing_only': True, 'source_level': 'B'}		internal_fragment	0.875	"{""2023"":2}"	FXZZ202302010;FXZZ202304009	A1/A2	pending_human_review
bfa85cd22c336ddf074a	认罪认罚案件	cross_paper_discovery	bounded_chinese_ngram_maximal_repeat	2	2	1;2	"{""1"":1,""2"":1,""3"":0}"		{'confidence': 0.1, 'domain': 'unrouted', 'evidence_source': 'keyword', 'evidence_span': '影响变量', 'label_origin': 'machine_inferred', 'routing_only': True, 'source_level': 'B'}		internal_fragment;low_wordhood_score	0.666666	"{""2024"":2}"	FXZZ202404011;FXZZ202405011	A1/A2	pending_human_review
e812cb79b7a7d924f36c	认证规则	cross_paper_discovery	bounded_chinese_ngram_maximal_repeat	2	2	1;2	"{""1"":4,""2"":1,""3"":0}"	权利救济;程序审查;证据证明	{'confidence': 0.1, 'domain': 'unrouted', 'evidence_source': 'keyword', 'evidence_span': '惩罚机制', 'label_origin': 'machine_inferred', 'routing_only': True, 'source_level': 'B'}		internal_fragment	0.8	"{""2023"":4,""2024"":1}"	FXZZ202309011;FXZZ202412004	A1/A2	pending_human_review
a2a8ca9e4605645c6a23	议制度	cross_paper_discovery	bounded_chinese_ngram_maximal_repeat	2	2	2;3	"{""1"":0,""2"":2,""3"":1}"	制度构建;权利救济;证据证明	{'confidence': 0.1, 'domain': 'unrouted', 'evidence_source': 'keyword', 'evidence_span': '共同行为', 'label_origin': 'machine_inferred', 'routing_only': True, 'source_level': 'B'}		internal_fragment	1.111112	"{""2023"":1,""2024"":2}"	FXZZ202302011;FXZZ202412004	A1/A2	pending_human_review
939e1a6fd05b03b03c93	议无效	cross_paper_discovery	bounded_chinese_ngram_maximal_repeat	2	2	1;2	"{""1"":1,""2"":2,""3"":0}"	制度构建	{'confidence': 0.1, 'domain': 'unrouted', 'evidence_source': 'keyword', 'evidence_span': '执行依据', 'label_origin': 'machine_inferred', 'routing_only': True, 'source_level': 'B'}		internal_fragment	1.222223	"{""2023"":1,""2024"":2}"	FXZZ202308009;FXZZ202403009	A1/A2	pending_human_review
d7d0177f160c0204fd16	议条款	cross_paper_discovery	bounded_chinese_ngram_maximal_repeat	2	2	2;3	"{""1"":0,""2"":1,""3"":1}"		{'confidence': 0.1, 'domain': 'unrouted', 'evidence_source': 'keyword', 'evidence_span': '共同行为', 'label_origin': 'machine_inferred', 'routing_only': True, 'source_level': 'B'}		internal_fragment	1.333334	"{""2023"":2}"	FXZZ202302011;FXZZ202311010	A1/A2	pending_human_review
61c3b3cd341b4c438c6b	议案件	cross_paper_discovery	bounded_chinese_ngram_maximal_repeat	2	2	3	"{""1"":0,""2"":0,""3"":2}"		{'confidence': 0.1, 'domain': 'unrouted', 'evidence_source': 'keyword', 'evidence_span': '实质违法性', 'label_origin': 'machine_inferred', 'routing_only': True, 'source_level': 'B'}		internal_fragment	1.333334	"{""2023"":1,""2024"":1}"	FXZZ202307014;FXZZ202412006	A1/A2	pending_human_review
00fb152a686fc8681497	议程序	cross_paper_discovery	bounded_chinese_ngram_maximal_repeat	2	2	2	"{""1"":0,""2"":2,""3"":0}"	程序审查	{'confidence': 0.1, 'domain': 'unrouted', 'evidence_source': 'keyword', 'evidence_span': '除名之诉', 'label_origin': 'machine_inferred', 'routing_only': True, 'source_level': 'B'};{'confidence': 0.66, 'domain': '规范理论', 'evidence_source': 'keyword', 'evidence_span': '轻罪规范', 'label_origin': 'machine_inferred', 'routing_only': True, 'source_level': 'B'}		internal_fragment	1.166667	"{""2023"":1,""2024"":1}"	FXZZ202303007;FXZZ202401007	A1/A2	pending_human_review
d968bbf3406a0b383835	议违约	cross_paper_discovery	bounded_chinese_ngram_maximal_repeat	2	2	1;2	"{""1"":5,""2"":7,""3"":0}"	制度构建;程序审查	{'confidence': 0.1, 'domain': 'unrouted', 'evidence_source': 'keyword', 'evidence_span': '实质等同原则', 'label_origin': 'machine_inferred', 'routing_only': True, 'source_level': 'B'}		internal_fragment;low_wordhood_score	0.777778	"{""2023"":12}"	FXZZ202305009;FXZZ202309009	A1/A2	pending_human_review
a60a1f910ba0302ed15f	许可使用合同	cross_paper_discovery	bounded_chinese_ngram_maximal_repeat	3	3	1;2	"{""1"":5,""2"":4,""3"":0}"		{'confidence': 0.1, 'domain': 'unrouted', 'evidence_source': 'keyword', 'evidence_span': '撤回同意', 'label_origin': 'machine_inferred', 'routing_only': True, 'source_level': 'B'};{'confidence': 0.72, 'domain': '合同法', 'evidence_source': 'keyword', 'evidence_span': '任意解除权', 'label_origin': 'machine_inferred', 'routing_only': True, 'source_level': 'B'}		internal_fragment;low_wordhood_score	0.722222	"{""2023"":9}"	FXZZ202306005;FXZZ202311010;FXZZ202312007	A1/A2	pending_human_review
c07bef307e8a930686c8	论反思	cross_paper_discovery	bounded_chinese_ngram_maximal_repeat	7	7	1;2;3	"{""1"":3,""2"":4,""3"":1}"	权利救济;程序审查;证据证明	{'confidence': 0.1, 'domain': 'unrouted', 'evidence_source': 'keyword', 'evidence_span': '因果关系', 'label_origin': 'machine_inferred', 'routing_only': True, 'source_level': 'B'};{'confidence': 0.66, 'domain': '比较法', 'evidence_source': 'keyword', 'evidence_span': '域外适用', 'label_origin': 'machine_inferred', 'routing_only': True, 'source_level': 'B'};{'confidence': 0.68, 'domain': '程序法', 'evidence_source': 'keyword', 'evidence_span': '司法审查', 'label_origin': 'machine_inferred', 'routing_only': True, 'source_level': 'B'}		internal_fragment	2.916666	"{""2023"":6,""2024"":2}"	FXZZ202304008;FXZZ202307007;FXZZ202307008;FXZZ202308011;FXZZ202310010;FXZZ202401011;FXZZ202406011	A1/A2	pending_human_review
4ae41833091e4c2b4041	论在实	cross_paper_discovery	bounded_chinese_ngram_maximal_repeat	2	2	1	"{""1"":2,""2"":0,""3"":0}"	规范依据	{'confidence': 0.1, 'domain': 'unrouted', 'evidence_source': 'keyword', 'evidence_span': '容许的风险', 'label_origin': 'machine_inferred', 'routing_only': True, 'source_level': 'B'};{'confidence': 0.66, 'domain': '规范理论', 'evidence_source': 'keyword', 'evidence_span': '规范保护目的', 'label_origin': 'machine_inferred', 'routing_only': True, 'source_level': 'B'}		internal_fragment	1.333334	"{""2023"":1,""2024"":1}"	FXZZ202306003;FXZZ202405002	A1/A2	pending_human_review
39d8721d09a7f8185975	论的基	cross_paper_discovery	bounded_chinese_ngram_maximal_repeat	2	2	2	"{""1"":0,""2"":2,""3"":0}"		{'confidence': 0.1, 'domain': 'unrouted', 'evidence_source': 'keyword', 'evidence_span': '事实问题清单', 'label_origin': 'machine_inferred', 'routing_only': True, 'source_level': 'B'}		internal_fragment	1.333334	"{""2023"":1,""2024"":1}"	FXZZ202311010;FXZZ202407006	A1/A2	pending_human_review
c57d0e778aa3d0979117	论的批	cross_paper_discovery	bounded_chinese_ngram_maximal_repeat	3	3	2;3	"{""1"":0,""2"":2,""3"":1}"		{'confidence': 0.1, 'domain': 'unrouted', 'evidence_source': 'keyword', 'evidence_span': '不作为犯', 'label_origin': 'machine_inferred', 'routing_only': True, 'source_level': 'B'}		internal_fragment	2.0	"{""2023"":2,""2024"":1}"	FXZZ202306004;FXZZ202307003;FXZZ202407006	A1/A2	pending_human_review
a6f0b546da2efcd1352b	论的理	cross_paper_discovery	bounded_chinese_ngram_maximal_repeat	2	2	1;2	"{""1"":1,""2"":2,""3"":0}"		{'confidence': 0.1, 'domain': 'unrouted', 'evidence_source': 'keyword', 'evidence_span': '收养秩序', 'label_origin': 'machine_inferred', 'routing_only': True, 'source_level': 'B'};{'confidence': 0.72, 'domain': '合同法', 'evidence_source': 'keyword', 'evidence_span': '惩罚性违约金', 'label_origin': 'machine_inferred', 'routing_only': True, 'source_level': 'B'}		internal_fragment	1.111112	"{""2023"":1,""2024"":2}"	FXZZ202307003;FXZZ202404008	A1/A2	pending_human_review
ae201056d2a0dab84a60	论规则	cross_paper_discovery	bounded_chinese_ngram_maximal_repeat	2	2	1;3	"{""1"":1,""2"":0,""3"":1}"		{'confidence': 0.1, 'domain': 'unrouted', 'evidence_source': 'keyword', 'evidence_span': '代位', 'label_origin': 'machine_inferred', 'routing_only': True, 'source_level': 'B'}		internal_fragment	1.166667	"{""2023"":1,""2024"":1}"	FXZZ202302008;FXZZ202405003	A1/A2	pending_human_review
24e522d1e5a78a728631	设置多	cross_paper_discovery	bounded_chinese_ngram_maximal_repeat	2	2	3	"{""1"":0,""2"":0,""3"":2}"				internal_fragment	1.333334	"{""2023"":2}"	FXZZ202304014;FXZZ202311013	A1/A2	pending_human_review
12a271066c4305e4e067	设计预	cross_paper_discovery	bounded_chinese_ngram_maximal_repeat	2	2	2	"{""1"":0,""2"":2,""3"":0}"	制度构建;规范依据	{'confidence': 0.1, 'domain': 'unrouted', 'evidence_source': 'keyword', 'evidence_span': '合目的性改革', 'label_origin': 'machine_inferred', 'routing_only': True, 'source_level': 'B'}		internal_fragment	1.333334	"{""2023"":1,""2024"":1}"	FXZZ202301004;FXZZ202401006	A1/A2	pending_human_review
642390cf6fc5788f4213	证关系	cross_paper_discovery	bounded_chinese_ngram_maximal_repeat	2	2	2	"{""1"":0,""2"":2,""3"":0}"	证据证明	{'confidence': 0.1, 'domain': 'unrouted', 'evidence_source': 'keyword', 'evidence_span': '交互型研究范式', 'label_origin': 'machine_inferred', 'routing_only': True, 'source_level': 'B'}		internal_fragment	1.333334	"{""2023"":1,""2024"":1}"	FXZZ202302001;FXZZ202406010	A1/A2	pending_human_review
4a0fb75dbca275b2bf6f	证据制度	cross_paper_discovery	bounded_chinese_ngram_maximal_repeat	2	2	1;2;3	"{""1"":7,""2"":5,""3"":5}"	制度构建;权利救济;程序审查;证据证明	{'confidence': 0.1, 'domain': 'unrouted', 'evidence_source': 'keyword', 'evidence_span': '分层治理', 'label_origin': 'machine_inferred', 'routing_only': True, 'source_level': 'B'};{'confidence': 0.68, 'domain': '程序法', 'evidence_source': 'keyword', 'evidence_span': '检察公益诉讼', 'label_origin': 'machine_inferred', 'routing_only': True, 'source_level': 'B'}		internal_fragment;low_wordhood_score	0.652778	"{""2024"":9,""2026"":8}"	FXZZ202412004;FXZZ202607003	A1/A2	pending_human_review
929bcb5c3670f713300e	证据审查判断规则	cross_paper_discovery	bounded_chinese_ngram_maximal_repeat	2	2	2;3	"{""1"":0,""2"":1,""3"":2}"	权利救济;程序审查;证据证明	{'confidence': 0.1, 'domain': 'unrouted', 'evidence_source': 'keyword', 'evidence_span': '分层治理', 'label_origin': 'machine_inferred', 'routing_only': True, 'source_level': 'B'};{'confidence': 0.68, 'domain': '程序法', 'evidence_source': 'keyword', 'evidence_span': '检察公益诉讼', 'label_origin': 'machine_inferred', 'routing_only': True, 'source_level': 'B'}		low_wordhood_score	0.375	"{""2024"":1,""2026"":2}"	FXZZ202412004;FXZZ202607003	A1/A2	pending_human_review
b6f87b425517c0fbe967	证据种类规	cross_paper_discovery	bounded_chinese_ngram_maximal_repeat	2	2	2;3	"{""1"":0,""2"":1,""3"":1}"	证据证明	{'confidence': 0.1, 'domain': 'unrouted', 'evidence_source': 'keyword', 'evidence_span': '分层治理', 'label_origin': 'machine_inferred', 'routing_only': True, 'source_level': 'B'};{'confidence': 0.68, 'domain': '程序法', 'evidence_source': 'keyword', 'evidence_span': '检察公益诉讼', 'label_origin': 'machine_inferred', 'routing_only': True, 'source_level': 'B'}		internal_fragment	0.8	"{""2024"":1,""2026"":1}"	FXZZ202412004;FXZZ202607003	A1/A2	pending_human_review
e2b7bfbbc92499391c40	证据认	cross_paper_discovery	bounded_chinese_ngram_maximal_repeat	2	2	2	"{""1"":0,""2"":2,""3"":0}"	权利救济;证据证明	{'confidence': 0.1, 'domain': 'unrouted', 'evidence_source': 'keyword', 'evidence_span': '海洋环境保护', 'label_origin': 'machine_inferred', 'routing_only': True, 'source_level': 'B'};{'confidence': 0.68, 'domain': '侵权责任', 'evidence_source': 'keyword', 'evidence_span': '损害赔偿', 'label_origin': 'machine_inferred', 'routing_only': True, 'source_level': 'B'}		internal_fragment	1.333334	"{""2023"":1,""2024"":1}"	FXZZ202302013;FXZZ202412004	A1/A2	pending_human_review
4c50943255f7e7e4cb3b	证据调查	cross_paper_discovery	bounded_chinese_ngram_maximal_repeat	2	2	2	"{""1"":0,""2"":2,""3"":0}"	证据证明	{'confidence': 0.1, 'domain': 'unrouted', 'evidence_source': 'keyword', 'evidence_span': '法律适用法', 'label_origin': 'machine_inferred', 'routing_only': True, 'source_level': 'B'};{'confidence': 0.66, 'domain': '比较法', 'evidence_source': 'keyword', 'evidence_span': '域外适用', 'label_origin': 'machine_inferred', 'routing_only': True, 'source_level': 'B'}		internal_fragment	1.0	"{""2024"":2}"	FXZZ202401011;FXZZ202412004	A1/A2	pending_human_review
98f5fb6057c78316376a	证明	legal_term	config_legal_term_longest_match	8	8	1;2;3	"{""1"":8,""2"":12,""3"":19}"	制度构建;权利救济;证据证明	{'confidence': 0.1, 'domain': 'unrouted', 'evidence_source': 'keyword', 'evidence_span': '药品犯罪圈', 'label_origin': 'machine_inferred', 'routing_only': True, 'source_level': 'B'};{'confidence': 0.68, 'domain': '程序法', 'evidence_source': 'keyword', 'evidence_span': '诉讼权利', 'label_origin': 'machine_inferred', 'routing_only': True, 'source_level': 'B'}				"{""2023"":12,""2024"":16,""2026"":11}"	FXZZ202302005;FXZZ202302006;FXZZ202304009;FXZZ202404011;FXZZ202407007;FXZZ202412004;FXZZ202607003;FXZZ202607008	A1/A2	pending_human_review
6b830bb28e90cfa583f5	证明对象	cross_paper_discovery	bounded_chinese_ngram_maximal_repeat	3	3	2;3	"{""1"":0,""2"":1,""3"":2}"		{'confidence': 0.1, 'domain': 'unrouted', 'evidence_source': 'keyword', 'evidence_span': '《民法典》第561条', 'label_origin': 'machine_inferred', 'routing_only': True, 'source_level': 'B'};{'confidence': 0.68, 'domain': '程序法', 'evidence_source': 'keyword', 'evidence_span': '检察公益诉讼', 'label_origin': 'machine_inferred', 'routing_only': True, 'source_level': 'B'}		internal_fragment	1.375	"{""2024"":2,""2026"":1}"	FXZZ202407007;FXZZ202412004;FXZZ202607003	A1/A2	pending_human_review
1206b39686d50fd9e1e7	证明文件	cross_paper_discovery	bounded_chinese_ngram_maximal_repeat	2	2	1;2;3	"{""1"":3,""2"":5,""3"":1}"		{'confidence': 0.1, 'domain': 'unrouted', 'evidence_source': 'keyword', 'evidence_span': '药品犯罪圈', 'label_origin': 'machine_inferred', 'routing_only': True, 'source_level': 'B'}		internal_fragment;low_wordhood_score	0.611111	"{""2023"":9}"	FXZZ202302005;FXZZ202302006	A1/A2	pending_human_review
8ce1a5b92d3f582574a2	证明标准	cross_paper_discovery	bounded_chinese_ngram_maximal_repeat	4	4	1;2;3	"{""1"":4,""2"":2,""3"":3}"	权利救济	{'confidence': 0.1, 'domain': 'unrouted', 'evidence_source': 'keyword', 'evidence_span': '影响变量', 'label_origin': 'machine_inferred', 'routing_only': True, 'source_level': 'B'};{'confidence': 0.68, 'domain': '程序法', 'evidence_source': 'keyword', 'evidence_span': '检察公益诉讼', 'label_origin': 'machine_inferred', 'routing_only': True, 'source_level': 'B'}		internal_fragment	1.555556	"{""2024"":7,""2026"":2}"	FXZZ202404011;FXZZ202407007;FXZZ202412004;FXZZ202607003	A1/A2	pending_human_review
c43528a39179f871c094	证明责	cross_paper_discovery	bounded_chinese_ngram_maximal_repeat	3	3	2;3	"{""1"":0,""2"":2,""3"":1}"	制度构建;程序审查;证据证明	{'confidence': 0.1, 'domain': 'unrouted', 'evidence_source': 'keyword', 'evidence_span': '印证方法', 'label_origin': 'machine_inferred', 'routing_only': True, 'source_level': 'B'};{'confidence': 0.68, 'domain': '程序法', 'evidence_source': 'keyword', 'evidence_span': '检察公益诉讼', 'label_origin': 'machine_inferred', 'routing_only': True, 'source_level': 'B'}		internal_fragment	1.666667	"{""2024"":1,""2026"":2}"	FXZZ202406009;FXZZ202607003;FXZZ202607008	A1/A2	pending_human_review
6a96baa822cdf8644caa	证明责任	legal_term	config_legal_term_longest_match	3	3	2;3	"{""1"":0,""2"":2,""3"":1}"	制度构建;程序审查;证据证明	{'confidence': 0.1, 'domain': 'unrouted', 'evidence_source': 'keyword', 'evidence_span': '印证方法', 'label_origin': 'machine_inferred', 'routing_only': True, 'source_level': 'B'};{'confidence': 0.68, 'domain': '程序法', 'evidence_source': 'keyword', 'evidence_span': '检察公益诉讼', 'label_origin': 'machine_inferred', 'routing_only': True, 'source_level': 'B'}				"{""2024"":1,""2026"":2}"	FXZZ202406009;FXZZ202607003;FXZZ202607008	A1/A2	pending_human_review
d4af36d70fdeb07e3916	证明责任	legal_pattern	config_legal_pattern	3	3	2;3	"{""1"":0,""2"":2,""3"":1}"	制度构建;程序审查;证据证明	{'confidence': 0.1, 'domain': 'unrouted', 'evidence_source': 'keyword', 'evidence_span': '印证方法', 'label_origin': 'machine_inferred', 'routing_only': True, 'source_level': 'B'};{'confidence': 0.68, 'domain': '程序法', 'evidence_source': 'keyword', 'evidence_span': '检察公益诉讼', 'label_origin': 'machine_inferred', 'routing_only': True, 'source_level': 'B'}				"{""2024"":1,""2026"":2}"	FXZZ202406009;FXZZ202607003;FXZZ202607008	A1/A2	pending_human_review
1409b9e301667ce1e114	证规则	cross_paper_discovery	bounded_chinese_ngram_maximal_repeat	3	3	1;2	"{""1"":4,""2"":4,""3"":0}"	权利救济;程序审查;证据证明	{'confidence': 0.1, 'domain': 'unrouted', 'evidence_source': 'keyword', 'evidence_span': '惩罚机制', 'label_origin': 'machine_inferred', 'routing_only': True, 'source_level': 'B'}		internal_fragment	1.5	"{""2023"":4,""2024"":4}"	FXZZ202309011;FXZZ202412004;FXZZ202412013	A1/A2	pending_human_review
f6b16f93e3ad6ff42905	证责任	cross_paper_discovery	bounded_chinese_ngram_maximal_repeat	4	4	1;2;3	"{""1"":1,""2"":3,""3"":1}"	证据证明	{'confidence': 0.1, 'domain': 'unrouted', 'evidence_source': 'keyword', 'evidence_span': '案件质量回溯机制', 'label_origin': 'machine_inferred', 'routing_only': True, 'source_level': 'B'};{'confidence': 0.68, 'domain': '程序法', 'evidence_source': 'keyword', 'evidence_span': '智能辅助裁判', 'label_origin': 'machine_inferred', 'routing_only': True, 'source_level': 'B'}		internal_fragment	2.266666	"{""2024"":4,""2026"":1}"	FXZZ202401009;FXZZ202404010;FXZZ202412004;FXZZ202607003	A1/A2	pending_human_review
472eda0f3bf1b2d3dde7	证难度	cross_paper_discovery	bounded_chinese_ngram_maximal_repeat	2	2	2;3	"{""1"":0,""2"":1,""3"":1}"	程序审查;证据证明	{'confidence': 0.1, 'domain': 'unrouted', 'evidence_source': 'keyword', 'evidence_span': '惩罚机制', 'label_origin': 'machine_inferred', 'routing_only': True, 'source_level': 'B'}		internal_fragment	1.333334	"{""2023"":1,""2024"":1}"	FXZZ202309011;FXZZ202412013	A1/A2	pending_human_review
2767dd228dec7221680d	评价体系	cross_paper_discovery	bounded_chinese_ngram_maximal_repeat	2	2	1;2	"{""1"":1,""2"":1,""3"":0}"		{'confidence': 0.1, 'domain': 'unrouted', 'evidence_source': 'keyword', 'evidence_span': '税法典', 'label_origin': 'machine_inferred', 'routing_only': True, 'source_level': 'B'}		generic_container;internal_fragment	1.0	"{""2024"":1,""2026"":1}"	FXZZ202404012;FXZZ202607007	A1/A2	pending_human_review
966b94adc6c3fe70baf1	评价推	cross_paper_discovery	bounded_chinese_ngram_maximal_repeat	2	2	2	"{""1"":0,""2"":2,""3"":0}"		{'confidence': 0.1, 'domain': 'unrouted', 'evidence_source': 'keyword', 'evidence_span': '犯罪故意', 'label_origin': 'machine_inferred', 'routing_only': True, 'source_level': 'B'};{'confidence': 0.66, 'domain': '规范理论', 'evidence_source': 'keyword', 'evidence_span': '行为规范', 'label_origin': 'machine_inferred', 'routing_only': True, 'source_level': 'B'};{'confidence': 0.68, 'domain': '程序法', 'evidence_source': 'keyword', 'evidence_span': '裁判规范', 'label_origin': 'machine_inferred', 'routing_only': True, 'source_level': 'B'}		internal_fragment	1.333334	"{""2023"":2}"	FXZZ202303005;FXZZ202306002	A1/A2	pending_human_review
8142239dfe2d8cba16f0	诈骗罪	cross_paper_discovery	bounded_chinese_ngram_maximal_repeat	3	3	1;2;3	"{""1"":6,""2"":12,""3"":10}"	法律后果;规范依据	{'confidence': 0.1, 'domain': 'unrouted', 'evidence_source': 'keyword', 'evidence_span': '法条竞合', 'label_origin': 'machine_inferred', 'routing_only': True, 'source_level': 'B'}		internal_fragment	1.333333	"{""2023"":24,""2024"":4}"	FXZZ202303004;FXZZ202309007;FXZZ202407007	A1/A2	pending_human_review
2759d72f4d2b82a99600	诈骗罪既遂	cross_paper_discovery	bounded_chinese_ngram_maximal_repeat	2	2	2;3	"{""1"":0,""2"":2,""3"":2}"	规范依据	{'confidence': 0.1, 'domain': 'unrouted', 'evidence_source': 'keyword', 'evidence_span': '双轨制认定模式', 'label_origin': 'machine_inferred', 'routing_only': True, 'source_level': 'B'}		internal_fragment;low_wordhood_score	0.6	"{""2023"":3,""2024"":1}"	FXZZ202309007;FXZZ202407007	A1/A2	pending_human_review
60c60d4803bef4274616	诉讼如何	cross_paper_discovery	bounded_chinese_ngram_maximal_repeat	2	2	1;3	"{""1"":1,""2"":0,""3"":2}"	权利救济	{'confidence': 0.1, 'domain': 'unrouted', 'evidence_source': 'keyword', 'evidence_span': '外在体系', 'label_origin': 'machine_inferred', 'routing_only': True, 'source_level': 'B'}		internal_fragment	0.833333	"{""2023"":3}"	FXZZ202304010;FXZZ202309013	A1/A2	pending_human_review
bc01d6406781a7f19aae	诉讼实	cross_paper_discovery	bounded_chinese_ngram_maximal_repeat	3	3	2	"{""1"":0,""2"":4,""3"":0}"	制度构建;权利救济;程序审查;证据证明	{'confidence': 0.1, 'domain': 'unrouted', 'evidence_source': 'keyword', 'evidence_span': '缺席审判', 'label_origin': 'machine_inferred', 'routing_only': True, 'source_level': 'B'};{'confidence': 0.68, 'domain': '程序法', 'evidence_source': 'keyword', 'evidence_span': '诉讼要件', 'label_origin': 'machine_inferred', 'routing_only': True, 'source_level': 'B'}		internal_fragment	1.625	"{""2023"":2,""2024"":2}"	FXZZ202303009;FXZZ202406010;FXZZ202407011	A1/A2	pending_human_review
9a12d9fa171535e010dc	诉讼实施权	cross_paper_discovery	bounded_chinese_ngram_maximal_repeat	2	2	2	"{""1"":0,""2"":2,""3"":0}"	制度构建;权利救济	{'confidence': 0.1, 'domain': 'unrouted', 'evidence_source': 'keyword', 'evidence_span': '缺席审判', 'label_origin': 'machine_inferred', 'routing_only': True, 'source_level': 'B'};{'confidence': 0.68, 'domain': '程序法', 'evidence_source': 'keyword', 'evidence_span': '诉讼要件', 'label_origin': 'machine_inferred', 'routing_only': True, 'source_level': 'B'}		internal_fragment;low_wordhood_score	0.7	"{""2023"":1,""2024"":1}"	FXZZ202303009;FXZZ202407011	A1/A2	pending_human_review
1d0ccb8f64893922495e	诉讼服务	cross_paper_discovery	bounded_chinese_ngram_maximal_repeat	2	2	2	"{""1"":0,""2"":2,""3"":0}"	制度构建;权利救济;规范依据	{'confidence': 0.1, 'domain': 'unrouted', 'evidence_source': 'keyword', 'evidence_span': '法的安定性', 'label_origin': 'machine_inferred', 'routing_only': True, 'source_level': 'B'};{'confidence': 0.68, 'domain': '程序法', 'evidence_source': 'keyword', 'evidence_span': '正当裁判', 'label_origin': 'machine_inferred', 'routing_only': True, 'source_level': 'B'}		internal_fragment	1.0	"{""2023"":2}"	FXZZ202310002;FXZZ202312002	A1/A2	pending_human_review
05509104b73b1ea07727	诉讼程序	legal_pattern	config_legal_pattern	2	2	2	"{""1"":0,""2"":2,""3"":0}"	权利救济;程序审查;规范依据	{'confidence': 0.1, 'domain': 'unrouted', 'evidence_source': 'keyword', 'evidence_span': '预防性法律制度', 'label_origin': 'machine_inferred', 'routing_only': True, 'source_level': 'B'};{'confidence': 0.66, 'domain': '规范理论', 'evidence_source': 'keyword', 'evidence_span': '轻罪规范', 'label_origin': 'machine_inferred', 'routing_only': True, 'source_level': 'B'}				"{""2023"":1,""2024"":1}"	FXZZ202305005;FXZZ202401007	A1/A2	pending_human_review
37072cdf64e7bfd4091d	诉讼程序	cross_paper_discovery	bounded_chinese_ngram_maximal_repeat	4	4	1;2	"{""1"":3,""2"":2,""3"":0}"	权利救济;构成要件;程序审查;规范依据;证据证明	{'confidence': 0.1, 'domain': 'unrouted', 'evidence_source': 'keyword', 'evidence_span': '预防性法律制度', 'label_origin': 'machine_inferred', 'routing_only': True, 'source_level': 'B'};{'confidence': 0.66, 'domain': '比较法', 'evidence_source': 'keyword', 'evidence_span': '域外适用', 'label_origin': 'machine_inferred', 'routing_only': True, 'source_level': 'B'};{'confidence': 0.66, 'domain': '规范理论', 'evidence_source': 'keyword', 'evidence_span': '轻罪规范', 'label_origin': 'machine_inferred', 'routing_only': True, 'source_level': 'B'}		internal_fragment;lexical_support	1.7	"{""2023"":3,""2024"":2}"	FXZZ202305005;FXZZ202310011;FXZZ202401007;FXZZ202401011	A1/A2	pending_human_review
c4811848a79216409fb8	诚实信用原则	cross_paper_discovery	bounded_chinese_ngram_maximal_repeat	2	2	1;2	"{""1"":1,""2"":4,""3"":0}"		{'confidence': 0.1, 'domain': 'unrouted', 'evidence_source': 'keyword', 'evidence_span': '损失分担', 'label_origin': 'machine_inferred', 'routing_only': True, 'source_level': 'B'};{'confidence': 0.72, 'domain': '合同法', 'evidence_source': 'keyword', 'evidence_span': '合同解除', 'label_origin': 'machine_inferred', 'routing_only': True, 'source_level': 'B'}		internal_fragment;low_wordhood_score	0.566666	"{""2023"":4,""2024"":1}"	FXZZ202304007;FXZZ202404009	A1/A2	pending_human_review
c07ba794d8441be4126d	语义解释	cross_paper_discovery	bounded_chinese_ngram_maximal_repeat	2	2	1;2	"{""1"":1,""2"":4,""3"":0}"	证据证明	{'confidence': 0.1, 'domain': 'unrouted', 'evidence_source': 'keyword', 'evidence_span': '财产性利益', 'label_origin': 'machine_inferred', 'routing_only': True, 'source_level': 'B'}		internal_fragment;lexical_support;low_wordhood_score	0.65	"{""2023"":4,""2024"":1}"	FXZZ202310006;FXZZ202406010	A1/A2	pending_human_review
78efc3c2d8c0f7ba4049	语境解释	cross_paper_discovery	bounded_chinese_ngram_maximal_repeat	2	2	1;2	"{""1"":1,""2"":4,""3"":0}"		{'confidence': 0.1, 'domain': 'unrouted', 'evidence_source': 'keyword', 'evidence_span': '财产性利益', 'label_origin': 'machine_inferred', 'routing_only': True, 'source_level': 'B'}		lexical_support	0.85	"{""2023"":4,""2024"":1}"	FXZZ202310006;FXZZ202405003	A1/A2	pending_human_review
23c269c68e16dbe4a299	请求权	cross_paper_discovery	bounded_chinese_ngram_maximal_repeat	8	8	1;2;3	"{""1"":14,""2"":16,""3"":5}"	权利救济;构成要件;案例适用;法律后果;规范依据	{'confidence': 0.1, 'domain': 'unrouted', 'evidence_source': 'keyword', 'evidence_span': '受害人故意', 'label_origin': 'machine_inferred', 'routing_only': True, 'source_level': 'B'};{'confidence': 0.66, 'domain': '规范理论', 'evidence_source': 'keyword', 'evidence_span': '规范目的', 'label_origin': 'machine_inferred', 'routing_only': True, 'source_level': 'B'};{'confidence': 0.68, 'domain': '侵权责任', 'evidence_source': 'keyword', 'evidence_span': '无权代理人责任', 'label_origin': 'machine_inferred', 'routing_only': True, 'source_level': 'B'};{'confidence': 0.72, 'domain': '合同法', 'evidence_source': 'keyword', 'evidence_span': '违约金调整', 'label_origin': 'machine_inferred', 'routing_only': True, 'source_level': 'B'}		internal_fragment	3.314286	"{""2023"":24,""2024"":4,""2026"":7}"	FXZZ202301010;FXZZ202303008;FXZZ202303011;FXZZ202305009;FXZZ202308008;FXZZ202310011;FXZZ202407011;FXZZ202607006	A1/A2	pending_human_review
d3e60f3c4c99e1c1193d	请求权基础	cross_paper_discovery	bounded_chinese_ngram_maximal_repeat	2	2	1;2	"{""1"":1,""2"":3,""3"":0}"		{'confidence': 0.1, 'domain': 'unrouted', 'evidence_source': 'keyword', 'evidence_span': '受害人故意', 'label_origin': 'machine_inferred', 'routing_only': True, 'source_level': 'B'};{'confidence': 0.68, 'domain': '侵权责任', 'evidence_source': 'keyword', 'evidence_span': '无权代理人责任', 'label_origin': 'machine_inferred', 'routing_only': True, 'source_level': 'B'}		internal_fragment;low_wordhood_score	0.65	"{""2023"":1,""2024"":3}"	FXZZ202301010;FXZZ202407011	A1/A2	pending_human_review
e118be8fd68d19d7cc1e	调整对象	cross_paper_discovery	bounded_chinese_ngram_maximal_repeat	3	3	1;2	"{""1"":2,""2"":3,""3"":0}"	规范依据	{'confidence': 0.1, 'domain': 'unrouted', 'evidence_source': 'keyword', 'evidence_span': '科技宪法', 'label_origin': 'machine_inferred', 'routing_only': True, 'source_level': 'B'};{'confidence': 0.66, 'domain': '比较法', 'evidence_source': 'keyword', 'evidence_span': '国际税收协调', 'label_origin': 'machine_inferred', 'routing_only': True, 'source_level': 'B'};{'confidence': 0.68, 'domain': '程序法', 'evidence_source': 'keyword', 'evidence_span': '相互协商程序', 'label_origin': 'machine_inferred', 'routing_only': True, 'source_level': 'B'};{'confidence': 0.76, 'domain': '仲裁法', 'evidence_source': 'keyword', 'evidence_span': '税收仲裁', 'label_origin': 'machine_inferred', 'routing_only': True, 'source_level': 'B'}		internal_fragment	1.2	"{""2023"":5}"	FXZZ202302004;FXZZ202304013;FXZZ202307013	A1/A2	pending_human_review
72f282ddf70e90168e03	调查程序	cross_paper_discovery	bounded_chinese_ngram_maximal_repeat	2	2	2;3	"{""1"":0,""2"":1,""3"":1}"	制度构建;程序审查	{'confidence': 0.1, 'domain': 'unrouted', 'evidence_source': 'keyword', 'evidence_span': '法教义学', 'label_origin': 'machine_inferred', 'routing_only': True, 'source_level': 'B'}		internal_fragment	1.0	"{""2023"":2}"	FXZZ202305011;FXZZ202307007	A1/A2	pending_human_review
d93b0ab75d3c5df72f77	负面清单	cross_paper_discovery	bounded_chinese_ngram_maximal_repeat	3	3	1;2;3	"{""1"":1,""2"":1,""3"":1}"	制度构建;研究结论	{'confidence': 0.1, 'domain': 'unrouted', 'evidence_source': 'keyword', 'evidence_span': '不当联结禁止', 'label_origin': 'machine_inferred', 'routing_only': True, 'source_level': 'B'}		internal_fragment	1.375	"{""2024"":3}"	FXZZ202403004;FXZZ202404003;FXZZ202406013	A1/A2	pending_human_review
95c77c0d59bf57d0c0f1	负面清单模式	cross_paper_discovery	bounded_chinese_ngram_maximal_repeat	2	2	1;3	"{""1"":1,""2"":0,""3"":1}"	研究结论	{'confidence': 0.1, 'domain': 'unrouted', 'evidence_source': 'keyword', 'evidence_span': '不当联结禁止', 'label_origin': 'machine_inferred', 'routing_only': True, 'source_level': 'B'}		generic_container;internal_fragment;low_wordhood_score	0.666666	"{""2024"":2}"	FXZZ202403004;FXZZ202404003	A1/A2	pending_human_review
f71c97d20fbc25731ed7	财产损	cross_paper_discovery	bounded_chinese_ngram_maximal_repeat	2	2	1;2;3	"{""1"":4,""2"":6,""3"":4}"		{'confidence': 0.1, 'domain': 'unrouted', 'evidence_source': 'keyword', 'evidence_span': '双轨制认定模式', 'label_origin': 'machine_inferred', 'routing_only': True, 'source_level': 'B'}		internal_fragment	0.844445	"{""2023"":3,""2024"":11}"	FXZZ202309007;FXZZ202406009	A1/A2	pending_human_review
218fb889c415c82da0a0	财产权	cross_paper_discovery	bounded_chinese_ngram_maximal_repeat	5	5	2;3	"{""1"":0,""2"":3,""3"":6}"	制度构建;程序审查	{'confidence': 0.1, 'domain': 'unrouted', 'evidence_source': 'keyword', 'evidence_span': '刑法保障', 'label_origin': 'machine_inferred', 'routing_only': True, 'source_level': 'B'}		internal_fragment	2.583334	"{""2023"":1,""2024"":7,""2026"":1}"	FXZZ202301007;FXZZ202407013;FXZZ202412005;FXZZ202412008;FXZZ202607004	A1/A2	pending_human_review
6f3c00c0e03ded1e901a	财产行	cross_paper_discovery	bounded_chinese_ngram_maximal_repeat	2	2	3	"{""1"":0,""2"":0,""3"":2}"		{'confidence': 0.1, 'domain': 'unrouted', 'evidence_source': 'keyword', 'evidence_span': '双轨制认定模式', 'label_origin': 'machine_inferred', 'routing_only': True, 'source_level': 'B'}		internal_fragment	1.166667	"{""2023"":1,""2026"":1}"	FXZZ202309007;FXZZ202607008	A1/A2	pending_human_review
a7c898b0039f90018bcf	责任	legal_term	config_legal_term_longest_match	43	43	1;2;3	"{""1"":19,""2"":57,""3"":29}"	制度构建;构成要件;法律后果;程序审查;规范依据;证据证明	{'confidence': 0.1, 'domain': 'unrouted', 'evidence_source': 'keyword', 'evidence_span': '立法技术', 'label_origin': 'machine_inferred', 'routing_only': True, 'source_level': 'B'};{'confidence': 0.66, 'domain': '比较法', 'evidence_source': 'keyword', 'evidence_span': '国际投资条约', 'label_origin': 'machine_inferred', 'routing_only': True, 'source_level': 'B'};{'confidence': 0.66, 'domain': '规范理论', 'evidence_source': 'keyword', 'evidence_span': '行为规范', 'label_origin': 'machine_inferred', 'routing_only': True, 'source_level': 'B'};{'confidence': 0.68, 'domain': '侵权责任', 'evidence_source': 'keyword', 'evidence_span': '无权代理人责任', 'label_origin': 'machine_inferred', 'routing_only': True, 'source_level': 'B'};{'confidence': 0.68, 'domain': '程序法', 'evidence_source': 'keyword', 'evidence_span': '裁判规范', 'label_origin': 'machine_inferred', 'routing_only': True, 'source_level': 'B'};{'confidence': 0.72, 'domain': '合同法', 'evidence_source': 'keyword', 'evidence_span': '违约定金', 'label_origin': 'machine_inferred', 'routing_only': True, 'source_level': 'B'}				"{""2023"":76,""2024"":27,""2026"":2}"	FXZZ202301006;FXZZ202301010;FXZZ202301013;FXZZ202302010;FXZZ202302013;FXZZ202303004;FXZZ202303005;FXZZ202303006;FXZZ202303008;FXZZ202303012;FXZZ202304004;FXZZ202304006;FXZZ202304008;FXZZ202304012;FXZZ202305006;FXZZ202305010;FXZZ202307007;FXZZ202307008;FXZZ202308003;FXZZ202308008;FXZZ202308012;FXZZ202309012;FXZZ202310005;FXZZ202310008;FXZZ202312006;FXZZ202312007;FXZZ202401003;FXZZ202401005;FXZZ202401009;FXZZ202403003;FXZZ202403007;FXZZ202403008;FXZZ202404005;FXZZ202404009;FXZZ202404010;FXZZ202405012;FXZZ202407003;FXZZ202407011;FXZZ202412004;FXZZ202412008;FXZZ202412010;FXZZ202607003;FXZZ202607005	A1/A2	pending_human_review
1c0b8210c52bb43b1339	责任主义原则	cross_paper_discovery	bounded_chinese_ngram_maximal_repeat	2	2	2;3	"{""1"":0,""2"":1,""3"":1}"		{'confidence': 0.1, 'domain': 'unrouted', 'evidence_source': 'keyword', 'evidence_span': '犯罪故意', 'label_origin': 'machine_inferred', 'routing_only': True, 'source_level': 'B'};{'confidence': 0.66, 'domain': '规范理论', 'evidence_source': 'keyword', 'evidence_span': '行为规范', 'label_origin': 'machine_inferred', 'routing_only': True, 'source_level': 'B'};{'confidence': 0.68, 'domain': '程序法', 'evidence_source': 'keyword', 'evidence_span': '裁判规范', 'label_origin': 'machine_inferred', 'routing_only': True, 'source_level': 'B'}		internal_fragment;low_wordhood_score	0.583333	"{""2023"":2}"	FXZZ202303005;FXZZ202312006	A1/A2	pending_human_review
1aa4628f3e311dabb3b5	责任事故	cross_paper_discovery	bounded_chinese_ngram_maximal_repeat	2	2	2;3	"{""1"":0,""2"":2,""3"":1}"		{'confidence': 0.1, 'domain': 'unrouted', 'evidence_source': 'keyword', 'evidence_span': '立法技术', 'label_origin': 'machine_inferred', 'routing_only': True, 'source_level': 'B'}		internal_fragment	0.833333	"{""2023"":3}"	FXZZ202301006;FXZZ202307007	A1/A2	pending_human_review
29ce7e47fd9303743310	责任仅	cross_paper_discovery	bounded_chinese_ngram_maximal_repeat	2	2	2;3	"{""1"":0,""2"":1,""3"":1}"		{'confidence': 0.1, 'domain': 'unrouted', 'evidence_source': 'keyword', 'evidence_span': '解约定金', 'label_origin': 'machine_inferred', 'routing_only': True, 'source_level': 'B'};{'confidence': 0.68, 'domain': '侵权责任', 'evidence_source': 'keyword', 'evidence_span': '定金责任', 'label_origin': 'machine_inferred', 'routing_only': True, 'source_level': 'B'};{'confidence': 0.68, 'domain': '程序法', 'evidence_source': 'keyword', 'evidence_span': '智能辅助裁判', 'label_origin': 'machine_inferred', 'routing_only': True, 'source_level': 'B'};{'confidence': 0.72, 'domain': '合同法', 'evidence_source': 'keyword', 'evidence_span': '违约定金', 'label_origin': 'machine_inferred', 'routing_only': True, 'source_level': 'B'}		internal_fragment	1.333334	"{""2023"":1,""2024"":1}"	FXZZ202303006;FXZZ202401009	A1/A2	pending_human_review
63d741a35b937e6fc9aa	责任分	cross_paper_discovery	bounded_chinese_ngram_maximal_repeat	3	3	1;2;3	"{""1"":1,""2"":1,""3"":1}"	制度构建;证据证明	{'confidence': 0.1, 'domain': 'unrouted', 'evidence_source': 'keyword', 'evidence_span': '破产别除权', 'label_origin': 'machine_inferred', 'routing_only': True, 'source_level': 'B'}		internal_fragment	1.833333	"{""2023"":2,""2024"":1}"	FXZZ202307008;FXZZ202310005;FXZZ202404010	A1/A2	pending_human_review
ea4625749ce0c44a46d5	责任分担	cross_paper_discovery	bounded_chinese_ngram_maximal_repeat	2	2	2;3	"{""1"":0,""2"":1,""3"":1}"	制度构建	{'confidence': 0.1, 'domain': 'unrouted', 'evidence_source': 'keyword', 'evidence_span': '破产别除权', 'label_origin': 'machine_inferred', 'routing_only': True, 'source_level': 'B'}		internal_fragment	1.0	"{""2023"":2}"	FXZZ202307008;FXZZ202310005	A1/A2	pending_human_review
8140459a39d904b275af	责任制度	cross_paper_discovery	bounded_chinese_ngram_maximal_repeat	2	2	2;3	"{""1"":0,""2"":1,""3"":1}"	制度构建	{'confidence': 0.1, 'domain': 'unrouted', 'evidence_source': 'keyword', 'evidence_span': '知情权', 'label_origin': 'machine_inferred', 'routing_only': True, 'source_level': 'B'};{'confidence': 0.68, 'domain': '程序法', 'evidence_source': 'keyword', 'evidence_span': '程序问题', 'label_origin': 'machine_inferred', 'routing_only': True, 'source_level': 'B'}			1.0	"{""2023"":2}"	FXZZ202305010;FXZZ202308012	A1/A2	pending_human_review
4ceb438b162b86a9df4d	责任承	cross_paper_discovery	bounded_chinese_ngram_maximal_repeat	2	2	2;3	"{""1"":0,""2"":1,""3"":1}"	法律后果	{'confidence': 0.1, 'domain': 'unrouted', 'evidence_source': 'keyword', 'evidence_span': '私法秩序', 'label_origin': 'machine_inferred', 'routing_only': True, 'source_level': 'B'};{'confidence': 0.66, 'domain': '规范理论', 'evidence_source': 'keyword', 'evidence_span': '规范目的', 'label_origin': 'machine_inferred', 'routing_only': True, 'source_level': 'B'}		internal_fragment	1.000001	"{""2023"":1,""2024"":1}"	FXZZ202308008;FXZZ202404005	A1/A2	pending_human_review
68ff1a437e5434baad89	责任承担	legal_pattern	config_legal_pattern	2	2	2;3	"{""1"":0,""2"":1,""3"":1}"	法律后果	{'confidence': 0.1, 'domain': 'unrouted', 'evidence_source': 'keyword', 'evidence_span': '私法秩序', 'label_origin': 'machine_inferred', 'routing_only': True, 'source_level': 'B'};{'confidence': 0.66, 'domain': '规范理论', 'evidence_source': 'keyword', 'evidence_span': '规范目的', 'label_origin': 'machine_inferred', 'routing_only': True, 'source_level': 'B'}				"{""2023"":1,""2024"":1}"	FXZZ202308008;FXZZ202404005	A1/A2	pending_human_review
6f702735e7bd33371069	责任承担	legal_term	config_legal_term_longest_match	2	2	2;3	"{""1"":0,""2"":1,""3"":1}"	法律后果	{'confidence': 0.1, 'domain': 'unrouted', 'evidence_source': 'keyword', 'evidence_span': '私法秩序', 'label_origin': 'machine_inferred', 'routing_only': True, 'source_level': 'B'};{'confidence': 0.66, 'domain': '规范理论', 'evidence_source': 'keyword', 'evidence_span': '规范目的', 'label_origin': 'machine_inferred', 'routing_only': True, 'source_level': 'B'}				"{""2023"":1,""2024"":1}"	FXZZ202308008;FXZZ202404005	A1/A2	pending_human_review
cf8326209f426c9f678a	责任法	cross_paper_discovery	bounded_chinese_ngram_maximal_repeat	2	2	2	"{""1"":0,""2"":2,""3"":0}"	法律后果	{'confidence': 0.1, 'domain': 'unrouted', 'evidence_source': 'keyword', 'evidence_span': '海洋环境保护', 'label_origin': 'machine_inferred', 'routing_only': True, 'source_level': 'B'};{'confidence': 0.68, 'domain': '侵权责任', 'evidence_source': 'keyword', 'evidence_span': '损害赔偿', 'label_origin': 'machine_inferred', 'routing_only': True, 'source_level': 'B'};{'confidence': 0.72, 'domain': '合同法', 'evidence_source': 'keyword', 'evidence_span': '违约定金', 'label_origin': 'machine_inferred', 'routing_only': True, 'source_level': 'B'}		internal_fragment	1.333334	"{""2023"":2}"	FXZZ202302013;FXZZ202303006	A1/A2	pending_human_review
73f33a43133253a11029	责任的减轻	cross_paper_discovery	bounded_chinese_ngram_maximal_repeat	2	2	2;3	"{""1"":0,""2"":2,""3"":1}"	制度构建;证据证明	{'confidence': 0.1, 'domain': 'unrouted', 'evidence_source': 'keyword', 'evidence_span': '集体行动困境', 'label_origin': 'machine_inferred', 'routing_only': True, 'source_level': 'B'};{'confidence': 0.68, 'domain': '程序法', 'evidence_source': 'keyword', 'evidence_span': '检察公益诉讼谦抑性', 'label_origin': 'machine_inferred', 'routing_only': True, 'source_level': 'B'}		low_wordhood_score	0.733333	"{""2023"":2,""2026"":1}"	FXZZ202309012;FXZZ202607008	A1/A2	pending_human_review
300ee936b2e312a28774	责任的证成	cross_paper_discovery	bounded_chinese_ngram_maximal_repeat	2	2	1;2	"{""1"":1,""2"":1,""3"":0}"		{'confidence': 0.1, 'domain': 'unrouted', 'evidence_source': 'keyword', 'evidence_span': '彩礼协议', 'label_origin': 'machine_inferred', 'routing_only': True, 'source_level': 'B'};{'confidence': 0.66, 'domain': '规范理论', 'evidence_source': 'keyword', 'evidence_span': '合同法规范', 'label_origin': 'machine_inferred', 'routing_only': True, 'source_level': 'B'};{'confidence': 0.72, 'domain': '合同法', 'evidence_source': 'keyword', 'evidence_span': '合同法规范', 'label_origin': 'machine_inferred', 'routing_only': True, 'source_level': 'B'}		internal_fragment;low_wordhood_score	0.7	"{""2023"":1,""2024"":1}"	FXZZ202310008;FXZZ202403008	A1/A2	pending_human_review
7bc5de0f24d5a27d8675	责任规则	cross_paper_discovery	bounded_chinese_ngram_maximal_repeat	5	5	1;2;3	"{""1"":1,""2"":2,""3"":3}"	证据证明	{'confidence': 0.1, 'domain': 'unrouted', 'evidence_source': 'keyword', 'evidence_span': '集体行动困境', 'label_origin': 'machine_inferred', 'routing_only': True, 'source_level': 'B'};{'confidence': 0.68, 'domain': '程序法', 'evidence_source': 'keyword', 'evidence_span': '检察公益诉讼谦抑性', 'label_origin': 'machine_inferred', 'routing_only': True, 'source_level': 'B'}		internal_fragment	2.083333	"{""2023"":3,""2024"":2,""2026"":1}"	FXZZ202309012;FXZZ202310005;FXZZ202403008;FXZZ202412004;FXZZ202607003	A1/A2	pending_human_review
eea8895dc102c1fe79b4	责原则	cross_paper_discovery	bounded_chinese_ngram_maximal_repeat	2	2	1;2	"{""1"":2,""2"":2,""3"":0}"		{'confidence': 0.1, 'domain': 'unrouted', 'evidence_source': 'keyword', 'evidence_span': '法律定义', 'label_origin': 'machine_inferred', 'routing_only': True, 'source_level': 'B'};{'confidence': 0.68, 'domain': '程序法', 'evidence_source': 'keyword', 'evidence_span': '诉讼权利', 'label_origin': 'machine_inferred', 'routing_only': True, 'source_level': 'B'}		internal_fragment	1.000001	"{""2023"":4}"	FXZZ202304009;FXZZ202309006	A1/A2	pending_human_review
4ce4323fc71f8066a5c8	质犯罪	cross_paper_discovery	bounded_chinese_ngram_maximal_repeat	2	2	2;3	"{""1"":0,""2"":1,""3"":2}"		{'confidence': 0.1, 'domain': 'unrouted', 'evidence_source': 'keyword', 'evidence_span': '非法人体试验', 'label_origin': 'machine_inferred', 'routing_only': True, 'source_level': 'B'}		internal_fragment	1.111112	"{""2024"":3}"	FXZZ202404006;FXZZ202412008	A1/A2	pending_human_review
30e1341dc51bc17359a1	资源配置	cross_paper_discovery	bounded_chinese_ngram_maximal_repeat	2	2	2;3	"{""1"":0,""2"":1,""3"":1}"		{'confidence': 0.1, 'domain': 'unrouted', 'evidence_source': 'keyword', 'evidence_span': '可携带权', 'label_origin': 'machine_inferred', 'routing_only': True, 'source_level': 'B'}		internal_fragment	1.0	"{""2023"":2}"	FXZZ202301013;FXZZ202311011	A1/A2	pending_human_review
9c41c4b9dc0e1429f596	赔偿	legal_term	config_legal_term_longest_match	12	12	1;2;3	"{""1"":15,""2"":15,""3"":2}"	制度构建;权利救济;比较法;法律后果;程序审查;规范依据	{'confidence': 0.1, 'domain': 'unrouted', 'evidence_source': 'keyword', 'evidence_span': '海洋环境保护', 'label_origin': 'machine_inferred', 'routing_only': True, 'source_level': 'B'};{'confidence': 0.66, 'domain': '规范理论', 'evidence_source': 'keyword', 'evidence_span': '规范目的', 'label_origin': 'machine_inferred', 'routing_only': True, 'source_level': 'B'};{'confidence': 0.68, 'domain': '侵权责任', 'evidence_source': 'keyword', 'evidence_span': '损害赔偿', 'label_origin': 'machine_inferred', 'routing_only': True, 'source_level': 'B'};{'confidence': 0.68, 'domain': '程序法', 'evidence_source': 'keyword', 'evidence_span': '检察公益诉讼谦抑性', 'label_origin': 'machine_inferred', 'routing_only': True, 'source_level': 'B'};{'confidence': 0.72, 'domain': '合同法', 'evidence_source': 'keyword', 'evidence_span': '违约定金', 'label_origin': 'machine_inferred', 'routing_only': True, 'source_level': 'B'}				"{""2023"":23,""2024"":9}"	FXZZ202302013;FXZZ202303006;FXZZ202305009;FXZZ202308008;FXZZ202309012;FXZZ202310008;FXZZ202312007;FXZZ202312008;FXZZ202403008;FXZZ202404012;FXZZ202406009;FXZZ202407011	A1/A2	pending_human_review
8092b5c80394a314e113	赔偿责任	cross_paper_discovery	bounded_chinese_ngram_maximal_repeat	4	4	1;2	"{""1"":6,""2"":4,""3"":0}"	法律后果;规范依据	{'confidence': 0.1, 'domain': 'unrouted', 'evidence_source': 'keyword', 'evidence_span': '私法秩序', 'label_origin': 'machine_inferred', 'routing_only': True, 'source_level': 'B'};{'confidence': 0.66, 'domain': '规范理论', 'evidence_source': 'keyword', 'evidence_span': '规范目的', 'label_origin': 'machine_inferred', 'routing_only': True, 'source_level': 'B'};{'confidence': 0.72, 'domain': '合同法', 'evidence_source': 'keyword', 'evidence_span': '合同法规范', 'label_origin': 'machine_inferred', 'routing_only': True, 'source_level': 'B'}		internal_fragment	1.35	"{""2023"":5,""2024"":5}"	FXZZ202308008;FXZZ202310008;FXZZ202312007;FXZZ202403008	A1/A2	pending_human_review
4c8a3d3c91720f58bb47	赔偿责任的确定	cross_paper_discovery	bounded_chinese_ngram_maximal_repeat	2	2	1;2	"{""1"":1,""2"":1,""3"":0}"	法律后果	{'confidence': 0.1, 'domain': 'unrouted', 'evidence_source': 'keyword', 'evidence_span': '私法秩序', 'label_origin': 'machine_inferred', 'routing_only': True, 'source_level': 'B'};{'confidence': 0.66, 'domain': '规范理论', 'evidence_source': 'keyword', 'evidence_span': '规范目的', 'label_origin': 'machine_inferred', 'routing_only': True, 'source_level': 'B'}		internal_fragment;low_wordhood_score	0.571428	"{""2023"":1,""2024"":1}"	FXZZ202308008;FXZZ202403008	A1/A2	pending_human_review
b247521d77044a0fd8b0	路径一	cross_paper_discovery	bounded_chinese_ngram_maximal_repeat	2	2	2;3	"{""1"":0,""2"":1,""3"":2}"	制度构建	{'confidence': 0.1, 'domain': 'unrouted', 'evidence_source': 'keyword', 'evidence_span': '合法利益', 'label_origin': 'machine_inferred', 'routing_only': True, 'source_level': 'B'};{'confidence': 0.66, 'domain': '比较法', 'evidence_source': 'keyword', 'evidence_span': '域外适用', 'label_origin': 'machine_inferred', 'routing_only': True, 'source_level': 'B'}		generic_container	0.888889	"{""2024"":3}"	FXZZ202401012;FXZZ202407013	A1/A2	pending_human_review
ded87d73492a79df4548	路径二	cross_paper_discovery	bounded_chinese_ngram_maximal_repeat	2	2	2;3	"{""1"":0,""2"":1,""3"":2}"		{'confidence': 0.1, 'domain': 'unrouted', 'evidence_source': 'keyword', 'evidence_span': '合法利益', 'label_origin': 'machine_inferred', 'routing_only': True, 'source_level': 'B'};{'confidence': 0.66, 'domain': '比较法', 'evidence_source': 'keyword', 'evidence_span': '域外适用', 'label_origin': 'machine_inferred', 'routing_only': True, 'source_level': 'B'}		generic_container	0.888889	"{""2024"":3}"	FXZZ202401012;FXZZ202407013	A1/A2	pending_human_review
cb6504f49244c2e48053	路径选择	cross_paper_discovery	bounded_chinese_ngram_maximal_repeat	5	5	1;2	"{""1"":5,""2"":1,""3"":0}"	制度构建	{'confidence': 0.1, 'domain': 'unrouted', 'evidence_source': 'keyword', 'evidence_span': '法的安定性', 'label_origin': 'machine_inferred', 'routing_only': True, 'source_level': 'B'};{'confidence': 0.66, 'domain': '规范理论', 'evidence_source': 'keyword', 'evidence_span': '轻罪规范', 'label_origin': 'machine_inferred', 'routing_only': True, 'source_level': 'B'};{'confidence': 0.68, 'domain': '程序法', 'evidence_source': 'keyword', 'evidence_span': '正当裁判', 'label_origin': 'machine_inferred', 'routing_only': True, 'source_level': 'B'}		generic_container;internal_fragment	1.770833	"{""2023"":3,""2024"":2,""2025"":1}"	FXZZ202301013;FXZZ202310002;FXZZ202401007;FXZZ202407013;FXZZ202501001	A1/A2	pending_human_review
5fc665549861d05463ab	身份属性	cross_paper_discovery	bounded_chinese_ngram_maximal_repeat	3	3	2;3	"{""1"":0,""2"":2,""3"":1}"	制度构建	{'confidence': 0.1, 'domain': 'unrouted', 'evidence_source': 'keyword', 'evidence_span': '法律修正功能', 'label_origin': 'machine_inferred', 'routing_only': True, 'source_level': 'B'}		internal_fragment	1.5	"{""2023"":3}"	FXZZ202309009;FXZZ202311003;FXZZ202311012	A1/A2	pending_human_review
6434e5dfca1d6033db2a	身的规	cross_paper_discovery	bounded_chinese_ngram_maximal_repeat	2	2	3	"{""1"":0,""2"":0,""3"":2}"	制度构建;规范依据	{'confidence': 0.1, 'domain': 'unrouted', 'evidence_source': 'keyword', 'evidence_span': '实质违法性', 'label_origin': 'machine_inferred', 'routing_only': True, 'source_level': 'B'};{'confidence': 0.72, 'domain': '合同法', 'evidence_source': 'keyword', 'evidence_span': '可诉请履行性', 'label_origin': 'machine_inferred', 'routing_only': True, 'source_level': 'B'}		internal_fragment	1.333334	"{""2024"":2}"	FXZZ202412006;FXZZ202412009	A1/A2	pending_human_review
67ac32a845f31075839f	过失责任	cross_paper_discovery	bounded_chinese_ngram_maximal_repeat	3	3	1;2;3	"{""1"":1,""2"":3,""3"":1}"		{'confidence': 0.1, 'domain': 'unrouted', 'evidence_source': 'keyword', 'evidence_span': '受害人故意', 'label_origin': 'machine_inferred', 'routing_only': True, 'source_level': 'B'};{'confidence': 0.66, 'domain': '规范理论', 'evidence_source': 'keyword', 'evidence_span': '合同法规范', 'label_origin': 'machine_inferred', 'routing_only': True, 'source_level': 'B'};{'confidence': 0.68, 'domain': '侵权责任', 'evidence_source': 'keyword', 'evidence_span': '无权代理人责任', 'label_origin': 'machine_inferred', 'routing_only': True, 'source_level': 'B'};{'confidence': 0.72, 'domain': '合同法', 'evidence_source': 'keyword', 'evidence_span': '合同法规范', 'label_origin': 'machine_inferred', 'routing_only': True, 'source_level': 'B'}		internal_fragment;lexical_support	1.1875	"{""2023"":5}"	FXZZ202301010;FXZZ202305006;FXZZ202310008	A1/A2	pending_human_review
2c672c73f20217d03052	过法律	cross_paper_discovery	bounded_chinese_ngram_maximal_repeat	2	2	1;2;3	"{""1"":1,""2"":2,""3"":3}"		{'confidence': 0.1, 'domain': 'unrouted', 'evidence_source': 'keyword', 'evidence_span': '犯罪情节', 'label_origin': 'machine_inferred', 'routing_only': True, 'source_level': 'B'};{'confidence': 0.68, 'domain': '程序法', 'evidence_source': 'keyword', 'evidence_span': '核准程序', 'label_origin': 'machine_inferred', 'routing_only': True, 'source_level': 'B'}		internal_fragment	0.888889	"{""2023"":3,""2024"":3}"	FXZZ202307005;FXZZ202404003	A1/A2	pending_human_review
444d67b3b6e0d542ea3b	过渡期	cross_paper_discovery	bounded_chinese_ngram_maximal_repeat	2	2	1;2	"{""1"":4,""2"":6,""3"":0}"		{'confidence': 0.1, 'domain': 'unrouted', 'evidence_source': 'keyword', 'evidence_span': '证据调查', 'label_origin': 'machine_inferred', 'routing_only': True, 'source_level': 'B'};{'confidence': 0.68, 'domain': '程序法', 'evidence_source': 'keyword', 'evidence_span': '诉讼要件', 'label_origin': 'machine_inferred', 'routing_only': True, 'source_level': 'B'}		internal_fragment	0.9	"{""2024"":10}"	FXZZ202401010;FXZZ202406013	A1/A2	pending_human_review
2e99c453ac98fde3a8be	过错的认定	cross_paper_discovery	bounded_chinese_ngram_maximal_repeat	3	3	1;2	"{""1"":1,""2"":3,""3"":0}"		{'confidence': 0.1, 'domain': 'unrouted', 'evidence_source': 'keyword', 'evidence_span': '受害人故意', 'label_origin': 'machine_inferred', 'routing_only': True, 'source_level': 'B'};{'confidence': 0.66, 'domain': '规范理论', 'evidence_source': 'keyword', 'evidence_span': '规范目的', 'label_origin': 'machine_inferred', 'routing_only': True, 'source_level': 'B'};{'confidence': 0.68, 'domain': '侵权责任', 'evidence_source': 'keyword', 'evidence_span': '无权代理人责任', 'label_origin': 'machine_inferred', 'routing_only': True, 'source_level': 'B'}		lexical_support	0.975	"{""2023"":3,""2024"":1}"	FXZZ202301010;FXZZ202308008;FXZZ202407009	A1/A2	pending_human_review
a6e4ee1828a5a2c4b9c4	过错的认定	legal_pattern	config_legal_pattern	2	2	1;2	"{""1"":1,""2"":1,""3"":0}"		{'confidence': 0.1, 'domain': 'unrouted', 'evidence_source': 'keyword', 'evidence_span': '私法秩序', 'label_origin': 'machine_inferred', 'routing_only': True, 'source_level': 'B'};{'confidence': 0.66, 'domain': '规范理论', 'evidence_source': 'keyword', 'evidence_span': '规范目的', 'label_origin': 'machine_inferred', 'routing_only': True, 'source_level': 'B'}				"{""2023"":1,""2024"":1}"	FXZZ202308008;FXZZ202407009	A1/A2	pending_human_review
1c8abedfe85a92870e58	过错认定	cross_paper_discovery	bounded_chinese_ngram_maximal_repeat	2	2	2;3	"{""1"":0,""2"":1,""3"":1}"		{'confidence': 0.1, 'domain': 'unrouted', 'evidence_source': 'keyword', 'evidence_span': '罪量要素', 'label_origin': 'machine_inferred', 'routing_only': True, 'source_level': 'B'}		internal_fragment;lexical_support	1.0	"{""2023"":1,""2024"":1}"	FXZZ202304004;FXZZ202407009	A1/A2	pending_human_review
b0471642ff6f6f1b25fd	运用场	cross_paper_discovery	bounded_chinese_ngram_maximal_repeat	2	2	2;3	"{""1"":0,""2"":2,""3"":1}"		{'confidence': 0.1, 'domain': 'unrouted', 'evidence_source': 'keyword', 'evidence_span': '法律方法', 'label_origin': 'machine_inferred', 'routing_only': True, 'source_level': 'B'};{'confidence': 0.68, 'domain': '程序法', 'evidence_source': 'keyword', 'evidence_span': '裁判要点', 'label_origin': 'machine_inferred', 'routing_only': True, 'source_level': 'B'}		internal_fragment	1.222223	"{""2023"":2,""2024"":1}"	FXZZ202302002;FXZZ202405003	A1/A2	pending_human_review
268766f9ccc5a01fb3d5	运行方式	cross_paper_discovery	bounded_chinese_ngram_maximal_repeat	2	2	2;3	"{""1"":0,""2"":2,""3"":1}"		{'confidence': 0.1, 'domain': 'unrouted', 'evidence_source': 'keyword', 'evidence_span': '法律工程运行', 'label_origin': 'machine_inferred', 'routing_only': True, 'source_level': 'B'}		internal_fragment	0.916667	"{""2023"":3}"	FXZZ202312001;FXZZ202312003	A1/A2	pending_human_review
2a1a9bc8d153298f07a8	进一步	cross_paper_discovery	bounded_chinese_ngram_maximal_repeat	7	7	1;2;3	"{""1"":1,""2"":5,""3"":4}"	程序审查;证据证明	{'confidence': 0.1, 'domain': 'unrouted', 'evidence_source': 'keyword', 'evidence_span': '刑法保障', 'label_origin': 'machine_inferred', 'routing_only': True, 'source_level': 'B'};{'confidence': 0.72, 'domain': '合同法', 'evidence_source': 'keyword', 'evidence_span': '可诉请履行性', 'label_origin': 'machine_inferred', 'routing_only': True, 'source_level': 'B'}		internal_fragment	3.849999	"{""2023"":4,""2024"":6}"	FXZZ202301007;FXZZ202308013;FXZZ202310012;FXZZ202406006;FXZZ202406010;FXZZ202407006;FXZZ202412009	A1/A2	pending_human_review
8e955e835c8d5df2924d	进个人	cross_paper_discovery	bounded_chinese_ngram_maximal_repeat	2	2	2	"{""1"":0,""2"":2,""3"":0}"	制度构建	{'confidence': 0.1, 'domain': 'unrouted', 'evidence_source': 'keyword', 'evidence_span': '多元立法模式', 'label_origin': 'machine_inferred', 'routing_only': True, 'source_level': 'B'}		internal_fragment	1.333334	"{""2023"":2}"	FXZZ202311006;FXZZ202312010	A1/A2	pending_human_review
c2db7f3cb40e0d233fb6	进行解释	cross_paper_discovery	bounded_chinese_ngram_maximal_repeat	2	2	2	"{""1"":0,""2"":2,""3"":0}"		{'confidence': 0.1, 'domain': 'unrouted', 'evidence_source': 'keyword', 'evidence_span': '司法酌减', 'label_origin': 'machine_inferred', 'routing_only': True, 'source_level': 'B'};{'confidence': 0.72, 'domain': '合同法', 'evidence_source': 'keyword', 'evidence_span': '违约金', 'label_origin': 'machine_inferred', 'routing_only': True, 'source_level': 'B'}		internal_fragment	1.0	"{""2023"":1,""2024"":1}"	FXZZ202309008;FXZZ202405003	A1/A2	pending_human_review
dbf0c389b9fa3f2eb8a4	违法与犯罪	cross_paper_discovery	bounded_chinese_ngram_maximal_repeat	2	2	3	"{""1"":0,""2"":0,""3"":2}"		{'confidence': 0.1, 'domain': 'unrouted', 'evidence_source': 'keyword', 'evidence_span': '刑法保障', 'label_origin': 'machine_inferred', 'routing_only': True, 'source_level': 'B'}		internal_fragment	0.8	"{""2023"":1,""2024"":1}"	FXZZ202301007;FXZZ202407007	A1/A2	pending_human_review
4c4f61db41ad7f4e0c6a	违法性	cross_paper_discovery	bounded_chinese_ngram_maximal_repeat	8	8	1;2;3	"{""1"":3,""2"":9,""3"":4}"		{'confidence': 0.1, 'domain': 'unrouted', 'evidence_source': 'keyword', 'evidence_span': '犯罪故意', 'label_origin': 'machine_inferred', 'routing_only': True, 'source_level': 'B'};{'confidence': 0.66, 'domain': '规范理论', 'evidence_source': 'keyword', 'evidence_span': '行为规范', 'label_origin': 'machine_inferred', 'routing_only': True, 'source_level': 'B'};{'confidence': 0.68, 'domain': '侵权责任', 'evidence_source': 'keyword', 'evidence_span': '直接责任人员', 'label_origin': 'machine_inferred', 'routing_only': True, 'source_level': 'B'};{'confidence': 0.68, 'domain': '程序法', 'evidence_source': 'keyword', 'evidence_span': '裁判规范', 'label_origin': 'machine_inferred', 'routing_only': True, 'source_level': 'B'}		internal_fragment	3.929825	"{""2023"":7,""2024"":9}"	FXZZ202303005;FXZZ202304004;FXZZ202304005;FXZZ202304009;FXZZ202309006;FXZZ202407006;FXZZ202412007;FXZZ202412008	A1/A2	pending_human_review
5bf5707ebbe34e340e9f	违法性判断	cross_paper_discovery	bounded_chinese_ngram_maximal_repeat	2	2	1;2	"{""1"":1,""2"":1,""3"":0}"		{'confidence': 0.1, 'domain': 'unrouted', 'evidence_source': 'keyword', 'evidence_span': '罪量要素', 'label_origin': 'machine_inferred', 'routing_only': True, 'source_level': 'B'}		internal_fragment;low_wordhood_score	0.7	"{""2023"":1,""2024"":1}"	FXZZ202304004;FXZZ202407006	A1/A2	pending_human_review
4af005d5f683516a14f2	违法行	cross_paper_discovery	bounded_chinese_ngram_maximal_repeat	3	3	2;3	"{""1"":0,""2"":1,""3"":2}"		{'confidence': 0.1, 'domain': 'unrouted', 'evidence_source': 'keyword', 'evidence_span': '法律运作', 'label_origin': 'machine_inferred', 'routing_only': True, 'source_level': 'B'};{'confidence': 0.68, 'domain': '程序法', 'evidence_source': 'keyword', 'evidence_span': '检察公益诉讼', 'label_origin': 'machine_inferred', 'routing_only': True, 'source_level': 'B'}		internal_fragment	1.666667	"{""2023"":2,""2026"":1}"	FXZZ202301002;FXZZ202309005;FXZZ202607003	A1/A2	pending_human_review
9d6b171aef2247d6def1	违约	legal_term	config_legal_term_longest_match	8	8	1;2;3	"{""1"":19,""2"":23,""3"":7}"	制度构建;案例适用;程序审查;规范依据	{'confidence': 0.1, 'domain': 'unrouted', 'evidence_source': 'keyword', 'evidence_span': '解约定金', 'label_origin': 'machine_inferred', 'routing_only': True, 'source_level': 'B'};{'confidence': 0.68, 'domain': '侵权责任', 'evidence_source': 'keyword', 'evidence_span': '定金责任', 'label_origin': 'machine_inferred', 'routing_only': True, 'source_level': 'B'};{'confidence': 0.72, 'domain': '合同法', 'evidence_source': 'keyword', 'evidence_span': '违约定金', 'label_origin': 'machine_inferred', 'routing_only': True, 'source_level': 'B'}				"{""2023"":26,""2024"":13,""2026"":10}"	FXZZ202303006;FXZZ202304007;FXZZ202305009;FXZZ202309009;FXZZ202312010;FXZZ202404009;FXZZ202404010;FXZZ202607006	A1/A2	pending_human_review
dafc2b0b870cf9419a2a	违约方	cross_paper_discovery	bounded_chinese_ngram_maximal_repeat	2	2	1;3	"{""1"":2,""2"":0,""3"":2}"	制度构建	{'confidence': 0.1, 'domain': 'unrouted', 'evidence_source': 'keyword', 'evidence_span': '实质等同原则', 'label_origin': 'machine_inferred', 'routing_only': True, 'source_level': 'B'}		internal_fragment	1.250001	"{""2023"":1,""2024"":3}"	FXZZ202305009;FXZZ202404010	A1/A2	pending_human_review
5fc21df364ef225debd0	违约金	cross_paper_discovery	bounded_chinese_ngram_maximal_repeat	4	4	1;2;3	"{""1"":11,""2"":18,""3"":3}"	制度构建;案例适用;程序审查	{'confidence': 0.1, 'domain': 'unrouted', 'evidence_source': 'keyword', 'evidence_span': '损失分担', 'label_origin': 'machine_inferred', 'routing_only': True, 'source_level': 'B'};{'confidence': 0.72, 'domain': '合同法', 'evidence_source': 'keyword', 'evidence_span': '合同解除', 'label_origin': 'machine_inferred', 'routing_only': True, 'source_level': 'B'}		internal_fragment	1.797979	"{""2023"":15,""2024"":10,""2026"":7}"	FXZZ202304007;FXZZ202309009;FXZZ202404009;FXZZ202607006	A1/A2	pending_human_review
2b23972c86b10672b77c	违约金制度	cross_paper_discovery	bounded_chinese_ngram_maximal_repeat	2	2	2;3	"{""1"":0,""2"":1,""3"":1}"	制度构建	{'confidence': 0.1, 'domain': 'unrouted', 'evidence_source': 'keyword', 'evidence_span': '法律修正功能', 'label_origin': 'machine_inferred', 'routing_only': True, 'source_level': 'B'};{'confidence': 0.72, 'domain': '合同法', 'evidence_source': 'keyword', 'evidence_span': '合同解除', 'label_origin': 'machine_inferred', 'routing_only': True, 'source_level': 'B'}		internal_fragment	0.8	"{""2023"":1,""2024"":1}"	FXZZ202309009;FXZZ202404009	A1/A2	pending_human_review
324dbf081d33ab74ed54	违约金司法酌减	cross_paper_discovery	bounded_chinese_ngram_maximal_repeat	2	2	1;2	"{""1"":2,""2"":4,""3"":0}"	制度构建	{'confidence': 0.1, 'domain': 'unrouted', 'evidence_source': 'keyword', 'evidence_span': '法律修正功能', 'label_origin': 'machine_inferred', 'routing_only': True, 'source_level': 'B'};{'confidence': 0.72, 'domain': '合同法', 'evidence_source': 'keyword', 'evidence_span': '合同解除', 'label_origin': 'machine_inferred', 'routing_only': True, 'source_level': 'B'}		internal_fragment;low_wordhood_score	0.452381	"{""2023"":1,""2024"":5}"	FXZZ202309009;FXZZ202404009	A1/A2	pending_human_review
3b090d5e5755d59810eb	连带责任	cross_paper_discovery	bounded_chinese_ngram_maximal_repeat	2	2	3	"{""1"":0,""2"":0,""3"":2}"		{'confidence': 0.1, 'domain': 'unrouted', 'evidence_source': 'keyword', 'evidence_span': '破产别除权', 'label_origin': 'machine_inferred', 'routing_only': True, 'source_level': 'B'};{'confidence': 0.68, 'domain': '程序法', 'evidence_source': 'keyword', 'evidence_span': '智能辅助裁判', 'label_origin': 'machine_inferred', 'routing_only': True, 'source_level': 'B'}		internal_fragment;lexical_support	1.0	"{""2023"":1,""2024"":1}"	FXZZ202307008;FXZZ202401009	A1/A2	pending_human_review
9d6e2c50e250fa4f3ba5	适度干预	cross_paper_discovery	bounded_chinese_ngram_maximal_repeat	2	2	2;3	"{""1"":0,""2"":1,""3"":1}"		{'confidence': 0.1, 'domain': 'unrouted', 'evidence_source': 'keyword', 'evidence_span': '适度干预', 'label_origin': 'machine_inferred', 'routing_only': True, 'source_level': 'B'}		internal_fragment	1.0	"{""2023"":2}"	FXZZ202301012;FXZZ202312010	A1/A2	pending_human_review
e41c40b3b3d5ce7df17c	适当性	cross_paper_discovery	bounded_chinese_ngram_maximal_repeat	2	2	1;3	"{""1"":1,""2"":0,""3"":1}"	权利救济	{'confidence': 0.1, 'domain': 'unrouted', 'evidence_source': 'keyword', 'evidence_span': '因果关系', 'label_origin': 'machine_inferred', 'routing_only': True, 'source_level': 'B'}		internal_fragment	1.333334	"{""2023"":2}"	FXZZ202304008;FXZZ202309013	A1/A2	pending_human_review
201536653dbf5b4ece6e	适用	legal_term	config_legal_term_longest_match	71	71	1;2;3	"{""1"":53,""2"":105,""3"":50}"	制度构建;权利救济;构成要件;比较法;法律后果;程序审查;规范依据;证据证明	{'confidence': 0.1, 'domain': 'unrouted', 'evidence_source': 'keyword', 'evidence_span': '利益衡量', 'label_origin': 'machine_inferred', 'routing_only': True, 'source_level': 'B'};{'confidence': 0.66, 'domain': '比较法', 'evidence_source': 'keyword', 'evidence_span': '国际投资条约', 'label_origin': 'machine_inferred', 'routing_only': True, 'source_level': 'B'};{'confidence': 0.66, 'domain': '规范理论', 'evidence_source': 'keyword', 'evidence_span': '规范自身平等', 'label_origin': 'machine_inferred', 'routing_only': True, 'source_level': 'B'};{'confidence': 0.68, 'domain': '侵权责任', 'evidence_source': 'keyword', 'evidence_span': '无权代理人责任', 'label_origin': 'machine_inferred', 'routing_only': True, 'source_level': 'B'};{'confidence': 0.68, 'domain': '程序法', 'evidence_source': 'keyword', 'evidence_span': '裁判要点', 'label_origin': 'machine_inferred', 'routing_only': True, 'source_level': 'B'};{'confidence': 0.72, 'domain': '合同法', 'evidence_source': 'keyword', 'evidence_span': '违约定金', 'label_origin': 'machine_inferred', 'routing_only': True, 'source_level': 'B'}				"{""2023"":134,""2024"":64,""2026"":10}"	FXZZ202301005;FXZZ202301006;FXZZ202301008;FXZZ202301010;FXZZ202301012;FXZZ202302002;FXZZ202302003;FXZZ202302004;FXZZ202302005;FXZZ202302011;FXZZ202303006;FXZZ202303007;FXZZ202303012;FXZZ202304004;FXZZ202305006;FXZZ202305008;FXZZ202306006;FXZZ202306007;FXZZ202306011;FXZZ202307005;FXZZ202307006;FXZZ202307008;FXZZ202307013;FXZZ202308005;FXZZ202308007;FXZZ202308008;FXZZ202308011;FXZZ202308013;FXZZ202309003;FXZZ202309005;FXZZ202309009;FXZZ202309010;FXZZ202309013;FXZZ202310009;FXZZ202310010;FXZZ202310013;FXZZ202311007;FXZZ202311009;FXZZ202311011;FXZZ202312004;FXZZ202312007;FXZZ202312010;FXZZ202312011;FXZZ202401004;FXZZ202401005;FXZZ202401007;FXZZ202401008;FXZZ202401012;FXZZ202401013;FXZZ202403008;FXZZ202403010;FXZZ202404007;FXZZ202404011;FXZZ202405004;FXZZ202405007;FXZZ202406004;FXZZ202406007;FXZZ202406009;FXZZ202406011;FXZZ202406012;FXZZ202407003;FXZZ202407004;FXZZ202407007;FXZZ202407008;FXZZ202407012;FXZZ202407013;FXZZ202412005;FXZZ202412009;FXZZ202607005;FXZZ202607006;FXZZ202607008	A1/A2	pending_human_review
55f695bc4ce5cccb7d5a	适用一般	cross_paper_discovery	bounded_chinese_ngram_maximal_repeat	2	2	2	"{""1"":0,""2"":5,""3"":0}"		{'confidence': 0.1, 'domain': 'unrouted', 'evidence_source': 'keyword', 'evidence_span': '利益衡量', 'label_origin': 'machine_inferred', 'routing_only': True, 'source_level': 'B'}		internal_fragment	0.85	"{""2023"":5}"	FXZZ202301005;FXZZ202301012	A1/A2	pending_human_review
952e954e5c95f86cefd7	适用前提	cross_paper_discovery	bounded_chinese_ngram_maximal_repeat	2	2	1;2	"{""1"":1,""2"":1,""3"":0}"	权利救济	{'confidence': 0.1, 'domain': 'unrouted', 'evidence_source': 'keyword', 'evidence_span': '司法鉴定标准化', 'label_origin': 'machine_inferred', 'routing_only': True, 'source_level': 'B'};{'confidence': 0.68, 'domain': '程序法', 'evidence_source': 'keyword', 'evidence_span': '审查认证规则', 'label_origin': 'machine_inferred', 'routing_only': True, 'source_level': 'B'}		internal_fragment	0.875	"{""2023"":2}"	FXZZ202309010;FXZZ202309013	A1/A2	pending_human_review
5cd621def765b185c143	适用困境	cross_paper_discovery	bounded_chinese_ngram_maximal_repeat	2	2	2	"{""1"":0,""2"":2,""3"":0}"	规范依据	{'confidence': 0.1, 'domain': 'unrouted', 'evidence_source': 'keyword', 'evidence_span': '刑法处罚早期化', 'label_origin': 'machine_inferred', 'routing_only': True, 'source_level': 'B'}		internal_fragment;low_wordhood_score	0.75	"{""2023"":2}"	FXZZ202308005;FXZZ202310013	A1/A2	pending_human_review
a295f6fada0e732856f6	适用场景	cross_paper_discovery	bounded_chinese_ngram_maximal_repeat	2	2	1;2;3	"{""1"":1,""2"":1,""3"":1}"	规范依据	{'confidence': 0.1, 'domain': 'unrouted', 'evidence_source': 'keyword', 'evidence_span': '信息自决', 'label_origin': 'machine_inferred', 'routing_only': True, 'source_level': 'B'};{'confidence': 0.72, 'domain': '合同法', 'evidence_source': 'keyword', 'evidence_span': '合同自由', 'label_origin': 'machine_inferred', 'routing_only': True, 'source_level': 'B'}		internal_fragment	0.916667	"{""2023"":1,""2026"":2}"	FXZZ202306006;FXZZ202607006	A1/A2	pending_human_review
60b88a4844e747a9ca65	适用基	cross_paper_discovery	bounded_chinese_ngram_maximal_repeat	2	2	1;2	"{""1"":1,""2"":1,""3"":0}"	比较法;程序审查	{'confidence': 0.1, 'domain': 'unrouted', 'evidence_source': 'keyword', 'evidence_span': '合法利益', 'label_origin': 'machine_inferred', 'routing_only': True, 'source_level': 'B'};{'confidence': 0.66, 'domain': '比较法', 'evidence_source': 'keyword', 'evidence_span': '域外适用', 'label_origin': 'machine_inferred', 'routing_only': True, 'source_level': 'B'}		internal_fragment	1.333334	"{""2023"":1,""2024"":1}"	FXZZ202308013;FXZZ202401012	A1/A2	pending_human_review
6b442ad3f52ad4778248	适用层	cross_paper_discovery	bounded_chinese_ngram_maximal_repeat	2	2	2	"{""1"":0,""2"":3,""3"":0}"	程序审查	{'confidence': 0.1, 'domain': 'unrouted', 'evidence_source': 'keyword', 'evidence_span': '污染环境罪', 'label_origin': 'machine_inferred', 'routing_only': True, 'source_level': 'B'}		internal_fragment	1.111112	"{""2023"":2,""2024"":1}"	FXZZ202309005;FXZZ202412005	A1/A2	pending_human_review
15da17aa19f3b6b97d1e	适用应当	cross_paper_discovery	bounded_chinese_ngram_maximal_repeat	2	2	2	"{""1"":0,""2"":2,""3"":0}"	规范依据	{'confidence': 0.1, 'domain': 'unrouted', 'evidence_source': 'keyword', 'evidence_span': '加速到期', 'label_origin': 'machine_inferred', 'routing_only': True, 'source_level': 'B'};{'confidence': 0.68, 'domain': '程序法', 'evidence_source': 'keyword', 'evidence_span': '保证债务诉讼时效', 'label_origin': 'machine_inferred', 'routing_only': True, 'source_level': 'B'}		internal_fragment	1.0	"{""2023"":1,""2024"":1}"	FXZZ202308007;FXZZ202401008	A1/A2	pending_human_review
43fc70b33bc0e36cc7cb	适用情	cross_paper_discovery	bounded_chinese_ngram_maximal_repeat	2	2	2;3	"{""1"":0,""2"":2,""3"":1}"	权利救济;程序审查	{'confidence': 0.1, 'domain': 'unrouted', 'evidence_source': 'keyword', 'evidence_span': '司法鉴定标准化', 'label_origin': 'machine_inferred', 'routing_only': True, 'source_level': 'B'};{'confidence': 0.66, 'domain': '规范理论', 'evidence_source': 'keyword', 'evidence_span': '轻罪规范', 'label_origin': 'machine_inferred', 'routing_only': True, 'source_level': 'B'};{'confidence': 0.68, 'domain': '程序法', 'evidence_source': 'keyword', 'evidence_span': '审查认证规则', 'label_origin': 'machine_inferred', 'routing_only': True, 'source_level': 'B'}		internal_fragment	1.111112	"{""2023"":2,""2024"":1}"	FXZZ202309010;FXZZ202401007	A1/A2	pending_human_review
0d2375060d69e2267aae	适用我国	cross_paper_discovery	bounded_chinese_ngram_maximal_repeat	2	2	2;3	"{""1"":0,""2"":1,""3"":1}"		{'confidence': 0.1, 'domain': 'unrouted', 'evidence_source': 'keyword', 'evidence_span': '疏明', 'label_origin': 'machine_inferred', 'routing_only': True, 'source_level': 'B'};{'confidence': 0.66, 'domain': '比较法', 'evidence_source': 'keyword', 'evidence_span': '域外适用', 'label_origin': 'machine_inferred', 'routing_only': True, 'source_level': 'B'};{'confidence': 0.68, 'domain': '程序法', 'evidence_source': 'keyword', 'evidence_span': '司法审查', 'label_origin': 'machine_inferred', 'routing_only': True, 'source_level': 'B'}		internal_fragment	1.0	"{""2023"":1,""2024"":1}"	FXZZ202310010;FXZZ202401012	A1/A2	pending_human_review
d2b7ca66ff2ab428691b	适用方	cross_paper_discovery	bounded_chinese_ngram_maximal_repeat	2	2	1;2	"{""1"":1,""2"":1,""3"":0}"		{'confidence': 0.1, 'domain': 'unrouted', 'evidence_source': 'keyword', 'evidence_span': '不合理的对待', 'label_origin': 'machine_inferred', 'routing_only': True, 'source_level': 'B'};{'confidence': 0.66, 'domain': '规范理论', 'evidence_source': 'keyword', 'evidence_span': '规范自身平等', 'label_origin': 'machine_inferred', 'routing_only': True, 'source_level': 'B'}		internal_fragment	1.333334	"{""2023"":2}"	FXZZ202302003;FXZZ202311009	A1/A2	pending_human_review
59dc2a415a6c87074ac9	适用本	cross_paper_discovery	bounded_chinese_ngram_maximal_repeat	2	2	2;3	"{""1"":0,""2"":1,""3"":2}"	证据证明	{'confidence': 0.1, 'domain': 'unrouted', 'evidence_source': 'keyword', 'evidence_span': '疏明', 'label_origin': 'machine_inferred', 'routing_only': True, 'source_level': 'B'};{'confidence': 0.68, 'domain': '程序法', 'evidence_source': 'keyword', 'evidence_span': '司法审查', 'label_origin': 'machine_inferred', 'routing_only': True, 'source_level': 'B'}		internal_fragment	1.111112	"{""2023"":2,""2026"":1}"	FXZZ202310010;FXZZ202607005	A1/A2	pending_human_review
620c5b061c7615ae9f32	适用条	cross_paper_discovery	bounded_chinese_ngram_maximal_repeat	5	5	1;2	"{""1"":2,""2"":4,""3"":0}"	比较法	{'confidence': 0.1, 'domain': 'unrouted', 'evidence_source': 'keyword', 'evidence_span': '承继的共犯', 'label_origin': 'machine_inferred', 'routing_only': True, 'source_level': 'B'};{'confidence': 0.66, 'domain': '比较法', 'evidence_source': 'keyword', 'evidence_span': '国际民事管辖权', 'label_origin': 'machine_inferred', 'routing_only': True, 'source_level': 'B'};{'confidence': 0.68, 'domain': '程序法', 'evidence_source': 'keyword', 'evidence_span': '正当程序', 'label_origin': 'machine_inferred', 'routing_only': True, 'source_level': 'B'}		internal_fragment	2.222223	"{""2023"":2,""2024"":4}"	FXZZ202309006;FXZZ202312011;FXZZ202401012;FXZZ202406010;FXZZ202407003	A1/A2	pending_human_review
13aea5f40ed3dfa88707	适用条件	legal_term	config_legal_term_longest_match	3	3	1;2	"{""1"":2,""2"":2,""3"":0}"		{'confidence': 0.1, 'domain': 'unrouted', 'evidence_source': 'keyword', 'evidence_span': '承继的共犯', 'label_origin': 'machine_inferred', 'routing_only': True, 'source_level': 'B'};{'confidence': 0.68, 'domain': '程序法', 'evidence_source': 'keyword', 'evidence_span': '正当程序', 'label_origin': 'machine_inferred', 'routing_only': True, 'source_level': 'B'}				"{""2023"":1,""2024"":3}"	FXZZ202309006;FXZZ202406010;FXZZ202407003	A1/A2	pending_human_review
688b457f4d48c10fb02a	适用条件	legal_pattern	config_legal_pattern	3	3	1;2	"{""1"":2,""2"":2,""3"":0}"		{'confidence': 0.1, 'domain': 'unrouted', 'evidence_source': 'keyword', 'evidence_span': '承继的共犯', 'label_origin': 'machine_inferred', 'routing_only': True, 'source_level': 'B'};{'confidence': 0.68, 'domain': '程序法', 'evidence_source': 'keyword', 'evidence_span': '正当程序', 'label_origin': 'machine_inferred', 'routing_only': True, 'source_level': 'B'}				"{""2023"":1,""2024"":3}"	FXZZ202309006;FXZZ202406010;FXZZ202407003	A1/A2	pending_human_review
7404e22a4f21a0731f70	适用模式	cross_paper_discovery	bounded_chinese_ngram_maximal_repeat	2	2	2	"{""1"":0,""2"":3,""3"":0}"	比较法	{'confidence': 0.1, 'domain': 'unrouted', 'evidence_source': 'keyword', 'evidence_span': '罪量要素', 'label_origin': 'machine_inferred', 'routing_only': True, 'source_level': 'B'};{'confidence': 0.66, 'domain': '比较法', 'evidence_source': 'keyword', 'evidence_span': '域外适用', 'label_origin': 'machine_inferred', 'routing_only': True, 'source_level': 'B'}		generic_container;internal_fragment	0.833333	"{""2023"":1,""2024"":2}"	FXZZ202304004;FXZZ202401012	A1/A2	pending_human_review
47f0e163a87ed82ccf48	适用比	cross_paper_discovery	bounded_chinese_ngram_maximal_repeat	2	2	2;3	"{""1"":0,""2"":1,""3"":1}"	程序审查	{'confidence': 0.1, 'domain': 'unrouted', 'evidence_source': 'keyword', 'evidence_span': '利益衡量', 'label_origin': 'machine_inferred', 'routing_only': True, 'source_level': 'B'};{'confidence': 0.66, 'domain': '规范理论', 'evidence_source': 'keyword', 'evidence_span': '轻罪规范', 'label_origin': 'machine_inferred', 'routing_only': True, 'source_level': 'B'}		internal_fragment	1.333334	"{""2023"":1,""2024"":1}"	FXZZ202301005;FXZZ202401007	A1/A2	pending_human_review
a54908a5abf900406706	适用法	cross_paper_discovery	bounded_chinese_ngram_maximal_repeat	5	5	1;2;3	"{""1"":2,""2"":5,""3"":5}"	比较法;程序审查;规范依据	{'confidence': 0.1, 'domain': 'unrouted', 'evidence_source': 'keyword', 'evidence_span': '污染环境罪', 'label_origin': 'machine_inferred', 'routing_only': True, 'source_level': 'B'};{'confidence': 0.66, 'domain': '比较法', 'evidence_source': 'keyword', 'evidence_span': '域外适用', 'label_origin': 'machine_inferred', 'routing_only': True, 'source_level': 'B'}		internal_fragment	2.291667	"{""2023"":5,""2024"":7}"	FXZZ202308013;FXZZ202309005;FXZZ202401005;FXZZ202401012;FXZZ202401013	A1/A2	pending_human_review
83315d17f5f9e49b8ced	适用法律	cross_paper_discovery	bounded_chinese_ngram_maximal_repeat	3	3	1;2;3	"{""1"":1,""2"":2,""3"":2}"	比较法	{'confidence': 0.1, 'domain': 'unrouted', 'evidence_source': 'keyword', 'evidence_span': '信用规制', 'label_origin': 'machine_inferred', 'routing_only': True, 'source_level': 'B'}		internal_fragment	1.2	"{""2023"":1,""2024"":4}"	FXZZ202308013;FXZZ202401005;FXZZ202401013	A1/A2	pending_human_review
6181b4fa6f6cfab29fc7	适用界限	cross_paper_discovery	bounded_chinese_ngram_maximal_repeat	2	2	1;2	"{""1"":1,""2"":1,""3"":0}"	权利救济	{'confidence': 0.1, 'domain': 'unrouted', 'evidence_source': 'keyword', 'evidence_span': '最底限度标准', 'label_origin': 'machine_inferred', 'routing_only': True, 'source_level': 'B'}		internal_fragment	0.875	"{""2023"":2}"	FXZZ202309013;FXZZ202310009	A1/A2	pending_human_review
ac99b530aaed54d16088	适用的影响	cross_paper_discovery	bounded_chinese_ngram_maximal_repeat	3	3	1;2	"{""1"":1,""2"":4,""3"":0}"	程序审查	{'confidence': 0.1, 'domain': 'unrouted', 'evidence_source': 'keyword', 'evidence_span': '法律实现', 'label_origin': 'machine_inferred', 'routing_only': True, 'source_level': 'B'}		internal_fragment	0.84	"{""2023"":3,""2024"":2}"	FXZZ202308011;FXZZ202308013;FXZZ202406007	A1/A2	pending_human_review
059a61926109091e3edc	适用范围	cross_paper_discovery	bounded_chinese_ngram_maximal_repeat	8	8	1;2;3	"{""1"":1,""2"":7,""3"":4}"	权利救济;比较法;程序审查;规范依据	{'confidence': 0.1, 'domain': 'unrouted', 'evidence_source': 'keyword', 'evidence_span': '不合理的对待', 'label_origin': 'machine_inferred', 'routing_only': True, 'source_level': 'B'};{'confidence': 0.66, 'domain': '比较法', 'evidence_source': 'keyword', 'evidence_span': '域外适用', 'label_origin': 'machine_inferred', 'routing_only': True, 'source_level': 'B'};{'confidence': 0.66, 'domain': '规范理论', 'evidence_source': 'keyword', 'evidence_span': '规范自身平等', 'label_origin': 'machine_inferred', 'routing_only': True, 'source_level': 'B'};{'confidence': 0.68, 'domain': '程序法', 'evidence_source': 'keyword', 'evidence_span': '司法审查', 'label_origin': 'machine_inferred', 'routing_only': True, 'source_level': 'B'};{'confidence': 0.72, 'domain': '合同法', 'evidence_source': 'keyword', 'evidence_span': '解除权', 'label_origin': 'machine_inferred', 'routing_only': True, 'source_level': 'B'}		internal_fragment	3.0	"{""2023"":8,""2024"":4}"	FXZZ202302003;FXZZ202307008;FXZZ202309013;FXZZ202310010;FXZZ202310013;FXZZ202312007;FXZZ202401012;FXZZ202407008	A1/A2	pending_human_review
cd7523d5a45446aea85c	适用要件	cross_paper_discovery	bounded_chinese_ngram_maximal_repeat	2	2	1;2	"{""1"":1,""2"":1,""3"":0}"	制度构建;构成要件	{'confidence': 0.1, 'domain': 'unrouted', 'evidence_source': 'keyword', 'evidence_span': '解约定金', 'label_origin': 'machine_inferred', 'routing_only': True, 'source_level': 'B'};{'confidence': 0.68, 'domain': '侵权责任', 'evidence_source': 'keyword', 'evidence_span': '定金责任', 'label_origin': 'machine_inferred', 'routing_only': True, 'source_level': 'B'};{'confidence': 0.72, 'domain': '合同法', 'evidence_source': 'keyword', 'evidence_span': '违约定金', 'label_origin': 'machine_inferred', 'routing_only': True, 'source_level': 'B'}		internal_fragment	0.875	"{""2023"":1,""2026"":1}"	FXZZ202303006;FXZZ202607008	A1/A2	pending_human_review
2191c9a13ee5ca922cb7	适用规则	cross_paper_discovery	bounded_chinese_ngram_maximal_repeat	4	4	1;2	"{""1"":1,""2"":4,""3"":0}"	比较法	{'confidence': 0.1, 'domain': 'unrouted', 'evidence_source': 'keyword', 'evidence_span': '适度干预', 'label_origin': 'machine_inferred', 'routing_only': True, 'source_level': 'B'};{'confidence': 0.66, 'domain': '比较法', 'evidence_source': 'keyword', 'evidence_span': '域外适用', 'label_origin': 'machine_inferred', 'routing_only': True, 'source_level': 'B'}		internal_fragment	1.7	"{""2023"":2,""2024"":3}"	FXZZ202301012;FXZZ202312004;FXZZ202401012;FXZZ202407007	A1/A2	pending_human_review
bebd8fef9b2491647188	适用顺	cross_paper_discovery	bounded_chinese_ngram_maximal_repeat	3	3	3	"{""1"":0,""2"":0,""3"":3}"	制度构建;权利救济;程序审查	{'confidence': 0.1, 'domain': 'unrouted', 'evidence_source': 'keyword', 'evidence_span': '法律方法', 'label_origin': 'machine_inferred', 'routing_only': True, 'source_level': 'B'};{'confidence': 0.68, 'domain': '程序法', 'evidence_source': 'keyword', 'evidence_span': '裁判要点', 'label_origin': 'machine_inferred', 'routing_only': True, 'source_level': 'B'}		internal_fragment	1.833333	"{""2023"":2,""2024"":1}"	FXZZ202302002;FXZZ202309013;FXZZ202406009	A1/A2	pending_human_review
0b0ed2081db32abde840	适用顺序	cross_paper_discovery	bounded_chinese_ngram_maximal_repeat	2	2	3	"{""1"":0,""2"":0,""3"":2}"	制度构建;权利救济	{'confidence': 0.1, 'domain': 'unrouted', 'evidence_source': 'keyword', 'evidence_span': '印证方法', 'label_origin': 'machine_inferred', 'routing_only': True, 'source_level': 'B'}		internal_fragment	0.875	"{""2023"":1,""2024"":1}"	FXZZ202309013;FXZZ202406009	A1/A2	pending_human_review
7708b80b2cf0b3c8526f	选择性	cross_paper_discovery	bounded_chinese_ngram_maximal_repeat	3	3	2;3	"{""1"":0,""2"":1,""3"":2}"		{'confidence': 0.1, 'domain': 'unrouted', 'evidence_source': 'keyword', 'evidence_span': '代位', 'label_origin': 'machine_inferred', 'routing_only': True, 'source_level': 'B'}		internal_fragment	1.833333	"{""2023"":3}"	FXZZ202302008;FXZZ202304014;FXZZ202306010	A1/A2	pending_human_review
75353ea33d67e2097ebd	通适用	cross_paper_discovery	bounded_chinese_ngram_maximal_repeat	2	2	1	"{""1"":2,""2"":0,""3"":0}"	制度构建;程序审查	{'confidence': 0.1, 'domain': 'unrouted', 'evidence_source': 'keyword', 'evidence_span': '罪量要素', 'label_origin': 'machine_inferred', 'routing_only': True, 'source_level': 'B'}		internal_fragment	1.333334	"{""2023"":2}"	FXZZ202304004;FXZZ202308013	A1/A2	pending_human_review
46a1fa34d5abc7408248	造成的损	cross_paper_discovery	bounded_chinese_ngram_maximal_repeat	2	2	1;3	"{""1"":1,""2"":0,""3"":1}"		{'confidence': 0.1, 'domain': 'unrouted', 'evidence_source': 'keyword', 'evidence_span': '不合理的对待', 'label_origin': 'machine_inferred', 'routing_only': True, 'source_level': 'B'};{'confidence': 0.66, 'domain': '规范理论', 'evidence_source': 'keyword', 'evidence_span': '规范自身平等', 'label_origin': 'machine_inferred', 'routing_only': True, 'source_level': 'B'}		internal_fragment	1.0	"{""2023"":1,""2024"":1}"	FXZZ202302003;FXZZ202406009	A1/A2	pending_human_review
ca9fe2c41df5998fd3eb	造的法	cross_paper_discovery	bounded_chinese_ngram_maximal_repeat	2	2	1;2	"{""1"":1,""2"":1,""3"":0}"		{'confidence': 0.1, 'domain': 'unrouted', 'evidence_source': 'keyword', 'evidence_span': '破产别除权', 'label_origin': 'machine_inferred', 'routing_only': True, 'source_level': 'B'};{'confidence': 0.68, 'domain': '程序法', 'evidence_source': 'keyword', 'evidence_span': '审查认证规则', 'label_origin': 'machine_inferred', 'routing_only': True, 'source_level': 'B'}		internal_fragment	1.333334	"{""2023"":2}"	FXZZ202307008;FXZZ202309010	A1/A2	pending_human_review
0c98b1b49dff9cf11538	逻辑基础	cross_paper_discovery	bounded_chinese_ngram_maximal_repeat	2	2	1	"{""1"":2,""2"":0,""3"":0}"	制度构建	{'confidence': 0.1, 'domain': 'unrouted', 'evidence_source': 'keyword', 'evidence_span': '补正解释', 'label_origin': 'machine_inferred', 'routing_only': True, 'source_level': 'B'}		generic_container;internal_fragment;low_wordhood_score	0.75	"{""2023"":1,""2024"":1}"	FXZZ202310005;FXZZ202412003	A1/A2	pending_human_review
822092e014286efa4c14	逻辑起点	cross_paper_discovery	bounded_chinese_ngram_maximal_repeat	2	2	1;2	"{""1"":1,""2"":2,""3"":0}"		{'confidence': 0.1, 'domain': 'unrouted', 'evidence_source': 'keyword', 'evidence_span': '无权代理', 'label_origin': 'machine_inferred', 'routing_only': True, 'source_level': 'B'};{'confidence': 0.68, 'domain': '侵权责任', 'evidence_source': 'keyword', 'evidence_span': '法人单独责任', 'label_origin': 'machine_inferred', 'routing_only': True, 'source_level': 'B'}		generic_container;internal_fragment	0.833333	"{""2023"":1,""2024"":2}"	FXZZ202305013;FXZZ202403007	A1/A2	pending_human_review
e6541ae5710972b3a25b	道德能力	cross_paper_discovery	bounded_chinese_ngram_maximal_repeat	2	2	2	"{""1"":0,""2"":2,""3"":0}"		{'confidence': 0.1, 'domain': 'unrouted', 'evidence_source': 'keyword', 'evidence_span': '治外法权', 'label_origin': 'machine_inferred', 'routing_only': True, 'source_level': 'B'}			1.0	"{""2023"":1,""2024"":1}"	FXZZ202309002;FXZZ202404004	A1/A2	pending_human_review
6769de58943a8eaca09b	道德风险	cross_paper_discovery	bounded_chinese_ngram_maximal_repeat	2	2	1;2;3	"{""1"":1,""2"":3,""3"":1}"		{'confidence': 0.1, 'domain': 'unrouted', 'evidence_source': 'keyword', 'evidence_span': '代位', 'label_origin': 'machine_inferred', 'routing_only': True, 'source_level': 'B'};{'confidence': 0.68, 'domain': '程序法', 'evidence_source': 'keyword', 'evidence_span': '检察公益诉讼谦抑性', 'label_origin': 'machine_inferred', 'routing_only': True, 'source_level': 'B'}		internal_fragment;low_wordhood_score	0.791667	"{""2023"":5}"	FXZZ202302008;FXZZ202309012	A1/A2	pending_human_review
cc2de5845f4f793d72b2	遵循法	cross_paper_discovery	bounded_chinese_ngram_maximal_repeat	3	3	1;2;3	"{""1"":1,""2"":2,""3"":1}"	规范依据	{'confidence': 0.1, 'domain': 'unrouted', 'evidence_source': 'keyword', 'evidence_span': '犯罪情节', 'label_origin': 'machine_inferred', 'routing_only': True, 'source_level': 'B'};{'confidence': 0.68, 'domain': '程序法', 'evidence_source': 'keyword', 'evidence_span': '核准程序', 'label_origin': 'machine_inferred', 'routing_only': True, 'source_level': 'B'}		internal_fragment	1.625	"{""2023"":4}"	FXZZ202307005;FXZZ202308007;FXZZ202309005	A1/A2	pending_human_review
1e383db2b1cd9fb1b6db	遵循法律	cross_paper_discovery	bounded_chinese_ngram_maximal_repeat	2	2	1;2;3	"{""1"":1,""2"":1,""3"":1}"	规范依据	{'confidence': 0.1, 'domain': 'unrouted', 'evidence_source': 'keyword', 'evidence_span': '犯罪情节', 'label_origin': 'machine_inferred', 'routing_only': True, 'source_level': 'B'};{'confidence': 0.68, 'domain': '程序法', 'evidence_source': 'keyword', 'evidence_span': '核准程序', 'label_origin': 'machine_inferred', 'routing_only': True, 'source_level': 'B'}		internal_fragment	1.0	"{""2023"":3}"	FXZZ202307005;FXZZ202309005	A1/A2	pending_human_review
8432e6760f8808fc2f18	部适用	cross_paper_discovery	bounded_chinese_ngram_maximal_repeat	2	2	2;3	"{""1"":0,""2"":1,""3"":1}"	制度构建;权利救济	{'confidence': 0.1, 'domain': 'unrouted', 'evidence_source': 'keyword', 'evidence_span': '罪量要素', 'label_origin': 'machine_inferred', 'routing_only': True, 'source_level': 'B'}		internal_fragment	1.333334	"{""2023"":2}"	FXZZ202304004;FXZZ202309013	A1/A2	pending_human_review
64f61b3ab18ca5e51ae2	部门法	cross_paper_discovery	bounded_chinese_ngram_maximal_repeat	4	4	1;2;3	"{""1"":1,""2"":2,""3"":1}"	规范依据	{'confidence': 0.1, 'domain': 'unrouted', 'evidence_source': 'keyword', 'evidence_span': '刑法保障', 'label_origin': 'machine_inferred', 'routing_only': True, 'source_level': 'B'};{'confidence': 0.68, 'domain': '程序法', 'evidence_source': 'keyword', 'evidence_span': '程序问题', 'label_origin': 'machine_inferred', 'routing_only': True, 'source_level': 'B'}		internal_fragment	2.666666	"{""2023"":3,""2024"":1}"	FXZZ202301007;FXZZ202302004;FXZZ202308012;FXZZ202407006	A1/A2	pending_human_review
01855e98b4c9f9517cc8	酌减的考量因素	cross_paper_discovery	bounded_chinese_ngram_maximal_repeat	2	2	1;3	"{""1"":1,""2"":0,""3"":1}"		{'confidence': 0.1, 'domain': 'unrouted', 'evidence_source': 'keyword', 'evidence_span': '解约定金', 'label_origin': 'machine_inferred', 'routing_only': True, 'source_level': 'B'};{'confidence': 0.68, 'domain': '侵权责任', 'evidence_source': 'keyword', 'evidence_span': '定金责任', 'label_origin': 'machine_inferred', 'routing_only': True, 'source_level': 'B'};{'confidence': 0.72, 'domain': '合同法', 'evidence_source': 'keyword', 'evidence_span': '违约定金', 'label_origin': 'machine_inferred', 'routing_only': True, 'source_level': 'B'}		internal_fragment;low_wordhood_score	0.5	"{""2023"":1,""2024"":1}"	FXZZ202303006;FXZZ202404009	A1/A2	pending_human_review
9e32ee6d781098d09d8e	配套机制	cross_paper_discovery	bounded_chinese_ngram_maximal_repeat	2	2	1;2	"{""1"":1,""2"":1,""3"":0}"	程序审查	{'confidence': 0.1, 'domain': 'unrouted', 'evidence_source': 'keyword', 'evidence_span': '惩罚机制', 'label_origin': 'machine_inferred', 'routing_only': True, 'source_level': 'B'}		generic_container;internal_fragment	1.0	"{""2023"":2}"	FXZZ202309011;FXZZ202311011	A1/A2	pending_human_review
28f7ad5f04236ab66d4e	重义务	cross_paper_discovery	bounded_chinese_ngram_maximal_repeat	2	2	1;2	"{""1"":2,""2"":3,""3"":0}"		{'confidence': 0.1, 'domain': 'unrouted', 'evidence_source': 'keyword', 'evidence_span': '隐私权', 'label_origin': 'machine_inferred', 'routing_only': True, 'source_level': 'B'}		internal_fragment	1.066667	"{""2023"":4,""2024"":1}"	FXZZ202301011;FXZZ202401003	A1/A2	pending_human_review
3bcbb06ad8b085cd2fd7	重大意	cross_paper_discovery	bounded_chinese_ngram_maximal_repeat	2	2	1	"{""1"":2,""2"":0,""3"":0}"	制度构建	{'confidence': 0.1, 'domain': 'unrouted', 'evidence_source': 'keyword', 'evidence_span': '刑法保障', 'label_origin': 'machine_inferred', 'routing_only': True, 'source_level': 'B'}		internal_fragment	1.333334	"{""2023"":2}"	FXZZ202301007;FXZZ202307002	A1/A2	pending_human_review
9c0464b54c436117d812	重新定位	cross_paper_discovery	bounded_chinese_ngram_maximal_repeat	2	2	1;3	"{""1"":1,""2"":0,""3"":1}"		{'confidence': 0.1, 'domain': 'unrouted', 'evidence_source': 'keyword', 'evidence_span': '幅度刑量刑', 'label_origin': 'machine_inferred', 'routing_only': True, 'source_level': 'B'}		internal_fragment	0.875	"{""2024"":1,""2026"":1}"	FXZZ202401006;FXZZ202607007	A1/A2	pending_human_review
60a868b1e00f723ea00a	重要依据	cross_paper_discovery	bounded_chinese_ngram_maximal_repeat	2	2	2	"{""1"":0,""2"":2,""3"":0}"		{'confidence': 0.1, 'domain': 'unrouted', 'evidence_source': 'keyword', 'evidence_span': '中央与地方关系', 'label_origin': 'machine_inferred', 'routing_only': True, 'source_level': 'B'}		internal_fragment	0.875	"{""2023"":2}"	FXZZ202304002;FXZZ202311002	A1/A2	pending_human_review
19ff68df181f44ba6cba	量刑建议	cross_paper_discovery	bounded_chinese_ngram_maximal_repeat	2	2	1;2;3	"{""1"":3,""2"":7,""3"":1}"	权利救济;程序审查;规范依据	{'confidence': 0.1, 'domain': 'unrouted', 'evidence_source': 'keyword', 'evidence_span': '法律实现', 'label_origin': 'machine_inferred', 'routing_only': True, 'source_level': 'B'};{'confidence': 0.66, 'domain': '规范理论', 'evidence_source': 'keyword', 'evidence_span': '轻罪规范', 'label_origin': 'machine_inferred', 'routing_only': True, 'source_level': 'B'}		internal_fragment;low_wordhood_score	0.772727	"{""2023"":1,""2024"":10}"	FXZZ202308011;FXZZ202401007	A1/A2	pending_human_review
42828d65eab50bce42b8	量刑情节	cross_paper_discovery	bounded_chinese_ngram_maximal_repeat	2	2	2	"{""1"":0,""2"":2,""3"":0}"		{'confidence': 0.1, 'domain': 'unrouted', 'evidence_source': 'keyword', 'evidence_span': '立法技术', 'label_origin': 'machine_inferred', 'routing_only': True, 'source_level': 'B'};{'confidence': 0.66, 'domain': '规范理论', 'evidence_source': 'keyword', 'evidence_span': '轻罪规范', 'label_origin': 'machine_inferred', 'routing_only': True, 'source_level': 'B'}		internal_fragment	0.875	"{""2023"":1,""2024"":1}"	FXZZ202301006;FXZZ202401007	A1/A2	pending_human_review
01ff4951c0455bcf8fed	量标准	cross_paper_discovery	bounded_chinese_ngram_maximal_repeat	2	2	2;3	"{""1"":0,""2"":1,""3"":1}"		{'confidence': 0.1, 'domain': 'unrouted', 'evidence_source': 'keyword', 'evidence_span': '数据自决权', 'label_origin': 'machine_inferred', 'routing_only': True, 'source_level': 'B'}		internal_fragment	1.333334	"{""2023"":1,""2024"":1}"	FXZZ202301003;FXZZ202407007	A1/A2	pending_human_review
98c915980c31c60fa53b	量要素	cross_paper_discovery	bounded_chinese_ngram_maximal_repeat	3	3	1;2	"{""1"":2,""2"":3,""3"":0}"	制度构建	{'confidence': 0.1, 'domain': 'unrouted', 'evidence_source': 'keyword', 'evidence_span': '实际控制人', 'label_origin': 'machine_inferred', 'routing_only': True, 'source_level': 'B'};{'confidence': 0.68, 'domain': '侵权责任', 'evidence_source': 'keyword', 'evidence_span': '直接责任人员', 'label_origin': 'machine_inferred', 'routing_only': True, 'source_level': 'B'}		internal_fragment	1.5	"{""2023"":5}"	FXZZ202301013;FXZZ202304005;FXZZ202305010	A1/A2	pending_human_review
c0ac459da866fa49d3af	金融监管	cross_paper_discovery	bounded_chinese_ngram_maximal_repeat	2	2	1;2;3	"{""1"":3,""2"":7,""3"":5}"		{'confidence': 0.1, 'domain': 'unrouted', 'evidence_source': 'keyword', 'evidence_span': '女性劳动权益保障', 'label_origin': 'machine_inferred', 'routing_only': True, 'source_level': 'B'}		internal_fragment;low_wordhood_score	0.683333	"{""2023"":15}"	FXZZ202304011;FXZZ202312010	A1/A2	pending_human_review
29bb493f1a716b5470bf	金责任	cross_paper_discovery	bounded_chinese_ngram_maximal_repeat	2	2	1;2;3	"{""1"":4,""2"":5,""3"":3}"	构成要件;法律后果	{'confidence': 0.1, 'domain': 'unrouted', 'evidence_source': 'keyword', 'evidence_span': '解约定金', 'label_origin': 'machine_inferred', 'routing_only': True, 'source_level': 'B'};{'confidence': 0.68, 'domain': '侵权责任', 'evidence_source': 'keyword', 'evidence_span': '定金责任', 'label_origin': 'machine_inferred', 'routing_only': True, 'source_level': 'B'};{'confidence': 0.72, 'domain': '合同法', 'evidence_source': 'keyword', 'evidence_span': '违约定金', 'label_origin': 'machine_inferred', 'routing_only': True, 'source_level': 'B'}		internal_fragment	0.888889	"{""2023"":11,""2024"":1}"	FXZZ202303006;FXZZ202404009	A1/A2	pending_human_review
f33349ed035367cab77e	金酌减	cross_paper_discovery	bounded_chinese_ngram_maximal_repeat	2	2	2;3	"{""1"":0,""2"":1,""3"":1}"		{'confidence': 0.1, 'domain': 'unrouted', 'evidence_source': 'keyword', 'evidence_span': '解约定金', 'label_origin': 'machine_inferred', 'routing_only': True, 'source_level': 'B'};{'confidence': 0.68, 'domain': '侵权责任', 'evidence_source': 'keyword', 'evidence_span': '定金责任', 'label_origin': 'machine_inferred', 'routing_only': True, 'source_level': 'B'};{'confidence': 0.72, 'domain': '合同法', 'evidence_source': 'keyword', 'evidence_span': '违约定金', 'label_origin': 'machine_inferred', 'routing_only': True, 'source_level': 'B'}		internal_fragment	1.333334	"{""2023"":2}"	FXZZ202303006;FXZZ202309009	A1/A2	pending_human_review
72b61d5a90ac931157b3	问题之缘起	cross_paper_discovery	bounded_chinese_ngram_maximal_repeat	3	3	1	"{""1"":3,""2"":0,""3"":0}"		{'confidence': 0.1, 'domain': 'unrouted', 'evidence_source': 'keyword', 'evidence_span': '双边冲突规则', 'label_origin': 'machine_inferred', 'routing_only': True, 'source_level': 'B'};{'confidence': 0.68, 'domain': '程序法', 'evidence_source': 'keyword', 'evidence_span': '程序问题', 'label_origin': 'machine_inferred', 'routing_only': True, 'source_level': 'B'}			0.8	"{""2023"":3}"	FXZZ202301013;FXZZ202308012;FXZZ202310012	A1/A2	pending_human_review
4eb39795c2eb083caefe	问题意识	cross_paper_discovery	bounded_chinese_ngram_maximal_repeat	3	3	1	"{""1"":3,""2"":0,""3"":0}"	研究现状	{'confidence': 0.1, 'domain': 'unrouted', 'evidence_source': 'keyword', 'evidence_span': '实际控制人', 'label_origin': 'machine_inferred', 'routing_only': True, 'source_level': 'B'};{'confidence': 0.68, 'domain': '侵权责任', 'evidence_source': 'keyword', 'evidence_span': '直接责任人员', 'label_origin': 'machine_inferred', 'routing_only': True, 'source_level': 'B'};{'confidence': 0.68, 'domain': '程序法', 'evidence_source': 'keyword', 'evidence_span': '检察公益诉讼谦抑性', 'label_origin': 'machine_inferred', 'routing_only': True, 'source_level': 'B'}		internal_fragment	1.125	"{""2023"":3}"	FXZZ202304005;FXZZ202305007;FXZZ202309012	A1/A2	pending_human_review
bc109243766045d162a4	问题的引出	cross_paper_discovery	bounded_chinese_ngram_maximal_repeat	2	2	1	"{""1"":2,""2"":0,""3"":0}"		{'confidence': 0.1, 'domain': 'unrouted', 'evidence_source': 'keyword', 'evidence_span': '隐私权', 'label_origin': 'machine_inferred', 'routing_only': True, 'source_level': 'B'}		low_wordhood_score	0.6	"{""2023"":1,""2024"":1}"	FXZZ202301011;FXZZ202407013	A1/A2	pending_human_review
b7f254fcc31beada2dfd	问题的成因	cross_paper_discovery	bounded_chinese_ngram_maximal_repeat	2	2	1	"{""1"":2,""2"":0,""3"":0}"	程序审查	{'confidence': 0.1, 'domain': 'unrouted', 'evidence_source': 'keyword', 'evidence_span': '法律方法', 'label_origin': 'machine_inferred', 'routing_only': True, 'source_level': 'B'};{'confidence': 0.68, 'domain': '程序法', 'evidence_source': 'keyword', 'evidence_span': '裁判要点', 'label_origin': 'machine_inferred', 'routing_only': True, 'source_level': 'B'}		internal_fragment;low_wordhood_score	0.7	"{""2023"":1,""2024"":1}"	FXZZ202302002;FXZZ202404003	A1/A2	pending_human_review
3d6aa4f26555074e54db	问题的提出	cross_paper_discovery	bounded_chinese_ngram_maximal_repeat	38	38	1	"{""1"":38,""2"":0,""3"":0}"	规范依据	{'confidence': 0.1, 'domain': 'unrouted', 'evidence_source': 'keyword', 'evidence_span': '全面依法治国', 'label_origin': 'machine_inferred', 'routing_only': True, 'source_level': 'B'};{'confidence': 0.66, 'domain': '比较法', 'evidence_source': 'keyword', 'evidence_span': '国际经贸合作', 'label_origin': 'machine_inferred', 'routing_only': True, 'source_level': 'B'};{'confidence': 0.66, 'domain': '规范理论', 'evidence_source': 'keyword', 'evidence_span': '行为规范', 'label_origin': 'machine_inferred', 'routing_only': True, 'source_level': 'B'};{'confidence': 0.68, 'domain': '侵权责任', 'evidence_source': 'keyword', 'evidence_span': '法人单独责任', 'label_origin': 'machine_inferred', 'routing_only': True, 'source_level': 'B'};{'confidence': 0.68, 'domain': '程序法', 'evidence_source': 'keyword', 'evidence_span': '主观程序正义', 'label_origin': 'machine_inferred', 'routing_only': True, 'source_level': 'B'};{'confidence': 0.72, 'domain': '合同法', 'evidence_source': 'keyword', 'evidence_span': '任意解除权', 'label_origin': 'machine_inferred', 'routing_only': True, 'source_level': 'B'}		function_fragment	8.0	"{""2023"":25,""2024"":10,""2026"":3}"	FXZZ202301001;FXZZ202302006;FXZZ202302008;FXZZ202302012;FXZZ202303004;FXZZ202303005;FXZZ202303011;FXZZ202305006;FXZZ202305011;FXZZ202306003;FXZZ202306004;FXZZ202306005;FXZZ202306011;FXZZ202306012;FXZZ202308007;FXZZ202308011;FXZZ202308013;FXZZ202309007;FXZZ202309008;FXZZ202310011;FXZZ202311003;FXZZ202311004;FXZZ202311007;FXZZ202312006;FXZZ202312011;FXZZ202403002;FXZZ202403007;FXZZ202404011;FXZZ202405013;FXZZ202406012;FXZZ202406013;FXZZ202407010;FXZZ202412007;FXZZ202412008;FXZZ202412009;FXZZ202607004;FXZZ202607005;FXZZ202607007	A1/A2	pending_human_review
77dcfca75ec82e7b0669	问题的由来	cross_paper_discovery	bounded_chinese_ngram_maximal_repeat	4	4	1	"{""1"":4,""2"":0,""3"":0}"		{'confidence': 0.1, 'domain': 'unrouted', 'evidence_source': 'keyword', 'evidence_span': '填补赔偿', 'label_origin': 'machine_inferred', 'routing_only': True, 'source_level': 'B'};{'confidence': 0.72, 'domain': '合同法', 'evidence_source': 'keyword', 'evidence_span': '违约方申请解除', 'label_origin': 'machine_inferred', 'routing_only': True, 'source_level': 'B'}			1.3	"{""2023"":3,""2024"":1}"	FXZZ202305008;FXZZ202306006;FXZZ202312007;FXZZ202412013	A1/A2	pending_human_review
63a1c5a7b770b19bda69	问题的缘起	cross_paper_discovery	bounded_chinese_ngram_maximal_repeat	5	5	1	"{""1"":5,""2"":0,""3"":0}"		{'confidence': 0.1, 'domain': 'unrouted', 'evidence_source': 'keyword', 'evidence_span': '药品犯罪圈', 'label_origin': 'machine_inferred', 'routing_only': True, 'source_level': 'B'}			1.2	"{""2023"":5}"	FXZZ202302005;FXZZ202304011;FXZZ202307008;FXZZ202311012;FXZZ202312010	A1/A2	pending_human_review
8b8bc60f5886ea35477c	间接性	cross_paper_discovery	bounded_chinese_ngram_maximal_repeat	2	2	1;3	"{""1"":1,""2"":0,""3"":1}"		{'confidence': 0.1, 'domain': 'unrouted', 'evidence_source': 'keyword', 'evidence_span': '不作为犯', 'label_origin': 'machine_inferred', 'routing_only': True, 'source_level': 'B'}		internal_fragment	1.333334	"{""2023"":1,""2024"":1}"	FXZZ202306004;FXZZ202401005	A1/A2	pending_human_review
26d75a6c497fa37561fe	间是否	cross_paper_discovery	bounded_chinese_ngram_maximal_repeat	3	3	1;2;3	"{""1"":1,""2"":3,""3"":1}"		{'confidence': 0.1, 'domain': 'unrouted', 'evidence_source': 'keyword', 'evidence_span': '利益衡量', 'label_origin': 'machine_inferred', 'routing_only': True, 'source_level': 'B'};{'confidence': 0.66, 'domain': '规范理论', 'evidence_source': 'keyword', 'evidence_span': '规范自身平等', 'label_origin': 'machine_inferred', 'routing_only': True, 'source_level': 'B'}		internal_fragment	1.6	"{""2023"":5}"	FXZZ202301005;FXZZ202302003;FXZZ202306011	A1/A2	pending_human_review
3e012391db814b4a797f	间的确定	cross_paper_discovery	bounded_chinese_ngram_maximal_repeat	2	2	2	"{""1"":0,""2"":2,""3"":0}"		{'confidence': 0.1, 'domain': 'unrouted', 'evidence_source': 'keyword', 'evidence_span': '时间点', 'label_origin': 'machine_inferred', 'routing_only': True, 'source_level': 'B'}		internal_fragment	1.0	"{""2024"":2}"	FXZZ202406008;FXZZ202412006	A1/A2	pending_human_review
81b0dea361e2205274e1	间维度	cross_paper_discovery	bounded_chinese_ngram_maximal_repeat	2	2	2;3	"{""1"":0,""2"":1,""3"":1}"		{'confidence': 0.1, 'domain': 'unrouted', 'evidence_source': 'keyword', 'evidence_span': '法律工程运行', 'label_origin': 'machine_inferred', 'routing_only': True, 'source_level': 'B'}		generic_container;internal_fragment	1.166667	"{""2023"":2}"	FXZZ202307014;FXZZ202312001	A1/A2	pending_human_review
ff10ff00ebdf9caead25	阻却事	cross_paper_discovery	bounded_chinese_ngram_maximal_repeat	3	3	1;2;3	"{""1"":1,""2"":1,""3"":1}"	构成要件	{'confidence': 0.1, 'domain': 'unrouted', 'evidence_source': 'keyword', 'evidence_span': '消费者权益保护法', 'label_origin': 'machine_inferred', 'routing_only': True, 'source_level': 'B'};{'confidence': 0.68, 'domain': '程序法', 'evidence_source': 'keyword', 'evidence_span': '诉讼时效', 'label_origin': 'machine_inferred', 'routing_only': True, 'source_level': 'B'}		internal_fragment	1.666667	"{""2023"":1,""2024"":1,""2026"":1}"	FXZZ202306012;FXZZ202404007;FXZZ202607007	A1/A2	pending_human_review
a003b4c31b2d85e4c797	限制履行	cross_paper_discovery	bounded_chinese_ngram_maximal_repeat	2	2	1;2	"{""1"":3,""2"":1,""3"":0}"	规范依据	{'confidence': 0.1, 'domain': 'unrouted', 'evidence_source': 'keyword', 'evidence_span': '实质等同原则', 'label_origin': 'machine_inferred', 'routing_only': True, 'source_level': 'B'};{'confidence': 0.72, 'domain': '合同法', 'evidence_source': 'keyword', 'evidence_span': '合同自由', 'label_origin': 'machine_inferred', 'routing_only': True, 'source_level': 'B'}		internal_fragment;lexical_support;low_wordhood_score	0.6875	"{""2023"":4}"	FXZZ202305009;FXZZ202306006	A1/A2	pending_human_review
58e864161838f7d7cb76	限制机	cross_paper_discovery	bounded_chinese_ngram_maximal_repeat	2	2	2;3	"{""1"":0,""2"":1,""3"":1}"		{'confidence': 0.1, 'domain': 'unrouted', 'evidence_source': 'keyword', 'evidence_span': '不法原因给付', 'label_origin': 'machine_inferred', 'routing_only': True, 'source_level': 'B'};{'confidence': 0.66, 'domain': '比较法', 'evidence_source': 'keyword', 'evidence_span': '国际投资协定', 'label_origin': 'machine_inferred', 'routing_only': True, 'source_level': 'B'}		internal_fragment	1.333334	"{""2023"":1,""2024"":1}"	FXZZ202311008;FXZZ202407012	A1/A2	pending_human_review
e81cf08f32884fd6264c	限的法	cross_paper_discovery	bounded_chinese_ngram_maximal_repeat	3	3	1;2;3	"{""1"":1,""2"":2,""3"":1}"		{'confidence': 0.1, 'domain': 'unrouted', 'evidence_source': 'keyword', 'evidence_span': '集体行动困境', 'label_origin': 'machine_inferred', 'routing_only': True, 'source_level': 'B'};{'confidence': 0.68, 'domain': '程序法', 'evidence_source': 'keyword', 'evidence_span': '检察公益诉讼谦抑性', 'label_origin': 'machine_inferred', 'routing_only': True, 'source_level': 'B'}		internal_fragment	1.5	"{""2023"":1,""2024"":3}"	FXZZ202309012;FXZZ202404003;FXZZ202406008	A1/A2	pending_human_review
d94f41ed6b002e31caa9	限的法律	cross_paper_discovery	bounded_chinese_ngram_maximal_repeat	2	2	2;3	"{""1"":0,""2"":2,""3"":1}"		{'confidence': 0.1, 'domain': 'unrouted', 'evidence_source': 'keyword', 'evidence_span': '集体行动困境', 'label_origin': 'machine_inferred', 'routing_only': True, 'source_level': 'B'};{'confidence': 0.68, 'domain': '程序法', 'evidence_source': 'keyword', 'evidence_span': '检察公益诉讼谦抑性', 'label_origin': 'machine_inferred', 'routing_only': True, 'source_level': 'B'}		internal_fragment	0.916667	"{""2023"":1,""2024"":2}"	FXZZ202309012;FXZZ202404003	A1/A2	pending_human_review
4300116daa7648d615a1	限缩解释	cross_paper_discovery	bounded_chinese_ngram_maximal_repeat	2	2	1;2	"{""1"":2,""2"":1,""3"":0}"		{'confidence': 0.1, 'domain': 'unrouted', 'evidence_source': 'keyword', 'evidence_span': '实质真实发现', 'label_origin': 'machine_inferred', 'routing_only': True, 'source_level': 'B'}		internal_fragment	0.833333	"{""2023"":1,""2024"":2}"	FXZZ202312009;FXZZ202407007	A1/A2	pending_human_review
7119302c4c313b288e90	险的规	cross_paper_discovery	bounded_chinese_ngram_maximal_repeat	2	2	1;2	"{""1"":1,""2"":1,""3"":0}"	制度构建	{'confidence': 0.1, 'domain': 'unrouted', 'evidence_source': 'keyword', 'evidence_span': '多元立法模式', 'label_origin': 'machine_inferred', 'routing_only': True, 'source_level': 'B'}		internal_fragment	1.333334	"{""2023"":1,""2026"":1}"	FXZZ202311006;FXZZ202607008	A1/A2	pending_human_review
1155a725dc9bc7e4fae1	险责任	cross_paper_discovery	bounded_chinese_ngram_maximal_repeat	2	2	2	"{""1"":0,""2"":2,""3"":0}"	制度构建	{'confidence': 0.1, 'domain': 'unrouted', 'evidence_source': 'keyword', 'evidence_span': '添附', 'label_origin': 'machine_inferred', 'routing_only': True, 'source_level': 'B'}		internal_fragment	1.333334	"{""2023"":2}"	FXZZ202303008;FXZZ202310005	A1/A2	pending_human_review
dff566885299f9086deb	随意性	cross_paper_discovery	bounded_chinese_ngram_maximal_repeat	2	2	2	"{""1"":0,""2"":2,""3"":0}"		{'confidence': 0.1, 'domain': 'unrouted', 'evidence_source': 'keyword', 'evidence_span': '简约性原则', 'label_origin': 'machine_inferred', 'routing_only': True, 'source_level': 'B'}		internal_fragment	1.166667	"{""2023"":1,""2024"":1}"	FXZZ202306010;FXZZ202405003	A1/A2	pending_human_review
3742d0d0448d380ed44c	隐私权	cross_paper_discovery	bounded_chinese_ngram_maximal_repeat	4	4	1;2;3	"{""1"":3,""2"":11,""3"":10}"	制度构建;权利救济;比较法;规范依据	{'confidence': 0.1, 'domain': 'unrouted', 'evidence_source': 'keyword', 'evidence_span': '数据自决权', 'label_origin': 'machine_inferred', 'routing_only': True, 'source_level': 'B'}			1.84	"{""2023"":2,""2024"":22}"	FXZZ202301003;FXZZ202301005;FXZZ202403003;FXZZ202404005	A1/A2	pending_human_review
d72903c55fe03da9876d	隐私权保护	cross_paper_discovery	bounded_chinese_ngram_maximal_repeat	2	2	1;2;3	"{""1"":2,""2"":6,""3"":4}"	制度构建;权利救济;比较法;规范依据	{'confidence': 0.1, 'domain': 'unrouted', 'evidence_source': 'keyword', 'evidence_span': '负面清单', 'label_origin': 'machine_inferred', 'routing_only': True, 'source_level': 'B'}		internal_fragment;low_wordhood_score	0.583333	"{""2024"":12}"	FXZZ202403003;FXZZ202404005	A1/A2	pending_human_review
b7a8710f3891310babfa	难以充分	cross_paper_discovery	bounded_chinese_ngram_maximal_repeat	2	2	2;3	"{""1"":0,""2"":1,""3"":1}"		{'confidence': 0.1, 'domain': 'unrouted', 'evidence_source': 'keyword', 'evidence_span': '刑法保障', 'label_origin': 'machine_inferred', 'routing_only': True, 'source_level': 'B'}		internal_fragment	1.0	"{""2023"":1,""2024"":1}"	FXZZ202301007;FXZZ202404003	A1/A2	pending_human_review
7fa346f24d34f3d76292	集体行动	cross_paper_discovery	bounded_chinese_ngram_maximal_repeat	2	2	3	"{""1"":0,""2"":0,""3"":3}"	权利救济	{'confidence': 0.1, 'domain': 'unrouted', 'evidence_source': 'keyword', 'evidence_span': '集体行动困境', 'label_origin': 'machine_inferred', 'routing_only': True, 'source_level': 'B'};{'confidence': 0.68, 'domain': '程序法', 'evidence_source': 'keyword', 'evidence_span': '检察公益诉讼谦抑性', 'label_origin': 'machine_inferred', 'routing_only': True, 'source_level': 'B'}		internal_fragment	0.916667	"{""2023"":3}"	FXZZ202309012;FXZZ202309013	A1/A2	pending_human_review
f7d5461fbfdc4e1833b7	非对立	cross_paper_discovery	bounded_chinese_ngram_maximal_repeat	2	2	2	"{""1"":0,""2"":2,""3"":0}"		{'confidence': 0.1, 'domain': 'unrouted', 'evidence_source': 'keyword', 'evidence_span': '法条竞合', 'label_origin': 'machine_inferred', 'routing_only': True, 'source_level': 'B'}		internal_fragment	1.166667	"{""2023"":1,""2024"":1}"	FXZZ202303004;FXZZ202403012	A1/A2	pending_human_review
98cf85bc38aed287422f	非必然	cross_paper_discovery	bounded_chinese_ngram_maximal_repeat	2	2	2;3	"{""1"":0,""2"":1,""3"":1}"		{'confidence': 0.1, 'domain': 'unrouted', 'evidence_source': 'keyword', 'evidence_span': '信用规制', 'label_origin': 'machine_inferred', 'routing_only': True, 'source_level': 'B'}		internal_fragment	1.166667	"{""2024"":2}"	FXZZ202401005;FXZZ202407001	A1/A2	pending_human_review
b050b0cd55075b71df6a	非正式	cross_paper_discovery	bounded_chinese_ngram_maximal_repeat	2	2	1;2;3	"{""1"":4,""2"":5,""3"":2}"	制度构建	{'confidence': 0.1, 'domain': 'unrouted', 'evidence_source': 'keyword', 'evidence_span': '“农业面源污染防治—碳汇交易”制度', 'label_origin': 'machine_inferred', 'routing_only': True, 'source_level': 'B'}		internal_fragment	0.939394	"{""2023"":11}"	FXZZ202307011;FXZZ202309005	A1/A2	pending_human_review
f8d1e30ffbafb532066f	面临的困境	cross_paper_discovery	bounded_chinese_ngram_maximal_repeat	2	2	1;2	"{""1"":1,""2"":1,""3"":0}"		{'confidence': 0.1, 'domain': 'unrouted', 'evidence_source': 'keyword', 'evidence_span': '知情权', 'label_origin': 'machine_inferred', 'routing_only': True, 'source_level': 'B'}		internal_fragment;low_wordhood_score	0.7	"{""2023"":1,""2024"":1}"	FXZZ202305010;FXZZ202412006	A1/A2	pending_human_review
ba90788ab566f22135db	面临的挑战	cross_paper_discovery	bounded_chinese_ngram_maximal_repeat	2	2	1;2	"{""1"":1,""2"":1,""3"":0}"		{'confidence': 0.1, 'domain': 'unrouted', 'evidence_source': 'keyword', 'evidence_span': '知情权', 'label_origin': 'machine_inferred', 'routing_only': True, 'source_level': 'B'}		internal_fragment;low_wordhood_score	0.7	"{""2023"":1,""2024"":1}"	FXZZ202305010;FXZZ202404013	A1/A2	pending_human_review
c8cdaa1dd3b9fa03719d	项立法	cross_paper_discovery	bounded_chinese_ngram_maximal_repeat	2	2	2	"{""1"":0,""2"":2,""3"":0}"	规范依据	{'confidence': 0.1, 'domain': 'unrouted', 'evidence_source': 'keyword', 'evidence_span': '亲子关系法', 'label_origin': 'machine_inferred', 'routing_only': True, 'source_level': 'B'}		internal_fragment	1.333334	"{""2024"":2}"	FXZZ202406013;FXZZ202412008	A1/A2	pending_human_review
f1a85ce2b12678c0bed5	预防性	cross_paper_discovery	bounded_chinese_ngram_maximal_repeat	2	2	2;3	"{""1"":0,""2"":1,""3"":2}"		{'confidence': 0.1, 'domain': 'unrouted', 'evidence_source': 'keyword', 'evidence_span': '从宽处罚', 'label_origin': 'machine_inferred', 'routing_only': True, 'source_level': 'B'}		internal_fragment	1.111112	"{""2023"":2,""2024"":1}"	FXZZ202305006;FXZZ202403005	A1/A2	pending_human_review
b72225e8b4f5b17e3d3d	题的提	cross_paper_discovery	bounded_chinese_ngram_maximal_repeat	39	39	1	"{""1"":39,""2"":0,""3"":0}"	规范依据	{'confidence': 0.1, 'domain': 'unrouted', 'evidence_source': 'keyword', 'evidence_span': '全面依法治国', 'label_origin': 'machine_inferred', 'routing_only': True, 'source_level': 'B'};{'confidence': 0.66, 'domain': '比较法', 'evidence_source': 'keyword', 'evidence_span': '国际经贸合作', 'label_origin': 'machine_inferred', 'routing_only': True, 'source_level': 'B'};{'confidence': 0.66, 'domain': '规范理论', 'evidence_source': 'keyword', 'evidence_span': '行为规范', 'label_origin': 'machine_inferred', 'routing_only': True, 'source_level': 'B'};{'confidence': 0.68, 'domain': '侵权责任', 'evidence_source': 'keyword', 'evidence_span': '法人单独责任', 'label_origin': 'machine_inferred', 'routing_only': True, 'source_level': 'B'};{'confidence': 0.68, 'domain': '程序法', 'evidence_source': 'keyword', 'evidence_span': '主观程序正义', 'label_origin': 'machine_inferred', 'routing_only': True, 'source_level': 'B'};{'confidence': 0.72, 'domain': '合同法', 'evidence_source': 'keyword', 'evidence_span': '任意解除权', 'label_origin': 'machine_inferred', 'routing_only': True, 'source_level': 'B'}		internal_fragment	13.666667	"{""2023"":26,""2024"":10,""2026"":3}"	FXZZ202301001;FXZZ202302006;FXZZ202302008;FXZZ202302012;FXZZ202303004;FXZZ202303005;FXZZ202303011;FXZZ202305006;FXZZ202305011;FXZZ202306003;FXZZ202306004;FXZZ202306005;FXZZ202306011;FXZZ202306012;FXZZ202308003;FXZZ202308007;FXZZ202308011;FXZZ202308013;FXZZ202309007;FXZZ202309008;FXZZ202310011;FXZZ202311003;FXZZ202311004;FXZZ202311007;FXZZ202312006;FXZZ202312011;FXZZ202403002;FXZZ202403007;FXZZ202404011;FXZZ202405013;FXZZ202406012;FXZZ202406013;FXZZ202407010;FXZZ202412007;FXZZ202412008;FXZZ202412009;FXZZ202607004;FXZZ202607005;FXZZ202607007	A1/A2	pending_human_review
af4c7eec920aa4860496	风险预防	cross_paper_discovery	bounded_chinese_ngram_maximal_repeat	5	5	1;2;3	"{""1"":2,""2"":10,""3"":3}"	制度构建;程序审查	{'confidence': 0.1, 'domain': 'unrouted', 'evidence_source': 'keyword', 'evidence_span': '海洋环境保护', 'label_origin': 'machine_inferred', 'routing_only': True, 'source_level': 'B'};{'confidence': 0.68, 'domain': '侵权责任', 'evidence_source': 'keyword', 'evidence_span': '损害赔偿', 'label_origin': 'machine_inferred', 'routing_only': True, 'source_level': 'B'};{'confidence': 0.68, 'domain': '程序法', 'evidence_source': 'keyword', 'evidence_span': '诉讼时效', 'label_origin': 'machine_inferred', 'routing_only': True, 'source_level': 'B'}		internal_fragment	1.875	"{""2023"":3,""2024"":12}"	FXZZ202302013;FXZZ202310005;FXZZ202401006;FXZZ202404007;FXZZ202406006	A1/A2	pending_human_review
4b4d4109765ec7b866eb	风险预防原则	cross_paper_discovery	bounded_chinese_ngram_maximal_repeat	2	2	2;3	"{""1"":0,""2"":1,""3"":3}"		{'confidence': 0.1, 'domain': 'unrouted', 'evidence_source': 'keyword', 'evidence_span': '通知抵销', 'label_origin': 'machine_inferred', 'routing_only': True, 'source_level': 'B'};{'confidence': 0.68, 'domain': '程序法', 'evidence_source': 'keyword', 'evidence_span': '诉讼时效', 'label_origin': 'machine_inferred', 'routing_only': True, 'source_level': 'B'}		internal_fragment;low_wordhood_score	0.666666	"{""2024"":4}"	FXZZ202404007;FXZZ202406006	A1/A2	pending_human_review
64d3a3f0ec5323658ccc	马克思	cross_paper_discovery	bounded_chinese_ngram_maximal_repeat	5	5	1;2;3	"{""1"":3,""2"":6,""3"":1}"		{'confidence': 0.1, 'domain': 'unrouted', 'evidence_source': 'keyword', 'evidence_span': '依宪执政', 'label_origin': 'machine_inferred', 'routing_only': True, 'source_level': 'B'}		internal_fragment	2.25	"{""2023"":1,""2024"":6,""2025"":1,""2026"":2}"	FXZZ202303001;FXZZ202401002;FXZZ202405002;FXZZ202501004;FXZZ202607001	A1/A2	pending_human_review
25995427f80e8cc9d0c5	马克思主义	cross_paper_discovery	bounded_chinese_ngram_maximal_repeat	4	4	1;2;3	"{""1"":2,""2"":6,""3"":1}"		{'confidence': 0.1, 'domain': 'unrouted', 'evidence_source': 'keyword', 'evidence_span': '依宪执政', 'label_origin': 'machine_inferred', 'routing_only': True, 'source_level': 'B'}		internal_fragment	1.155556	"{""2023"":1,""2024"":6,""2026"":2}"	FXZZ202303001;FXZZ202401002;FXZZ202405002;FXZZ202607001	A1/A2	pending_human_review
6c942af0e3eb6aefba87	马克思主义法治理论	cross_paper_discovery	bounded_chinese_ngram_maximal_repeat	2	2	1;2	"{""1"":2,""2"":5,""3"":0}"		{'confidence': 0.1, 'domain': 'unrouted', 'evidence_source': 'keyword', 'evidence_span': '数字正义', 'label_origin': 'machine_inferred', 'routing_only': True, 'source_level': 'B'}		internal_fragment;low_wordhood_score	0.349206	"{""2024"":5,""2026"":2}"	FXZZ202401002;FXZZ202607001	A1/A2	pending_human_review
a9da49f4f950698aa1b3	高司法	cross_paper_discovery	bounded_chinese_ngram_maximal_repeat	2	2	1;2	"{""1"":1,""2"":1,""3"":0}"	规范依据	{'confidence': 0.1, 'domain': 'unrouted', 'evidence_source': 'keyword', 'evidence_span': '立法法', 'label_origin': 'machine_inferred', 'routing_only': True, 'source_level': 'B'}		internal_fragment	1.333334	"{""2023"":1,""2024"":1}"	FXZZ202307004;FXZZ202404002	A1/A2	pending_human_review
